[2026-06-25 00:00:24] 📥 Dados recebidos do PayHubr
Dados: {
    "raw": "{\"orderId\":\"b8bc218d-98db-49ad-a428-d2f689254d43\",\"platform\":\"MinhaPlataforma\",\"paymentMethod\":\"pix\",\"status\":\"waiting_payment\",\"createdAt\":\"2026-06-24 21:00:24\",\"approvedDate\":null,\"refundedAt\":null,\"customer\":{\"name\":\"Gabriel Lima Soares\",\"email\":\"gabriel.lima.soares@gmail.com\",\"phone\":null,\"document\":\"03561677207\",\"country\":\"BR\",\"ip\":\"177.20.245.24\"},\"products\":[{\"id\":\"PROD_6a3c6f98bbb09\",\"name\":\"Corre\",\"planId\":null,\"planName\":null,\"quantity\":1,\"priceInCents\":8500}],\"trackingParameters\":{\"utm_source\":\"FBjLj6a3c477d52087fade9b7d32b\",\"utm_medium\":\"ADV|120252204592460045\",\"utm_campaign\":\"CTV 01 PND \\u2014 C\\u00f3pia|120252204592340045\",\"utm_content\":\"AD|120252204592630045\",\"utm_term\":\"Facebook_Mobile_Feed\"},\"commission\":{\"totalPriceInCents\":8500,\"gatewayFeeInCents\":0,\"userCommissionInCents\":8500},\"isTest\":false}"
}
----------------------------------------
[2026-06-25 00:00:24] 🔄 Processando dados recebidos
Dados: {
    "orderId": "b8bc218d-98db-49ad-a428-d2f689254d43",
    "platform": "MinhaPlataforma",
    "paymentMethod": "pix",
    "status": "waiting_payment",
    "createdAt": "2026-06-24 21:00:24",
    "approvedDate": null,
    "refundedAt": null,
    "customer": {
        "name": "Gabriel Lima Soares",
        "email": "gabriel.lima.soares@gmail.com",
        "phone": null,
        "document": "03561677207",
        "country": "BR",
        "ip": "177.20.245.24"
    },
    "products": [
        {
            "id": "PROD_6a3c6f98bbb09",
            "name": "Corre",
            "planId": null,
            "planName": null,
            "quantity": 1,
            "priceInCents": 8500
        }
    ],
    "trackingParameters": {
        "utm_source": "FBjLj6a3c477d52087fade9b7d32b",
        "utm_medium": "ADV|120252204592460045",
        "utm_campaign": "CTV 01 PND \u2014 C\u00f3pia|120252204592340045",
        "utm_content": "AD|120252204592630045",
        "utm_term": "Facebook_Mobile_Feed"
    },
    "commission": {
        "totalPriceInCents": 8500,
        "gatewayFeeInCents": 0,
        "userCommissionInCents": 8500
    },
    "isTest": false
}
----------------------------------------
[2026-06-25 00:00:24] 📤 Dados formatados para Utmify
Dados: {
    "orderId": "b8bc218d-98db-49ad-a428-d2f689254d43",
    "platform": "PayHubr",
    "paymentMethod": "pix",
    "status": "waiting_payment",
    "createdAt": "2026-06-25 00:00:24",
    "approvedDate": null,
    "refundedAt": null,
    "customer": {
        "name": "Gabriel Lima Soares",
        "email": "gabriel.lima.soares@gmail.com",
        "phone": null,
        "document": "03561677207",
        "country": "BR",
        "ip": "78.40.143.130"
    },
    "products": [
        {
            "id": "PROD_6a3c6f98bbb09",
            "name": "Corre",
            "planId": null,
            "planName": null,
            "quantity": 1,
            "priceInCents": 8500
        }
    ],
    "trackingParameters": {
        "src": null,
        "sck": null,
        "utm_source": "FBjLj6a3c477d52087fade9b7d32b",
        "utm_campaign": "CTV 01 PND \u2014 C\u00f3pia|120252204592340045",
        "utm_medium": "ADV|120252204592460045",
        "utm_content": "AD|120252204592630045",
        "utm_term": "Facebook_Mobile_Feed",
        "xcod": null,
        "fbclid": null,
        "gclid": null,
        "ttclid": null
    },
    "commission": {
        "totalPriceInCents": 8500,
        "gatewayFeeInCents": 0,
        "userCommissionInCents": 8500
    },
    "isTest": false
}
----------------------------------------
[2026-06-25 00:00:24] 📡 Enviando requisição para Utmify
Dados: {
    "url": "https:\/\/api.utmify.com.br\/api-credentials\/orders",
    "headers": [
        "Content-Type: application\/json",
        "x-api-token: [REDACTED]"
    ]
}
----------------------------------------
[2026-06-25 00:00:25] ✅ Resposta da API Utmify
Dados: {
    "http_code": 404,
    "response": {
        "OK": false,
        "data": {
            "type": "API_CREDENTIAL"
        },
        "result": "ERROR",
        "statusCode": 404,
        "message": "API_CREDENTIAL_NOT_FOUND"
    }
}
----------------------------------------
[2026-06-25 00:00:25] ❌ Erro
Dados: {
    "message": "Erro na API Utmify. HTTP Code: 404"
}
----------------------------------------
[2026-06-25 00:01:05] 📥 Dados recebidos do PayHubr
Dados: {
    "raw": "{\"orderId\":\"1a861889-fca3-4b74-a01c-9365e85057e9\",\"platform\":\"MinhaPlataforma\",\"paymentMethod\":\"pix\",\"status\":\"waiting_payment\",\"createdAt\":\"2026-06-24 21:01:04\",\"approvedDate\":null,\"refundedAt\":null,\"customer\":{\"name\":\"Pedro Souza Carvalho\",\"email\":\"pedro.souza.carvalho@gmail.com\",\"phone\":null,\"document\":\"15018952490\",\"country\":\"BR\",\"ip\":\"2804:389:a114:3505:28e2:e2ff:fe7d:9762\"},\"products\":[{\"id\":\"PROD_6a3c6fc0e34c4\",\"name\":\"Corre\",\"planId\":null,\"planName\":null,\"quantity\":1,\"priceInCents\":8500}],\"trackingParameters\":{\"utm_source\":\"FBjLj6a3c6ea088be114dbd23e4cc\",\"utm_medium\":\"ADV|120252149656440045\",\"utm_campaign\":\"CTV 01 PND|120252149656460045\",\"utm_content\":\"AD|120252149656450045\",\"utm_term\":\"Instagram_Stories\"},\"commission\":{\"totalPriceInCents\":8500,\"gatewayFeeInCents\":0,\"userCommissionInCents\":8500},\"isTest\":false}"
}
----------------------------------------
[2026-06-25 00:01:05] 🔄 Processando dados recebidos
Dados: {
    "orderId": "1a861889-fca3-4b74-a01c-9365e85057e9",
    "platform": "MinhaPlataforma",
    "paymentMethod": "pix",
    "status": "waiting_payment",
    "createdAt": "2026-06-24 21:01:04",
    "approvedDate": null,
    "refundedAt": null,
    "customer": {
        "name": "Pedro Souza Carvalho",
        "email": "pedro.souza.carvalho@gmail.com",
        "phone": null,
        "document": "15018952490",
        "country": "BR",
        "ip": "2804:389:a114:3505:28e2:e2ff:fe7d:9762"
    },
    "products": [
        {
            "id": "PROD_6a3c6fc0e34c4",
            "name": "Corre",
            "planId": null,
            "planName": null,
            "quantity": 1,
            "priceInCents": 8500
        }
    ],
    "trackingParameters": {
        "utm_source": "FBjLj6a3c6ea088be114dbd23e4cc",
        "utm_medium": "ADV|120252149656440045",
        "utm_campaign": "CTV 01 PND|120252149656460045",
        "utm_content": "AD|120252149656450045",
        "utm_term": "Instagram_Stories"
    },
    "commission": {
        "totalPriceInCents": 8500,
        "gatewayFeeInCents": 0,
        "userCommissionInCents": 8500
    },
    "isTest": false
}
----------------------------------------
[2026-06-25 00:01:05] 📤 Dados formatados para Utmify
Dados: {
    "orderId": "1a861889-fca3-4b74-a01c-9365e85057e9",
    "platform": "PayHubr",
    "paymentMethod": "pix",
    "status": "waiting_payment",
    "createdAt": "2026-06-25 00:01:05",
    "approvedDate": null,
    "refundedAt": null,
    "customer": {
        "name": "Pedro Souza Carvalho",
        "email": "pedro.souza.carvalho@gmail.com",
        "phone": null,
        "document": "15018952490",
        "country": "BR",
        "ip": "78.40.143.130"
    },
    "products": [
        {
            "id": "PROD_6a3c6fc0e34c4",
            "name": "Corre",
            "planId": null,
            "planName": null,
            "quantity": 1,
            "priceInCents": 8500
        }
    ],
    "trackingParameters": {
        "src": null,
        "sck": null,
        "utm_source": "FBjLj6a3c6ea088be114dbd23e4cc",
        "utm_campaign": "CTV 01 PND|120252149656460045",
        "utm_medium": "ADV|120252149656440045",
        "utm_content": "AD|120252149656450045",
        "utm_term": "Instagram_Stories",
        "xcod": null,
        "fbclid": null,
        "gclid": null,
        "ttclid": null
    },
    "commission": {
        "totalPriceInCents": 8500,
        "gatewayFeeInCents": 0,
        "userCommissionInCents": 8500
    },
    "isTest": false
}
----------------------------------------
[2026-06-25 00:01:05] 📡 Enviando requisição para Utmify
Dados: {
    "url": "https:\/\/api.utmify.com.br\/api-credentials\/orders",
    "headers": [
        "Content-Type: application\/json",
        "x-api-token: [REDACTED]"
    ]
}
----------------------------------------
[2026-06-25 00:01:05] ✅ Resposta da API Utmify
Dados: {
    "http_code": 404,
    "response": {
        "OK": false,
        "data": {
            "type": "API_CREDENTIAL"
        },
        "result": "ERROR",
        "statusCode": 404,
        "message": "API_CREDENTIAL_NOT_FOUND"
    }
}
----------------------------------------
[2026-06-25 00:01:05] ❌ Erro
Dados: {
    "message": "Erro na API Utmify. HTTP Code: 404"
}
----------------------------------------
[2026-06-25 00:01:54] 📥 Dados recebidos do PayHubr
Dados: {
    "raw": "{\"orderId\":\"56c6d36f-9893-4407-beb6-38a6a2df50e6\",\"platform\":\"MinhaPlataforma\",\"paymentMethod\":\"pix\",\"status\":\"waiting_payment\",\"createdAt\":\"2026-06-24 21:01:54\",\"approvedDate\":null,\"refundedAt\":null,\"customer\":{\"name\":\"Gustavo Gomes Ribeiro\",\"email\":\"gustavo.gomes.ribeiro@gmail.com\",\"phone\":null,\"document\":\"11029888205\",\"country\":\"BR\",\"ip\":\"2804:2cb0:4025:fa00:84ed:a15d:fe96:2c5d\"},\"products\":[{\"id\":\"PROD_6a3c6ff26600a\",\"name\":\"Corre\",\"planId\":null,\"planName\":null,\"quantity\":1,\"priceInCents\":8500}],\"trackingParameters\":{\"utm_source\":\"FBjLj6a3c6f0788be114dbd241b9c\",\"utm_medium\":\"ADV|120252229294410045\",\"utm_campaign\":\"CTV 01 PND \\u2014 C\\u00f3pia|120252229294530045\",\"utm_content\":\"AD|120252229293880045\",\"utm_term\":\"Facebook_Mobile_Feed\"},\"commission\":{\"totalPriceInCents\":8500,\"gatewayFeeInCents\":0,\"userCommissionInCents\":8500},\"isTest\":false}"
}
----------------------------------------
[2026-06-25 00:01:54] 🔄 Processando dados recebidos
Dados: {
    "orderId": "56c6d36f-9893-4407-beb6-38a6a2df50e6",
    "platform": "MinhaPlataforma",
    "paymentMethod": "pix",
    "status": "waiting_payment",
    "createdAt": "2026-06-24 21:01:54",
    "approvedDate": null,
    "refundedAt": null,
    "customer": {
        "name": "Gustavo Gomes Ribeiro",
        "email": "gustavo.gomes.ribeiro@gmail.com",
        "phone": null,
        "document": "11029888205",
        "country": "BR",
        "ip": "2804:2cb0:4025:fa00:84ed:a15d:fe96:2c5d"
    },
    "products": [
        {
            "id": "PROD_6a3c6ff26600a",
            "name": "Corre",
            "planId": null,
            "planName": null,
            "quantity": 1,
            "priceInCents": 8500
        }
    ],
    "trackingParameters": {
        "utm_source": "FBjLj6a3c6f0788be114dbd241b9c",
        "utm_medium": "ADV|120252229294410045",
        "utm_campaign": "CTV 01 PND \u2014 C\u00f3pia|120252229294530045",
        "utm_content": "AD|120252229293880045",
        "utm_term": "Facebook_Mobile_Feed"
    },
    "commission": {
        "totalPriceInCents": 8500,
        "gatewayFeeInCents": 0,
        "userCommissionInCents": 8500
    },
    "isTest": false
}
----------------------------------------
[2026-06-25 00:01:54] 📤 Dados formatados para Utmify
Dados: {
    "orderId": "56c6d36f-9893-4407-beb6-38a6a2df50e6",
    "platform": "PayHubr",
    "paymentMethod": "pix",
    "status": "waiting_payment",
    "createdAt": "2026-06-25 00:01:54",
    "approvedDate": null,
    "refundedAt": null,
    "customer": {
        "name": "Gustavo Gomes Ribeiro",
        "email": "gustavo.gomes.ribeiro@gmail.com",
        "phone": null,
        "document": "11029888205",
        "country": "BR",
        "ip": "78.40.143.130"
    },
    "products": [
        {
            "id": "PROD_6a3c6ff26600a",
            "name": "Corre",
            "planId": null,
            "planName": null,
            "quantity": 1,
            "priceInCents": 8500
        }
    ],
    "trackingParameters": {
        "src": null,
        "sck": null,
        "utm_source": "FBjLj6a3c6f0788be114dbd241b9c",
        "utm_campaign": "CTV 01 PND \u2014 C\u00f3pia|120252229294530045",
        "utm_medium": "ADV|120252229294410045",
        "utm_content": "AD|120252229293880045",
        "utm_term": "Facebook_Mobile_Feed",
        "xcod": null,
        "fbclid": null,
        "gclid": null,
        "ttclid": null
    },
    "commission": {
        "totalPriceInCents": 8500,
        "gatewayFeeInCents": 0,
        "userCommissionInCents": 8500
    },
    "isTest": false
}
----------------------------------------
[2026-06-25 00:01:54] 📡 Enviando requisição para Utmify
Dados: {
    "url": "https:\/\/api.utmify.com.br\/api-credentials\/orders",
    "headers": [
        "Content-Type: application\/json",
        "x-api-token: [REDACTED]"
    ]
}
----------------------------------------
[2026-06-25 00:01:54] ✅ Resposta da API Utmify
Dados: {
    "http_code": 404,
    "response": {
        "OK": false,
        "data": {
            "type": "API_CREDENTIAL"
        },
        "result": "ERROR",
        "statusCode": 404,
        "message": "API_CREDENTIAL_NOT_FOUND"
    }
}
----------------------------------------
[2026-06-25 00:01:54] ❌ Erro
Dados: {
    "message": "Erro na API Utmify. HTTP Code: 404"
}
----------------------------------------
[2026-06-25 00:03:05] 📥 Dados recebidos do PayHubr
Dados: {
    "raw": "{\"orderId\":\"bafc3bdf-a566-4ebd-8ca8-dc5758ef29c4\",\"platform\":\"MinhaPlataforma\",\"paymentMethod\":\"pix\",\"status\":\"waiting_payment\",\"createdAt\":\"2026-06-24 21:03:05\",\"approvedDate\":null,\"refundedAt\":null,\"customer\":{\"name\":\"Bernardo Lopes Santos\",\"email\":\"bernardo.lopes.santos@gmail.com\",\"phone\":null,\"document\":\"20273153650\",\"country\":\"BR\",\"ip\":\"2804:14d:5c65:62ea:5099:eb86:7fbb:2444\"},\"products\":[{\"id\":\"PROD_6a3c7039ba203\",\"name\":\"Corre\",\"planId\":null,\"planName\":null,\"quantity\":1,\"priceInCents\":8500}],\"trackingParameters\":{\"utm_source\":\"FBjLj6a3c63f3a2f084d0de72af54\",\"utm_medium\":\"ADV|120252149656440045\",\"utm_campaign\":\"CTV 01 PND|120252149656460045\",\"utm_content\":\"AD|120252149656450045\",\"utm_term\":\"Instagram_Stories\"},\"commission\":{\"totalPriceInCents\":8500,\"gatewayFeeInCents\":0,\"userCommissionInCents\":8500},\"isTest\":false}"
}
----------------------------------------
[2026-06-25 00:03:05] 🔄 Processando dados recebidos
Dados: {
    "orderId": "bafc3bdf-a566-4ebd-8ca8-dc5758ef29c4",
    "platform": "MinhaPlataforma",
    "paymentMethod": "pix",
    "status": "waiting_payment",
    "createdAt": "2026-06-24 21:03:05",
    "approvedDate": null,
    "refundedAt": null,
    "customer": {
        "name": "Bernardo Lopes Santos",
        "email": "bernardo.lopes.santos@gmail.com",
        "phone": null,
        "document": "20273153650",
        "country": "BR",
        "ip": "2804:14d:5c65:62ea:5099:eb86:7fbb:2444"
    },
    "products": [
        {
            "id": "PROD_6a3c7039ba203",
            "name": "Corre",
            "planId": null,
            "planName": null,
            "quantity": 1,
            "priceInCents": 8500
        }
    ],
    "trackingParameters": {
        "utm_source": "FBjLj6a3c63f3a2f084d0de72af54",
        "utm_medium": "ADV|120252149656440045",
        "utm_campaign": "CTV 01 PND|120252149656460045",
        "utm_content": "AD|120252149656450045",
        "utm_term": "Instagram_Stories"
    },
    "commission": {
        "totalPriceInCents": 8500,
        "gatewayFeeInCents": 0,
        "userCommissionInCents": 8500
    },
    "isTest": false
}
----------------------------------------
[2026-06-25 00:03:05] 📤 Dados formatados para Utmify
Dados: {
    "orderId": "bafc3bdf-a566-4ebd-8ca8-dc5758ef29c4",
    "platform": "PayHubr",
    "paymentMethod": "pix",
    "status": "waiting_payment",
    "createdAt": "2026-06-25 00:03:05",
    "approvedDate": null,
    "refundedAt": null,
    "customer": {
        "name": "Bernardo Lopes Santos",
        "email": "bernardo.lopes.santos@gmail.com",
        "phone": null,
        "document": "20273153650",
        "country": "BR",
        "ip": "78.40.143.130"
    },
    "products": [
        {
            "id": "PROD_6a3c7039ba203",
            "name": "Corre",
            "planId": null,
            "planName": null,
            "quantity": 1,
            "priceInCents": 8500
        }
    ],
    "trackingParameters": {
        "src": null,
        "sck": null,
        "utm_source": "FBjLj6a3c63f3a2f084d0de72af54",
        "utm_campaign": "CTV 01 PND|120252149656460045",
        "utm_medium": "ADV|120252149656440045",
        "utm_content": "AD|120252149656450045",
        "utm_term": "Instagram_Stories",
        "xcod": null,
        "fbclid": null,
        "gclid": null,
        "ttclid": null
    },
    "commission": {
        "totalPriceInCents": 8500,
        "gatewayFeeInCents": 0,
        "userCommissionInCents": 8500
    },
    "isTest": false
}
----------------------------------------
[2026-06-25 00:03:05] 📡 Enviando requisição para Utmify
Dados: {
    "url": "https:\/\/api.utmify.com.br\/api-credentials\/orders",
    "headers": [
        "Content-Type: application\/json",
        "x-api-token: [REDACTED]"
    ]
}
----------------------------------------
[2026-06-25 00:03:06] ✅ Resposta da API Utmify
Dados: {
    "http_code": 404,
    "response": {
        "OK": false,
        "data": {
            "type": "API_CREDENTIAL"
        },
        "result": "ERROR",
        "statusCode": 404,
        "message": "API_CREDENTIAL_NOT_FOUND"
    }
}
----------------------------------------
[2026-06-25 00:03:06] ❌ Erro
Dados: {
    "message": "Erro na API Utmify. HTTP Code: 404"
}
----------------------------------------
[2026-06-25 00:04:23] 📥 Dados recebidos do PayHubr
Dados: {
    "raw": "{\"orderId\":\"50d957a7-3e00-45e1-a0f3-e2f24a8d30b1\",\"platform\":\"MinhaPlataforma\",\"paymentMethod\":\"pix\",\"status\":\"waiting_payment\",\"createdAt\":\"2026-06-24 21:04:23\",\"approvedDate\":null,\"refundedAt\":null,\"customer\":{\"name\":\"Beatriz Lima Almeida\",\"email\":\"beatriz.lima.almeida@gmail.com\",\"phone\":null,\"document\":\"53719176673\",\"country\":\"BR\",\"ip\":\"2804:14d:5c65:62ea:5099:eb86:7fbb:2444\"},\"products\":[{\"id\":\"PROD_6a3c7087c9bc2\",\"name\":\"Corre\",\"planId\":null,\"planName\":null,\"quantity\":1,\"priceInCents\":8500}],\"trackingParameters\":{\"utm_source\":\"FBjLj6a3c63f3a2f084d0de72af54\",\"utm_medium\":\"ADV|120252149656440045\",\"utm_campaign\":\"CTV 01 PND|120252149656460045\",\"utm_content\":\"AD|120252149656450045\",\"utm_term\":\"Instagram_Stories\"},\"commission\":{\"totalPriceInCents\":8500,\"gatewayFeeInCents\":0,\"userCommissionInCents\":8500},\"isTest\":false}"
}
----------------------------------------
[2026-06-25 00:04:23] 🔄 Processando dados recebidos
Dados: {
    "orderId": "50d957a7-3e00-45e1-a0f3-e2f24a8d30b1",
    "platform": "MinhaPlataforma",
    "paymentMethod": "pix",
    "status": "waiting_payment",
    "createdAt": "2026-06-24 21:04:23",
    "approvedDate": null,
    "refundedAt": null,
    "customer": {
        "name": "Beatriz Lima Almeida",
        "email": "beatriz.lima.almeida@gmail.com",
        "phone": null,
        "document": "53719176673",
        "country": "BR",
        "ip": "2804:14d:5c65:62ea:5099:eb86:7fbb:2444"
    },
    "products": [
        {
            "id": "PROD_6a3c7087c9bc2",
            "name": "Corre",
            "planId": null,
            "planName": null,
            "quantity": 1,
            "priceInCents": 8500
        }
    ],
    "trackingParameters": {
        "utm_source": "FBjLj6a3c63f3a2f084d0de72af54",
        "utm_medium": "ADV|120252149656440045",
        "utm_campaign": "CTV 01 PND|120252149656460045",
        "utm_content": "AD|120252149656450045",
        "utm_term": "Instagram_Stories"
    },
    "commission": {
        "totalPriceInCents": 8500,
        "gatewayFeeInCents": 0,
        "userCommissionInCents": 8500
    },
    "isTest": false
}
----------------------------------------
[2026-06-25 00:04:23] 📤 Dados formatados para Utmify
Dados: {
    "orderId": "50d957a7-3e00-45e1-a0f3-e2f24a8d30b1",
    "platform": "PayHubr",
    "paymentMethod": "pix",
    "status": "waiting_payment",
    "createdAt": "2026-06-25 00:04:23",
    "approvedDate": null,
    "refundedAt": null,
    "customer": {
        "name": "Beatriz Lima Almeida",
        "email": "beatriz.lima.almeida@gmail.com",
        "phone": null,
        "document": "53719176673",
        "country": "BR",
        "ip": "78.40.143.130"
    },
    "products": [
        {
            "id": "PROD_6a3c7087c9bc2",
            "name": "Corre",
            "planId": null,
            "planName": null,
            "quantity": 1,
            "priceInCents": 8500
        }
    ],
    "trackingParameters": {
        "src": null,
        "sck": null,
        "utm_source": "FBjLj6a3c63f3a2f084d0de72af54",
        "utm_campaign": "CTV 01 PND|120252149656460045",
        "utm_medium": "ADV|120252149656440045",
        "utm_content": "AD|120252149656450045",
        "utm_term": "Instagram_Stories",
        "xcod": null,
        "fbclid": null,
        "gclid": null,
        "ttclid": null
    },
    "commission": {
        "totalPriceInCents": 8500,
        "gatewayFeeInCents": 0,
        "userCommissionInCents": 8500
    },
    "isTest": false
}
----------------------------------------
[2026-06-25 00:04:23] 📡 Enviando requisição para Utmify
Dados: {
    "url": "https:\/\/api.utmify.com.br\/api-credentials\/orders",
    "headers": [
        "Content-Type: application\/json",
        "x-api-token: [REDACTED]"
    ]
}
----------------------------------------
[2026-06-25 00:04:24] ✅ Resposta da API Utmify
Dados: {
    "http_code": 404,
    "response": {
        "OK": false,
        "data": {
            "type": "API_CREDENTIAL"
        },
        "result": "ERROR",
        "statusCode": 404,
        "message": "API_CREDENTIAL_NOT_FOUND"
    }
}
----------------------------------------
[2026-06-25 00:04:24] ❌ Erro
Dados: {
    "message": "Erro na API Utmify. HTTP Code: 404"
}
----------------------------------------
[2026-06-25 00:04:27] 📥 Dados recebidos do PayHubr
Dados: {
    "raw": "{\"orderId\":\"b5996bbd-7ba6-4ff0-835d-f7bdb90349f3\",\"platform\":\"MinhaPlataforma\",\"paymentMethod\":\"pix\",\"status\":\"waiting_payment\",\"createdAt\":\"2026-06-24 21:04:27\",\"approvedDate\":null,\"refundedAt\":null,\"customer\":{\"name\":\"Beatriz Oliveira Santos\",\"email\":\"beatriz.oliveira.santos@gmail.com\",\"phone\":null,\"document\":\"33523129150\",\"country\":\"BR\",\"ip\":\"66.249.88.103\"},\"products\":[{\"id\":\"PROD_6a3c708b1368d\",\"name\":\"Corre\",\"planId\":null,\"planName\":null,\"quantity\":1,\"priceInCents\":8500}],\"trackingParameters\":{\"utm_source\":\"FBjLj6a3c63f3a2f084d0de72af54\",\"utm_medium\":\"ADV|120252149656440045\",\"utm_campaign\":\"CTV 01 PND|120252149656460045\",\"utm_content\":\"AD|120252149656450045\",\"utm_term\":\"Instagram_Stories\"},\"commission\":{\"totalPriceInCents\":8500,\"gatewayFeeInCents\":0,\"userCommissionInCents\":8500},\"isTest\":false}"
}
----------------------------------------
[2026-06-25 00:04:27] 🔄 Processando dados recebidos
Dados: {
    "orderId": "b5996bbd-7ba6-4ff0-835d-f7bdb90349f3",
    "platform": "MinhaPlataforma",
    "paymentMethod": "pix",
    "status": "waiting_payment",
    "createdAt": "2026-06-24 21:04:27",
    "approvedDate": null,
    "refundedAt": null,
    "customer": {
        "name": "Beatriz Oliveira Santos",
        "email": "beatriz.oliveira.santos@gmail.com",
        "phone": null,
        "document": "33523129150",
        "country": "BR",
        "ip": "66.249.88.103"
    },
    "products": [
        {
            "id": "PROD_6a3c708b1368d",
            "name": "Corre",
            "planId": null,
            "planName": null,
            "quantity": 1,
            "priceInCents": 8500
        }
    ],
    "trackingParameters": {
        "utm_source": "FBjLj6a3c63f3a2f084d0de72af54",
        "utm_medium": "ADV|120252149656440045",
        "utm_campaign": "CTV 01 PND|120252149656460045",
        "utm_content": "AD|120252149656450045",
        "utm_term": "Instagram_Stories"
    },
    "commission": {
        "totalPriceInCents": 8500,
        "gatewayFeeInCents": 0,
        "userCommissionInCents": 8500
    },
    "isTest": false
}
----------------------------------------
[2026-06-25 00:04:27] 📤 Dados formatados para Utmify
Dados: {
    "orderId": "b5996bbd-7ba6-4ff0-835d-f7bdb90349f3",
    "platform": "PayHubr",
    "paymentMethod": "pix",
    "status": "waiting_payment",
    "createdAt": "2026-06-25 00:04:27",
    "approvedDate": null,
    "refundedAt": null,
    "customer": {
        "name": "Beatriz Oliveira Santos",
        "email": "beatriz.oliveira.santos@gmail.com",
        "phone": null,
        "document": "33523129150",
        "country": "BR",
        "ip": "78.40.143.130"
    },
    "products": [
        {
            "id": "PROD_6a3c708b1368d",
            "name": "Corre",
            "planId": null,
            "planName": null,
            "quantity": 1,
            "priceInCents": 8500
        }
    ],
    "trackingParameters": {
        "src": null,
        "sck": null,
        "utm_source": "FBjLj6a3c63f3a2f084d0de72af54",
        "utm_campaign": "CTV 01 PND|120252149656460045",
        "utm_medium": "ADV|120252149656440045",
        "utm_content": "AD|120252149656450045",
        "utm_term": "Instagram_Stories",
        "xcod": null,
        "fbclid": null,
        "gclid": null,
        "ttclid": null
    },
    "commission": {
        "totalPriceInCents": 8500,
        "gatewayFeeInCents": 0,
        "userCommissionInCents": 8500
    },
    "isTest": false
}
----------------------------------------
[2026-06-25 00:04:27] 📡 Enviando requisição para Utmify
Dados: {
    "url": "https:\/\/api.utmify.com.br\/api-credentials\/orders",
    "headers": [
        "Content-Type: application\/json",
        "x-api-token: [REDACTED]"
    ]
}
----------------------------------------
[2026-06-25 00:04:27] ✅ Resposta da API Utmify
Dados: {
    "http_code": 404,
    "response": {
        "OK": false,
        "data": {
            "type": "API_CREDENTIAL"
        },
        "result": "ERROR",
        "statusCode": 404,
        "message": "API_CREDENTIAL_NOT_FOUND"
    }
}
----------------------------------------
[2026-06-25 00:04:27] ❌ Erro
Dados: {
    "message": "Erro na API Utmify. HTTP Code: 404"
}
----------------------------------------
[2026-06-25 00:05:08] 📥 Dados recebidos do PayHubr
Dados: {
    "raw": "{\"orderId\":8692943,\"platform\":\"MinhaPlataforma\",\"paymentMethod\":\"pix\",\"status\":\"waiting_payment\",\"createdAt\":\"2026-06-24 21:05:08\",\"approvedDate\":null,\"refundedAt\":null,\"customer\":{\"name\":\"Helena Martins Silva\",\"email\":\"helena.martins.silva@email.com\",\"phone\":\"11999999999\",\"document\":\"90921111550\",\"country\":\"BR\",\"ip\":\"2804:214:818f:499b:24f6:fcce:eb59:91a5\",\"userAgent\":\"Mozilla\\\/5.0 (iPhone; CPU iPhone OS 18_7 like Mac OS X) AppleWebKit\\\/605.1.15 (KHTML, like Gecko) Version\\\/18.7.6 Mobile\\\/15E148 Safari\\\/604.1\",\"externalId\":8692943,\"fbp\":null,\"fbc\":null},\"products\":[{\"id\":\"PROD_6a3c70b4cd8ac\",\"name\":\"Produto 85\",\"planId\":null,\"planName\":null,\"quantity\":1,\"priceInCents\":\"8500\"}],\"trackingParameters\":{\"utm_source\":\"FBjLj6a3c60d67c488b572ec4a29d\",\"utm_medium\":\"ADV|120247856080700647\",\"utm_campaign\":\"CTV 11- PND \\u2014 C\\u00f3pia|120247856081070647\",\"utm_content\":\"AD|120247856080720647\",\"utm_term\":\"Instagram_Stories\"},\"commission\":{\"totalPriceInCents\":\"8500\",\"gatewayFeeInCents\":0,\"userCommissionInCents\":\"8500\"},\"isTest\":false}"
}
----------------------------------------
[2026-06-25 00:05:08] 🔄 Processando dados recebidos
Dados: {
    "orderId": 8692943,
    "platform": "MinhaPlataforma",
    "paymentMethod": "pix",
    "status": "waiting_payment",
    "createdAt": "2026-06-24 21:05:08",
    "approvedDate": null,
    "refundedAt": null,
    "customer": {
        "name": "Helena Martins Silva",
        "email": "helena.martins.silva@email.com",
        "phone": "11999999999",
        "document": "90921111550",
        "country": "BR",
        "ip": "2804:214:818f:499b:24f6:fcce:eb59:91a5",
        "userAgent": "Mozilla\/5.0 (iPhone; CPU iPhone OS 18_7 like Mac OS X) AppleWebKit\/605.1.15 (KHTML, like Gecko) Version\/18.7.6 Mobile\/15E148 Safari\/604.1",
        "externalId": 8692943,
        "fbp": null,
        "fbc": null
    },
    "products": [
        {
            "id": "PROD_6a3c70b4cd8ac",
            "name": "Produto 85",
            "planId": null,
            "planName": null,
            "quantity": 1,
            "priceInCents": "8500"
        }
    ],
    "trackingParameters": {
        "utm_source": "FBjLj6a3c60d67c488b572ec4a29d",
        "utm_medium": "ADV|120247856080700647",
        "utm_campaign": "CTV 11- PND \u2014 C\u00f3pia|120247856081070647",
        "utm_content": "AD|120247856080720647",
        "utm_term": "Instagram_Stories"
    },
    "commission": {
        "totalPriceInCents": "8500",
        "gatewayFeeInCents": 0,
        "userCommissionInCents": "8500"
    },
    "isTest": false
}
----------------------------------------
[2026-06-25 00:05:08] 📤 Dados formatados para Utmify
Dados: {
    "orderId": 8692943,
    "platform": "PayHubr",
    "paymentMethod": "pix",
    "status": "waiting_payment",
    "createdAt": "2026-06-25 00:05:08",
    "approvedDate": null,
    "refundedAt": null,
    "customer": {
        "name": "Helena Martins Silva",
        "email": "helena.martins.silva@email.com",
        "phone": null,
        "document": "90921111550",
        "country": "BR",
        "ip": "78.40.143.130"
    },
    "products": [
        {
            "id": "PROD_6a3c70b4cd8ac",
            "name": "Produto 85",
            "planId": null,
            "planName": null,
            "quantity": 1,
            "priceInCents": "8500"
        }
    ],
    "trackingParameters": {
        "src": null,
        "sck": null,
        "utm_source": "FBjLj6a3c60d67c488b572ec4a29d",
        "utm_campaign": "CTV 11- PND \u2014 C\u00f3pia|120247856081070647",
        "utm_medium": "ADV|120247856080700647",
        "utm_content": "AD|120247856080720647",
        "utm_term": "Instagram_Stories",
        "xcod": null,
        "fbclid": null,
        "gclid": null,
        "ttclid": null
    },
    "commission": {
        "totalPriceInCents": "8500",
        "gatewayFeeInCents": 0,
        "userCommissionInCents": "8500"
    },
    "isTest": false
}
----------------------------------------
[2026-06-25 00:05:08] 📡 Enviando requisição para Utmify
Dados: {
    "url": "https:\/\/api.utmify.com.br\/api-credentials\/orders",
    "headers": [
        "Content-Type: application\/json",
        "x-api-token: [REDACTED]"
    ]
}
----------------------------------------
[2026-06-25 00:05:09] ✅ Resposta da API Utmify
Dados: {
    "http_code": 404,
    "response": {
        "OK": false,
        "data": {
            "type": "API_CREDENTIAL"
        },
        "result": "ERROR",
        "statusCode": 404,
        "message": "API_CREDENTIAL_NOT_FOUND"
    }
}
----------------------------------------
[2026-06-25 00:05:09] ❌ Erro
Dados: {
    "message": "Erro na API Utmify. HTTP Code: 404"
}
----------------------------------------
[2026-06-25 00:05:30] 📥 Dados recebidos do PayHubr
Dados: {
    "raw": "{\"orderId\":8692951,\"platform\":\"MinhaPlataforma\",\"paymentMethod\":\"pix\",\"status\":\"waiting_payment\",\"createdAt\":\"2026-06-24 21:05:30\",\"approvedDate\":null,\"refundedAt\":null,\"customer\":{\"name\":\"Matheus Costa Santos\",\"email\":\"matheus.costa.santos@email.com\",\"phone\":\"11999999999\",\"document\":\"60393013170\",\"country\":\"BR\",\"ip\":\"2804:1b3:8801:5b4f:4ecb:edf5:2f82:37ea\",\"userAgent\":\"Mozilla\\\/5.0 (Linux; Android 14; Infinix X6881 Build\\\/UP1A.231005.007) AppleWebKit\\\/537.36 (KHTML, like Gecko) Version\\\/4.0 Chrome\\\/149.0.7827.150 Mobile Safari\\\/537.36 [FB_IAB\\\/FB4A;FBAV\\\/566.0.0.48.73;IABMV\\\/1;]\",\"externalId\":8692951,\"fbp\":null,\"fbc\":null},\"products\":[{\"id\":\"PROD_6a3c70caba8e4\",\"name\":\"Produto 85\",\"planId\":null,\"planName\":null,\"quantity\":1,\"priceInCents\":\"8500\"}],\"trackingParameters\":{\"utm_source\":\"jLj6a3c6f9334263042b06843f7\"},\"commission\":{\"totalPriceInCents\":\"8500\",\"gatewayFeeInCents\":0,\"userCommissionInCents\":\"8500\"},\"isTest\":false}"
}
----------------------------------------
[2026-06-25 00:05:30] 🔄 Processando dados recebidos
Dados: {
    "orderId": 8692951,
    "platform": "MinhaPlataforma",
    "paymentMethod": "pix",
    "status": "waiting_payment",
    "createdAt": "2026-06-24 21:05:30",
    "approvedDate": null,
    "refundedAt": null,
    "customer": {
        "name": "Matheus Costa Santos",
        "email": "matheus.costa.santos@email.com",
        "phone": "11999999999",
        "document": "60393013170",
        "country": "BR",
        "ip": "2804:1b3:8801:5b4f:4ecb:edf5:2f82:37ea",
        "userAgent": "Mozilla\/5.0 (Linux; Android 14; Infinix X6881 Build\/UP1A.231005.007) AppleWebKit\/537.36 (KHTML, like Gecko) Version\/4.0 Chrome\/149.0.7827.150 Mobile Safari\/537.36 [FB_IAB\/FB4A;FBAV\/566.0.0.48.73;IABMV\/1;]",
        "externalId": 8692951,
        "fbp": null,
        "fbc": null
    },
    "products": [
        {
            "id": "PROD_6a3c70caba8e4",
            "name": "Produto 85",
            "planId": null,
            "planName": null,
            "quantity": 1,
            "priceInCents": "8500"
        }
    ],
    "trackingParameters": {
        "utm_source": "jLj6a3c6f9334263042b06843f7"
    },
    "commission": {
        "totalPriceInCents": "8500",
        "gatewayFeeInCents": 0,
        "userCommissionInCents": "8500"
    },
    "isTest": false
}
----------------------------------------
[2026-06-25 00:05:30] 📤 Dados formatados para Utmify
Dados: {
    "orderId": 8692951,
    "platform": "PayHubr",
    "paymentMethod": "pix",
    "status": "waiting_payment",
    "createdAt": "2026-06-25 00:05:30",
    "approvedDate": null,
    "refundedAt": null,
    "customer": {
        "name": "Matheus Costa Santos",
        "email": "matheus.costa.santos@email.com",
        "phone": null,
        "document": "60393013170",
        "country": "BR",
        "ip": "78.40.143.130"
    },
    "products": [
        {
            "id": "PROD_6a3c70caba8e4",
            "name": "Produto 85",
            "planId": null,
            "planName": null,
            "quantity": 1,
            "priceInCents": "8500"
        }
    ],
    "trackingParameters": {
        "src": null,
        "sck": null,
        "utm_source": "jLj6a3c6f9334263042b06843f7",
        "utm_campaign": null,
        "utm_medium": null,
        "utm_content": null,
        "utm_term": null,
        "xcod": null,
        "fbclid": null,
        "gclid": null,
        "ttclid": null
    },
    "commission": {
        "totalPriceInCents": "8500",
        "gatewayFeeInCents": 0,
        "userCommissionInCents": "8500"
    },
    "isTest": false
}
----------------------------------------
[2026-06-25 00:05:30] 📡 Enviando requisição para Utmify
Dados: {
    "url": "https:\/\/api.utmify.com.br\/api-credentials\/orders",
    "headers": [
        "Content-Type: application\/json",
        "x-api-token: [REDACTED]"
    ]
}
----------------------------------------
[2026-06-25 00:05:31] ✅ Resposta da API Utmify
Dados: {
    "http_code": 404,
    "response": {
        "OK": false,
        "data": {
            "type": "API_CREDENTIAL"
        },
        "result": "ERROR",
        "statusCode": 404,
        "message": "API_CREDENTIAL_NOT_FOUND"
    }
}
----------------------------------------
[2026-06-25 00:05:31] ❌ Erro
Dados: {
    "message": "Erro na API Utmify. HTTP Code: 404"
}
----------------------------------------
[2026-06-25 00:07:30] 📥 Dados recebidos do PayHubr
Dados: {
    "raw": "{\"orderId\":8692980,\"platform\":\"MinhaPlataforma\",\"paymentMethod\":\"pix\",\"status\":\"waiting_payment\",\"createdAt\":\"2026-06-24 21:07:30\",\"approvedDate\":null,\"refundedAt\":null,\"customer\":{\"name\":\"Alice Vieira Alves\",\"email\":\"alice.vieira.alves@email.com\",\"phone\":\"11999999999\",\"document\":\"04404042663\",\"country\":\"BR\",\"ip\":\"2804:4afc:8502:2000:245c:a28a:ce19:9dfa\",\"userAgent\":\"Mozilla\\\/5.0 (Linux; Android 13; 2201116TG Build\\\/TP1A.220624.014; wv) AppleWebKit\\\/537.36 (KHTML, like Gecko) Version\\\/4.0 Chrome\\\/149.0.7827.159 Mobile Safari\\\/537.36 Instagram 434.0.0.44.74 Android (33\\\/13; 440dpi; 1080x2400; Xiaomi\\\/Redmi; 2201116TG; viva; mt6781; pt_BR; 996255556; IABMV\\\/1)\",\"externalId\":8692980,\"fbp\":null,\"fbc\":null},\"products\":[{\"id\":\"PROD_6a3c714267c43\",\"name\":\"Produto 85\",\"planId\":null,\"planName\":null,\"quantity\":1,\"priceInCents\":\"8500\"}],\"trackingParameters\":{\"utm_source\":\"FBjLj6a3c6fd288be114dbd2479fd\",\"utm_medium\":\"ADV|120252149656440045\",\"utm_campaign\":\"CTV 01 PND|120252149656460045\",\"utm_content\":\"AD|120252149656450045\",\"utm_term\":\"Instagram_Feed\"},\"commission\":{\"totalPriceInCents\":\"8500\",\"gatewayFeeInCents\":0,\"userCommissionInCents\":\"8500\"},\"isTest\":false}"
}
----------------------------------------
[2026-06-25 00:07:30] 🔄 Processando dados recebidos
Dados: {
    "orderId": 8692980,
    "platform": "MinhaPlataforma",
    "paymentMethod": "pix",
    "status": "waiting_payment",
    "createdAt": "2026-06-24 21:07:30",
    "approvedDate": null,
    "refundedAt": null,
    "customer": {
        "name": "Alice Vieira Alves",
        "email": "alice.vieira.alves@email.com",
        "phone": "11999999999",
        "document": "04404042663",
        "country": "BR",
        "ip": "2804:4afc:8502:2000:245c:a28a:ce19:9dfa",
        "userAgent": "Mozilla\/5.0 (Linux; Android 13; 2201116TG Build\/TP1A.220624.014; wv) AppleWebKit\/537.36 (KHTML, like Gecko) Version\/4.0 Chrome\/149.0.7827.159 Mobile Safari\/537.36 Instagram 434.0.0.44.74 Android (33\/13; 440dpi; 1080x2400; Xiaomi\/Redmi; 2201116TG; viva; mt6781; pt_BR; 996255556; IABMV\/1)",
        "externalId": 8692980,
        "fbp": null,
        "fbc": null
    },
    "products": [
        {
            "id": "PROD_6a3c714267c43",
            "name": "Produto 85",
            "planId": null,
            "planName": null,
            "quantity": 1,
            "priceInCents": "8500"
        }
    ],
    "trackingParameters": {
        "utm_source": "FBjLj6a3c6fd288be114dbd2479fd",
        "utm_medium": "ADV|120252149656440045",
        "utm_campaign": "CTV 01 PND|120252149656460045",
        "utm_content": "AD|120252149656450045",
        "utm_term": "Instagram_Feed"
    },
    "commission": {
        "totalPriceInCents": "8500",
        "gatewayFeeInCents": 0,
        "userCommissionInCents": "8500"
    },
    "isTest": false
}
----------------------------------------
[2026-06-25 00:07:30] 📤 Dados formatados para Utmify
Dados: {
    "orderId": 8692980,
    "platform": "PayHubr",
    "paymentMethod": "pix",
    "status": "waiting_payment",
    "createdAt": "2026-06-25 00:07:30",
    "approvedDate": null,
    "refundedAt": null,
    "customer": {
        "name": "Alice Vieira Alves",
        "email": "alice.vieira.alves@email.com",
        "phone": null,
        "document": "04404042663",
        "country": "BR",
        "ip": "78.40.143.130"
    },
    "products": [
        {
            "id": "PROD_6a3c714267c43",
            "name": "Produto 85",
            "planId": null,
            "planName": null,
            "quantity": 1,
            "priceInCents": "8500"
        }
    ],
    "trackingParameters": {
        "src": null,
        "sck": null,
        "utm_source": "FBjLj6a3c6fd288be114dbd2479fd",
        "utm_campaign": "CTV 01 PND|120252149656460045",
        "utm_medium": "ADV|120252149656440045",
        "utm_content": "AD|120252149656450045",
        "utm_term": "Instagram_Feed",
        "xcod": null,
        "fbclid": null,
        "gclid": null,
        "ttclid": null
    },
    "commission": {
        "totalPriceInCents": "8500",
        "gatewayFeeInCents": 0,
        "userCommissionInCents": "8500"
    },
    "isTest": false
}
----------------------------------------
[2026-06-25 00:07:30] 📡 Enviando requisição para Utmify
Dados: {
    "url": "https:\/\/api.utmify.com.br\/api-credentials\/orders",
    "headers": [
        "Content-Type: application\/json",
        "x-api-token: [REDACTED]"
    ]
}
----------------------------------------
[2026-06-25 00:07:30] ✅ Resposta da API Utmify
Dados: {
    "http_code": 404,
    "response": {
        "OK": false,
        "data": {
            "type": "API_CREDENTIAL"
        },
        "result": "ERROR",
        "statusCode": 404,
        "message": "API_CREDENTIAL_NOT_FOUND"
    }
}
----------------------------------------
[2026-06-25 00:07:30] ❌ Erro
Dados: {
    "message": "Erro na API Utmify. HTTP Code: 404"
}
----------------------------------------
[2026-06-25 00:08:03] 📥 Dados recebidos do PayHubr
Dados: {
    "raw": "{\"orderId\":8692989,\"platform\":\"MinhaPlataforma\",\"paymentMethod\":\"pix\",\"status\":\"waiting_payment\",\"createdAt\":\"2026-06-24 21:08:03\",\"approvedDate\":null,\"refundedAt\":null,\"customer\":{\"name\":\"Pedro Ferreira Ferreira\",\"email\":\"pedro.ferreira.ferreira@email.com\",\"phone\":\"11999999999\",\"document\":\"25451393940\",\"country\":\"BR\",\"ip\":\"2804:1b3:ab00:1759:f1b4:f3d3:8ab0:dafe\",\"userAgent\":\"Mozilla\\\/5.0 (Linux; Android 15; SM-G990E Build\\\/AP3A.240905.015.A2; wv) AppleWebKit\\\/537.36 (KHTML, like Gecko) Version\\\/4.0 Chrome\\\/149.0.7827.93 Mobile Safari\\\/537.36 Instagram 434.0.0.44.74 Android (35\\\/15; 480dpi; 1080x2340; samsung; SM-G990E; r9s; exynos2100; pt_BR; 996255295; IABMV\\\/1)\",\"externalId\":8692989,\"fbp\":null,\"fbc\":null},\"products\":[{\"id\":\"PROD_6a3c716327220\",\"name\":\"Produto 85\",\"planId\":null,\"planName\":null,\"quantity\":1,\"priceInCents\":\"8500\"}],\"trackingParameters\":{\"utm_source\":\"FBjLj6a3c70cbcefed09e0b35ad1f\",\"utm_medium\":\"ADV|120252229293900045\",\"utm_campaign\":\"CTV 01 PND \\u2014 C\\u00f3pia|120252229294360045\",\"utm_content\":\"AD|120252229294570045\",\"utm_term\":\"Instagram_Feed\"},\"commission\":{\"totalPriceInCents\":\"8500\",\"gatewayFeeInCents\":0,\"userCommissionInCents\":\"8500\"},\"isTest\":false}"
}
----------------------------------------
[2026-06-25 00:08:03] 🔄 Processando dados recebidos
Dados: {
    "orderId": 8692989,
    "platform": "MinhaPlataforma",
    "paymentMethod": "pix",
    "status": "waiting_payment",
    "createdAt": "2026-06-24 21:08:03",
    "approvedDate": null,
    "refundedAt": null,
    "customer": {
        "name": "Pedro Ferreira Ferreira",
        "email": "pedro.ferreira.ferreira@email.com",
        "phone": "11999999999",
        "document": "25451393940",
        "country": "BR",
        "ip": "2804:1b3:ab00:1759:f1b4:f3d3:8ab0:dafe",
        "userAgent": "Mozilla\/5.0 (Linux; Android 15; SM-G990E Build\/AP3A.240905.015.A2; wv) AppleWebKit\/537.36 (KHTML, like Gecko) Version\/4.0 Chrome\/149.0.7827.93 Mobile Safari\/537.36 Instagram 434.0.0.44.74 Android (35\/15; 480dpi; 1080x2340; samsung; SM-G990E; r9s; exynos2100; pt_BR; 996255295; IABMV\/1)",
        "externalId": 8692989,
        "fbp": null,
        "fbc": null
    },
    "products": [
        {
            "id": "PROD_6a3c716327220",
            "name": "Produto 85",
            "planId": null,
            "planName": null,
            "quantity": 1,
            "priceInCents": "8500"
        }
    ],
    "trackingParameters": {
        "utm_source": "FBjLj6a3c70cbcefed09e0b35ad1f",
        "utm_medium": "ADV|120252229293900045",
        "utm_campaign": "CTV 01 PND \u2014 C\u00f3pia|120252229294360045",
        "utm_content": "AD|120252229294570045",
        "utm_term": "Instagram_Feed"
    },
    "commission": {
        "totalPriceInCents": "8500",
        "gatewayFeeInCents": 0,
        "userCommissionInCents": "8500"
    },
    "isTest": false
}
----------------------------------------
[2026-06-25 00:08:03] 📤 Dados formatados para Utmify
Dados: {
    "orderId": 8692989,
    "platform": "PayHubr",
    "paymentMethod": "pix",
    "status": "waiting_payment",
    "createdAt": "2026-06-25 00:08:03",
    "approvedDate": null,
    "refundedAt": null,
    "customer": {
        "name": "Pedro Ferreira Ferreira",
        "email": "pedro.ferreira.ferreira@email.com",
        "phone": null,
        "document": "25451393940",
        "country": "BR",
        "ip": "78.40.143.130"
    },
    "products": [
        {
            "id": "PROD_6a3c716327220",
            "name": "Produto 85",
            "planId": null,
            "planName": null,
            "quantity": 1,
            "priceInCents": "8500"
        }
    ],
    "trackingParameters": {
        "src": null,
        "sck": null,
        "utm_source": "FBjLj6a3c70cbcefed09e0b35ad1f",
        "utm_campaign": "CTV 01 PND \u2014 C\u00f3pia|120252229294360045",
        "utm_medium": "ADV|120252229293900045",
        "utm_content": "AD|120252229294570045",
        "utm_term": "Instagram_Feed",
        "xcod": null,
        "fbclid": null,
        "gclid": null,
        "ttclid": null
    },
    "commission": {
        "totalPriceInCents": "8500",
        "gatewayFeeInCents": 0,
        "userCommissionInCents": "8500"
    },
    "isTest": false
}
----------------------------------------
[2026-06-25 00:08:03] 📡 Enviando requisição para Utmify
Dados: {
    "url": "https:\/\/api.utmify.com.br\/api-credentials\/orders",
    "headers": [
        "Content-Type: application\/json",
        "x-api-token: [REDACTED]"
    ]
}
----------------------------------------
[2026-06-25 00:08:03] ✅ Resposta da API Utmify
Dados: {
    "http_code": 404,
    "response": {
        "OK": false,
        "data": {
            "type": "API_CREDENTIAL"
        },
        "result": "ERROR",
        "statusCode": 404,
        "message": "API_CREDENTIAL_NOT_FOUND"
    }
}
----------------------------------------
[2026-06-25 00:08:03] ❌ Erro
Dados: {
    "message": "Erro na API Utmify. HTTP Code: 404"
}
----------------------------------------
[2026-06-25 00:09:52] 📥 Dados recebidos do PayHubr
Dados: {
    "raw": "{\"orderId\":8693018,\"platform\":\"MinhaPlataforma\",\"paymentMethod\":\"pix\",\"status\":\"waiting_payment\",\"createdAt\":\"2026-06-24 21:09:52\",\"approvedDate\":null,\"refundedAt\":null,\"customer\":{\"name\":\"Sophia Vieira Ferreira\",\"email\":\"sophia.vieira.ferreira@email.com\",\"phone\":\"11999999999\",\"document\":\"36572131394\",\"country\":\"BR\",\"ip\":\"2804:14c:4399:801d:60b8:fb8a:eef6:5c87\",\"userAgent\":\"Mozilla\\\/5.0 (iPhone; CPU iPhone OS 26_5_1 like Mac OS X) AppleWebKit\\\/605.1.15 (KHTML, like Gecko) Mobile\\\/23F81 Instagram 434.0.0.28.78 (iPhone18,2; iOS 26_5_1; pt_BR; pt; scale=3.00; 1320x2868; IABMV\\\/1; 994860828) Safari\\\/604.1\",\"externalId\":8693018,\"fbp\":null,\"fbc\":null},\"products\":[{\"id\":\"PROD_6a3c71d0b9a94\",\"name\":\"Produto 85\",\"planId\":null,\"planName\":null,\"quantity\":1,\"priceInCents\":\"8500\"}],\"trackingParameters\":{\"utm_source\":\"FBjLj6a3c71669cda8281ce611e14\",\"utm_medium\":\"ADV|120252150072920045\",\"utm_campaign\":\"CTV 11 PND \\u2014 C\\u00f3pia|120252150072980045\",\"utm_content\":\"AD|120252150072940045\",\"utm_term\":\"Instagram_Stories\"},\"commission\":{\"totalPriceInCents\":\"8500\",\"gatewayFeeInCents\":0,\"userCommissionInCents\":\"8500\"},\"isTest\":false}"
}
----------------------------------------
[2026-06-25 00:09:52] 🔄 Processando dados recebidos
Dados: {
    "orderId": 8693018,
    "platform": "MinhaPlataforma",
    "paymentMethod": "pix",
    "status": "waiting_payment",
    "createdAt": "2026-06-24 21:09:52",
    "approvedDate": null,
    "refundedAt": null,
    "customer": {
        "name": "Sophia Vieira Ferreira",
        "email": "sophia.vieira.ferreira@email.com",
        "phone": "11999999999",
        "document": "36572131394",
        "country": "BR",
        "ip": "2804:14c:4399:801d:60b8:fb8a:eef6:5c87",
        "userAgent": "Mozilla\/5.0 (iPhone; CPU iPhone OS 26_5_1 like Mac OS X) AppleWebKit\/605.1.15 (KHTML, like Gecko) Mobile\/23F81 Instagram 434.0.0.28.78 (iPhone18,2; iOS 26_5_1; pt_BR; pt; scale=3.00; 1320x2868; IABMV\/1; 994860828) Safari\/604.1",
        "externalId": 8693018,
        "fbp": null,
        "fbc": null
    },
    "products": [
        {
            "id": "PROD_6a3c71d0b9a94",
            "name": "Produto 85",
            "planId": null,
            "planName": null,
            "quantity": 1,
            "priceInCents": "8500"
        }
    ],
    "trackingParameters": {
        "utm_source": "FBjLj6a3c71669cda8281ce611e14",
        "utm_medium": "ADV|120252150072920045",
        "utm_campaign": "CTV 11 PND \u2014 C\u00f3pia|120252150072980045",
        "utm_content": "AD|120252150072940045",
        "utm_term": "Instagram_Stories"
    },
    "commission": {
        "totalPriceInCents": "8500",
        "gatewayFeeInCents": 0,
        "userCommissionInCents": "8500"
    },
    "isTest": false
}
----------------------------------------
[2026-06-25 00:09:52] 📤 Dados formatados para Utmify
Dados: {
    "orderId": 8693018,
    "platform": "PayHubr",
    "paymentMethod": "pix",
    "status": "waiting_payment",
    "createdAt": "2026-06-25 00:09:52",
    "approvedDate": null,
    "refundedAt": null,
    "customer": {
        "name": "Sophia Vieira Ferreira",
        "email": "sophia.vieira.ferreira@email.com",
        "phone": null,
        "document": "36572131394",
        "country": "BR",
        "ip": "78.40.143.130"
    },
    "products": [
        {
            "id": "PROD_6a3c71d0b9a94",
            "name": "Produto 85",
            "planId": null,
            "planName": null,
            "quantity": 1,
            "priceInCents": "8500"
        }
    ],
    "trackingParameters": {
        "src": null,
        "sck": null,
        "utm_source": "FBjLj6a3c71669cda8281ce611e14",
        "utm_campaign": "CTV 11 PND \u2014 C\u00f3pia|120252150072980045",
        "utm_medium": "ADV|120252150072920045",
        "utm_content": "AD|120252150072940045",
        "utm_term": "Instagram_Stories",
        "xcod": null,
        "fbclid": null,
        "gclid": null,
        "ttclid": null
    },
    "commission": {
        "totalPriceInCents": "8500",
        "gatewayFeeInCents": 0,
        "userCommissionInCents": "8500"
    },
    "isTest": false
}
----------------------------------------
[2026-06-25 00:09:52] 📡 Enviando requisição para Utmify
Dados: {
    "url": "https:\/\/api.utmify.com.br\/api-credentials\/orders",
    "headers": [
        "Content-Type: application\/json",
        "x-api-token: [REDACTED]"
    ]
}
----------------------------------------
[2026-06-25 00:09:53] ✅ Resposta da API Utmify
Dados: {
    "http_code": 404,
    "response": {
        "OK": false,
        "data": {
            "type": "API_CREDENTIAL"
        },
        "result": "ERROR",
        "statusCode": 404,
        "message": "API_CREDENTIAL_NOT_FOUND"
    }
}
----------------------------------------
[2026-06-25 00:09:53] ❌ Erro
Dados: {
    "message": "Erro na API Utmify. HTTP Code: 404"
}
----------------------------------------
[2026-06-25 00:11:21] 📥 Dados recebidos do PayHubr
Dados: {
    "raw": "{\"orderId\":8693047,\"platform\":\"MinhaPlataforma\",\"paymentMethod\":\"pix\",\"status\":\"waiting_payment\",\"createdAt\":\"2026-06-24 21:11:21\",\"approvedDate\":null,\"refundedAt\":null,\"customer\":{\"name\":\"Sophia Ribeiro Fernandes\",\"email\":\"sophia.ribeiro.fernandes@email.com\",\"phone\":\"11999999999\",\"document\":\"38137852620\",\"country\":\"BR\",\"ip\":\"2804:5b40:aa3a:be00:3f54:ffc4:2848:bc31\",\"userAgent\":\"Mozilla\\\/5.0 (Linux; Android 16; moto g75 5G Build\\\/W1UQ36H.73-38) AppleWebKit\\\/537.36 (KHTML, like Gecko) Version\\\/4.0 Chrome\\\/149.0.7827.150 Mobile Safari\\\/537.36 [FB_IAB\\\/FB4A;FBAV\\\/566.0.0.48.73;IABMV\\\/1;]\",\"externalId\":8693047,\"fbp\":null,\"fbc\":null},\"products\":[{\"id\":\"PROD_6a3c7229ae815\",\"name\":\"Produto 85\",\"planId\":null,\"planName\":null,\"quantity\":1,\"priceInCents\":\"8500\"}],\"trackingParameters\":{\"utm_source\":\"FBjLj6a3c70c8ef61eb984e845763\",\"utm_medium\":\"ADV|120252149656440045\",\"utm_campaign\":\"CTV 01 PND|120252149656460045\",\"utm_content\":\"AD|120252149656450045\",\"utm_term\":\"Facebook_Mobile_Reels\"},\"commission\":{\"totalPriceInCents\":\"8500\",\"gatewayFeeInCents\":0,\"userCommissionInCents\":\"8500\"},\"isTest\":false}"
}
----------------------------------------
[2026-06-25 00:11:21] 🔄 Processando dados recebidos
Dados: {
    "orderId": 8693047,
    "platform": "MinhaPlataforma",
    "paymentMethod": "pix",
    "status": "waiting_payment",
    "createdAt": "2026-06-24 21:11:21",
    "approvedDate": null,
    "refundedAt": null,
    "customer": {
        "name": "Sophia Ribeiro Fernandes",
        "email": "sophia.ribeiro.fernandes@email.com",
        "phone": "11999999999",
        "document": "38137852620",
        "country": "BR",
        "ip": "2804:5b40:aa3a:be00:3f54:ffc4:2848:bc31",
        "userAgent": "Mozilla\/5.0 (Linux; Android 16; moto g75 5G Build\/W1UQ36H.73-38) AppleWebKit\/537.36 (KHTML, like Gecko) Version\/4.0 Chrome\/149.0.7827.150 Mobile Safari\/537.36 [FB_IAB\/FB4A;FBAV\/566.0.0.48.73;IABMV\/1;]",
        "externalId": 8693047,
        "fbp": null,
        "fbc": null
    },
    "products": [
        {
            "id": "PROD_6a3c7229ae815",
            "name": "Produto 85",
            "planId": null,
            "planName": null,
            "quantity": 1,
            "priceInCents": "8500"
        }
    ],
    "trackingParameters": {
        "utm_source": "FBjLj6a3c70c8ef61eb984e845763",
        "utm_medium": "ADV|120252149656440045",
        "utm_campaign": "CTV 01 PND|120252149656460045",
        "utm_content": "AD|120252149656450045",
        "utm_term": "Facebook_Mobile_Reels"
    },
    "commission": {
        "totalPriceInCents": "8500",
        "gatewayFeeInCents": 0,
        "userCommissionInCents": "8500"
    },
    "isTest": false
}
----------------------------------------
[2026-06-25 00:11:21] 📤 Dados formatados para Utmify
Dados: {
    "orderId": 8693047,
    "platform": "PayHubr",
    "paymentMethod": "pix",
    "status": "waiting_payment",
    "createdAt": "2026-06-25 00:11:21",
    "approvedDate": null,
    "refundedAt": null,
    "customer": {
        "name": "Sophia Ribeiro Fernandes",
        "email": "sophia.ribeiro.fernandes@email.com",
        "phone": null,
        "document": "38137852620",
        "country": "BR",
        "ip": "78.40.143.130"
    },
    "products": [
        {
            "id": "PROD_6a3c7229ae815",
            "name": "Produto 85",
            "planId": null,
            "planName": null,
            "quantity": 1,
            "priceInCents": "8500"
        }
    ],
    "trackingParameters": {
        "src": null,
        "sck": null,
        "utm_source": "FBjLj6a3c70c8ef61eb984e845763",
        "utm_campaign": "CTV 01 PND|120252149656460045",
        "utm_medium": "ADV|120252149656440045",
        "utm_content": "AD|120252149656450045",
        "utm_term": "Facebook_Mobile_Reels",
        "xcod": null,
        "fbclid": null,
        "gclid": null,
        "ttclid": null
    },
    "commission": {
        "totalPriceInCents": "8500",
        "gatewayFeeInCents": 0,
        "userCommissionInCents": "8500"
    },
    "isTest": false
}
----------------------------------------
[2026-06-25 00:11:21] 📡 Enviando requisição para Utmify
Dados: {
    "url": "https:\/\/api.utmify.com.br\/api-credentials\/orders",
    "headers": [
        "Content-Type: application\/json",
        "x-api-token: [REDACTED]"
    ]
}
----------------------------------------
[2026-06-25 00:11:22] ✅ Resposta da API Utmify
Dados: {
    "http_code": 404,
    "response": {
        "OK": false,
        "data": {
            "type": "API_CREDENTIAL"
        },
        "result": "ERROR",
        "statusCode": 404,
        "message": "API_CREDENTIAL_NOT_FOUND"
    }
}
----------------------------------------
[2026-06-25 00:11:22] ❌ Erro
Dados: {
    "message": "Erro na API Utmify. HTTP Code: 404"
}
----------------------------------------
[2026-06-25 00:12:00] 📥 Dados recebidos do PayHubr
Dados: {
    "raw": "{\"orderId\":8693054,\"platform\":\"MinhaPlataforma\",\"paymentMethod\":\"pix\",\"status\":\"waiting_payment\",\"createdAt\":\"2026-06-24 21:11:59\",\"approvedDate\":null,\"refundedAt\":null,\"customer\":{\"name\":\"Gabriel Costa Alves\",\"email\":\"gabriel.costa.alves@email.com\",\"phone\":\"11999999999\",\"document\":\"93378558601\",\"country\":\"BR\",\"ip\":\"2804:44cc:5501:2370:cc22:c741:8d50:349e\",\"userAgent\":\"Mozilla\\\/5.0 (Linux; Android 15; RMX5313 Build\\\/AP3A.240905.015.A2; wv) AppleWebKit\\\/537.36 (KHTML, like Gecko) Version\\\/4.0 Chrome\\\/149.0.7827.150 Mobile Safari\\\/537.36 [FB_IAB\\\/FB4A;FBAV\\\/566.0.0.48.73;IABMV\\\/1;]\",\"externalId\":8693054,\"fbp\":null,\"fbc\":null},\"products\":[{\"id\":\"PROD_6a3c724fe93a4\",\"name\":\"Produto 85\",\"planId\":null,\"planName\":null,\"quantity\":1,\"priceInCents\":\"8500\"}],\"trackingParameters\":{\"utm_source\":\"FBjLj6a3c25e92aa7d936adae1a8d\",\"utm_medium\":\"ADV|120252204592360045\",\"utm_campaign\":\"CTV 07 PND \\u2014 C\\u00f3pia|120252204592650045\",\"utm_content\":\"AD|120252204592500045\",\"utm_term\":\"Facebook_Mobile_Feed\"},\"commission\":{\"totalPriceInCents\":\"8500\",\"gatewayFeeInCents\":0,\"userCommissionInCents\":\"8500\"},\"isTest\":false}"
}
----------------------------------------
[2026-06-25 00:12:00] 🔄 Processando dados recebidos
Dados: {
    "orderId": 8693054,
    "platform": "MinhaPlataforma",
    "paymentMethod": "pix",
    "status": "waiting_payment",
    "createdAt": "2026-06-24 21:11:59",
    "approvedDate": null,
    "refundedAt": null,
    "customer": {
        "name": "Gabriel Costa Alves",
        "email": "gabriel.costa.alves@email.com",
        "phone": "11999999999",
        "document": "93378558601",
        "country": "BR",
        "ip": "2804:44cc:5501:2370:cc22:c741:8d50:349e",
        "userAgent": "Mozilla\/5.0 (Linux; Android 15; RMX5313 Build\/AP3A.240905.015.A2; wv) AppleWebKit\/537.36 (KHTML, like Gecko) Version\/4.0 Chrome\/149.0.7827.150 Mobile Safari\/537.36 [FB_IAB\/FB4A;FBAV\/566.0.0.48.73;IABMV\/1;]",
        "externalId": 8693054,
        "fbp": null,
        "fbc": null
    },
    "products": [
        {
            "id": "PROD_6a3c724fe93a4",
            "name": "Produto 85",
            "planId": null,
            "planName": null,
            "quantity": 1,
            "priceInCents": "8500"
        }
    ],
    "trackingParameters": {
        "utm_source": "FBjLj6a3c25e92aa7d936adae1a8d",
        "utm_medium": "ADV|120252204592360045",
        "utm_campaign": "CTV 07 PND \u2014 C\u00f3pia|120252204592650045",
        "utm_content": "AD|120252204592500045",
        "utm_term": "Facebook_Mobile_Feed"
    },
    "commission": {
        "totalPriceInCents": "8500",
        "gatewayFeeInCents": 0,
        "userCommissionInCents": "8500"
    },
    "isTest": false
}
----------------------------------------
[2026-06-25 00:12:00] 📤 Dados formatados para Utmify
Dados: {
    "orderId": 8693054,
    "platform": "PayHubr",
    "paymentMethod": "pix",
    "status": "waiting_payment",
    "createdAt": "2026-06-25 00:12:00",
    "approvedDate": null,
    "refundedAt": null,
    "customer": {
        "name": "Gabriel Costa Alves",
        "email": "gabriel.costa.alves@email.com",
        "phone": null,
        "document": "93378558601",
        "country": "BR",
        "ip": "78.40.143.130"
    },
    "products": [
        {
            "id": "PROD_6a3c724fe93a4",
            "name": "Produto 85",
            "planId": null,
            "planName": null,
            "quantity": 1,
            "priceInCents": "8500"
        }
    ],
    "trackingParameters": {
        "src": null,
        "sck": null,
        "utm_source": "FBjLj6a3c25e92aa7d936adae1a8d",
        "utm_campaign": "CTV 07 PND \u2014 C\u00f3pia|120252204592650045",
        "utm_medium": "ADV|120252204592360045",
        "utm_content": "AD|120252204592500045",
        "utm_term": "Facebook_Mobile_Feed",
        "xcod": null,
        "fbclid": null,
        "gclid": null,
        "ttclid": null
    },
    "commission": {
        "totalPriceInCents": "8500",
        "gatewayFeeInCents": 0,
        "userCommissionInCents": "8500"
    },
    "isTest": false
}
----------------------------------------
[2026-06-25 00:12:00] 📡 Enviando requisição para Utmify
Dados: {
    "url": "https:\/\/api.utmify.com.br\/api-credentials\/orders",
    "headers": [
        "Content-Type: application\/json",
        "x-api-token: [REDACTED]"
    ]
}
----------------------------------------
[2026-06-25 00:12:00] ✅ Resposta da API Utmify
Dados: {
    "http_code": 404,
    "response": {
        "OK": false,
        "data": {
            "type": "API_CREDENTIAL"
        },
        "result": "ERROR",
        "statusCode": 404,
        "message": "API_CREDENTIAL_NOT_FOUND"
    }
}
----------------------------------------
[2026-06-25 00:12:00] ❌ Erro
Dados: {
    "message": "Erro na API Utmify. HTTP Code: 404"
}
----------------------------------------
[2026-06-25 00:12:16] 📥 Dados recebidos do PayHubr
Dados: {
    "raw": "{\"orderId\":8693062,\"platform\":\"MinhaPlataforma\",\"paymentMethod\":\"pix\",\"status\":\"waiting_payment\",\"createdAt\":\"2026-06-24 21:12:16\",\"approvedDate\":null,\"refundedAt\":null,\"customer\":{\"name\":\"Helena Alves Ferreira\",\"email\":\"helena.alves.ferreira@email.com\",\"phone\":\"11999999999\",\"document\":\"33464042936\",\"country\":\"BR\",\"ip\":\"205.164.212.132\",\"userAgent\":\"Mozilla\\\/5.0 (Linux; Android 15; 23021RAAEG Build\\\/AQ3A.240829.003; wv) AppleWebKit\\\/537.36 (KHTML, like Gecko) Version\\\/4.0 Chrome\\\/149.0.7827.93 Mobile Safari\\\/537.36 Instagram 434.0.0.44.74 Android (35\\\/15; 440dpi; 1080x2400; Xiaomi\\\/Redmi; 23021RAAEG; tapas; qcom; pt_BR; 996255556; IABMV\\\/1)\",\"externalId\":8693062,\"fbp\":null,\"fbc\":null},\"products\":[{\"id\":\"PROD_6a3c72607a4ef\",\"name\":\"Produto 85\",\"planId\":null,\"planName\":null,\"quantity\":1,\"priceInCents\":\"8500\"}],\"trackingParameters\":{\"utm_source\":\"FBjLj6a3c714340d53c0a6c4fb4d7\",\"utm_medium\":\"ADV|120252150072920045\",\"utm_campaign\":\"CTV 11 PND \\u2014 C\\u00f3pia|120252150072980045\",\"utm_content\":\"AD|120252150072940045\",\"utm_term\":\"Instagram_Reels\"},\"commission\":{\"totalPriceInCents\":\"8500\",\"gatewayFeeInCents\":0,\"userCommissionInCents\":\"8500\"},\"isTest\":false}"
}
----------------------------------------
[2026-06-25 00:12:16] 🔄 Processando dados recebidos
Dados: {
    "orderId": 8693062,
    "platform": "MinhaPlataforma",
    "paymentMethod": "pix",
    "status": "waiting_payment",
    "createdAt": "2026-06-24 21:12:16",
    "approvedDate": null,
    "refundedAt": null,
    "customer": {
        "name": "Helena Alves Ferreira",
        "email": "helena.alves.ferreira@email.com",
        "phone": "11999999999",
        "document": "33464042936",
        "country": "BR",
        "ip": "205.164.212.132",
        "userAgent": "Mozilla\/5.0 (Linux; Android 15; 23021RAAEG Build\/AQ3A.240829.003; wv) AppleWebKit\/537.36 (KHTML, like Gecko) Version\/4.0 Chrome\/149.0.7827.93 Mobile Safari\/537.36 Instagram 434.0.0.44.74 Android (35\/15; 440dpi; 1080x2400; Xiaomi\/Redmi; 23021RAAEG; tapas; qcom; pt_BR; 996255556; IABMV\/1)",
        "externalId": 8693062,
        "fbp": null,
        "fbc": null
    },
    "products": [
        {
            "id": "PROD_6a3c72607a4ef",
            "name": "Produto 85",
            "planId": null,
            "planName": null,
            "quantity": 1,
            "priceInCents": "8500"
        }
    ],
    "trackingParameters": {
        "utm_source": "FBjLj6a3c714340d53c0a6c4fb4d7",
        "utm_medium": "ADV|120252150072920045",
        "utm_campaign": "CTV 11 PND \u2014 C\u00f3pia|120252150072980045",
        "utm_content": "AD|120252150072940045",
        "utm_term": "Instagram_Reels"
    },
    "commission": {
        "totalPriceInCents": "8500",
        "gatewayFeeInCents": 0,
        "userCommissionInCents": "8500"
    },
    "isTest": false
}
----------------------------------------
[2026-06-25 00:12:16] 📤 Dados formatados para Utmify
Dados: {
    "orderId": 8693062,
    "platform": "PayHubr",
    "paymentMethod": "pix",
    "status": "waiting_payment",
    "createdAt": "2026-06-25 00:12:16",
    "approvedDate": null,
    "refundedAt": null,
    "customer": {
        "name": "Helena Alves Ferreira",
        "email": "helena.alves.ferreira@email.com",
        "phone": null,
        "document": "33464042936",
        "country": "BR",
        "ip": "78.40.143.130"
    },
    "products": [
        {
            "id": "PROD_6a3c72607a4ef",
            "name": "Produto 85",
            "planId": null,
            "planName": null,
            "quantity": 1,
            "priceInCents": "8500"
        }
    ],
    "trackingParameters": {
        "src": null,
        "sck": null,
        "utm_source": "FBjLj6a3c714340d53c0a6c4fb4d7",
        "utm_campaign": "CTV 11 PND \u2014 C\u00f3pia|120252150072980045",
        "utm_medium": "ADV|120252150072920045",
        "utm_content": "AD|120252150072940045",
        "utm_term": "Instagram_Reels",
        "xcod": null,
        "fbclid": null,
        "gclid": null,
        "ttclid": null
    },
    "commission": {
        "totalPriceInCents": "8500",
        "gatewayFeeInCents": 0,
        "userCommissionInCents": "8500"
    },
    "isTest": false
}
----------------------------------------
[2026-06-25 00:12:16] 📡 Enviando requisição para Utmify
Dados: {
    "url": "https:\/\/api.utmify.com.br\/api-credentials\/orders",
    "headers": [
        "Content-Type: application\/json",
        "x-api-token: [REDACTED]"
    ]
}
----------------------------------------
[2026-06-25 00:12:16] ✅ Resposta da API Utmify
Dados: {
    "http_code": 404,
    "response": {
        "OK": false,
        "data": {
            "type": "API_CREDENTIAL"
        },
        "result": "ERROR",
        "statusCode": 404,
        "message": "API_CREDENTIAL_NOT_FOUND"
    }
}
----------------------------------------
[2026-06-25 00:12:16] ❌ Erro
Dados: {
    "message": "Erro na API Utmify. HTTP Code: 404"
}
----------------------------------------
[2026-06-25 00:12:17] 📥 Dados recebidos do PayHubr
Dados: {
    "raw": "{\"orderId\":8693063,\"platform\":\"MinhaPlataforma\",\"paymentMethod\":\"pix\",\"status\":\"waiting_payment\",\"createdAt\":\"2026-06-24 21:12:17\",\"approvedDate\":null,\"refundedAt\":null,\"customer\":{\"name\":\"Gabriel Oliveira Ferreira\",\"email\":\"gabriel.oliveira.ferreira@email.com\",\"phone\":\"11999999999\",\"document\":\"11103791451\",\"country\":\"BR\",\"ip\":\"2804:d45:996e:db00:1959:87f7:5919:5d2f\",\"userAgent\":\"Mozilla\\\/5.0 (Linux; Android 16; moto g75 5G Build\\\/W1UQ36H.73-38; wv) AppleWebKit\\\/537.36 (KHTML, like Gecko) Version\\\/4.0 Chrome\\\/149.0.7827.147 Mobile Safari\\\/537.36 Instagram 434.0.0.44.74 Android (36\\\/16; 446dpi; 1080x2388; motorola; moto g75 5G; sorap; qcom; pt_BR; 996255481; IABMV\\\/1)\",\"externalId\":8693063,\"fbp\":null,\"fbc\":null},\"products\":[{\"id\":\"PROD_6a3c7261811f9\",\"name\":\"Produto 85\",\"planId\":null,\"planName\":null,\"quantity\":1,\"priceInCents\":\"8500\"}],\"trackingParameters\":{\"utm_source\":\"FBjLj6a3c7168d5ee016d31cb4589\",\"utm_medium\":\"ADV|120252149656440045\",\"utm_campaign\":\"CTV 01 PND|120252149656460045\",\"utm_content\":\"AD|120252149656450045\",\"utm_term\":\"Instagram_Reels\"},\"commission\":{\"totalPriceInCents\":\"8500\",\"gatewayFeeInCents\":0,\"userCommissionInCents\":\"8500\"},\"isTest\":false}"
}
----------------------------------------
[2026-06-25 00:12:17] 🔄 Processando dados recebidos
Dados: {
    "orderId": 8693063,
    "platform": "MinhaPlataforma",
    "paymentMethod": "pix",
    "status": "waiting_payment",
    "createdAt": "2026-06-24 21:12:17",
    "approvedDate": null,
    "refundedAt": null,
    "customer": {
        "name": "Gabriel Oliveira Ferreira",
        "email": "gabriel.oliveira.ferreira@email.com",
        "phone": "11999999999",
        "document": "11103791451",
        "country": "BR",
        "ip": "2804:d45:996e:db00:1959:87f7:5919:5d2f",
        "userAgent": "Mozilla\/5.0 (Linux; Android 16; moto g75 5G Build\/W1UQ36H.73-38; wv) AppleWebKit\/537.36 (KHTML, like Gecko) Version\/4.0 Chrome\/149.0.7827.147 Mobile Safari\/537.36 Instagram 434.0.0.44.74 Android (36\/16; 446dpi; 1080x2388; motorola; moto g75 5G; sorap; qcom; pt_BR; 996255481; IABMV\/1)",
        "externalId": 8693063,
        "fbp": null,
        "fbc": null
    },
    "products": [
        {
            "id": "PROD_6a3c7261811f9",
            "name": "Produto 85",
            "planId": null,
            "planName": null,
            "quantity": 1,
            "priceInCents": "8500"
        }
    ],
    "trackingParameters": {
        "utm_source": "FBjLj6a3c7168d5ee016d31cb4589",
        "utm_medium": "ADV|120252149656440045",
        "utm_campaign": "CTV 01 PND|120252149656460045",
        "utm_content": "AD|120252149656450045",
        "utm_term": "Instagram_Reels"
    },
    "commission": {
        "totalPriceInCents": "8500",
        "gatewayFeeInCents": 0,
        "userCommissionInCents": "8500"
    },
    "isTest": false
}
----------------------------------------
[2026-06-25 00:12:17] 📤 Dados formatados para Utmify
Dados: {
    "orderId": 8693063,
    "platform": "PayHubr",
    "paymentMethod": "pix",
    "status": "waiting_payment",
    "createdAt": "2026-06-25 00:12:17",
    "approvedDate": null,
    "refundedAt": null,
    "customer": {
        "name": "Gabriel Oliveira Ferreira",
        "email": "gabriel.oliveira.ferreira@email.com",
        "phone": null,
        "document": "11103791451",
        "country": "BR",
        "ip": "78.40.143.130"
    },
    "products": [
        {
            "id": "PROD_6a3c7261811f9",
            "name": "Produto 85",
            "planId": null,
            "planName": null,
            "quantity": 1,
            "priceInCents": "8500"
        }
    ],
    "trackingParameters": {
        "src": null,
        "sck": null,
        "utm_source": "FBjLj6a3c7168d5ee016d31cb4589",
        "utm_campaign": "CTV 01 PND|120252149656460045",
        "utm_medium": "ADV|120252149656440045",
        "utm_content": "AD|120252149656450045",
        "utm_term": "Instagram_Reels",
        "xcod": null,
        "fbclid": null,
        "gclid": null,
        "ttclid": null
    },
    "commission": {
        "totalPriceInCents": "8500",
        "gatewayFeeInCents": 0,
        "userCommissionInCents": "8500"
    },
    "isTest": false
}
----------------------------------------
[2026-06-25 00:12:17] 📡 Enviando requisição para Utmify
Dados: {
    "url": "https:\/\/api.utmify.com.br\/api-credentials\/orders",
    "headers": [
        "Content-Type: application\/json",
        "x-api-token: [REDACTED]"
    ]
}
----------------------------------------
[2026-06-25 00:12:17] ✅ Resposta da API Utmify
Dados: {
    "http_code": 404,
    "response": {
        "OK": false,
        "data": {
            "type": "API_CREDENTIAL"
        },
        "result": "ERROR",
        "statusCode": 404,
        "message": "API_CREDENTIAL_NOT_FOUND"
    }
}
----------------------------------------
[2026-06-25 00:12:17] ❌ Erro
Dados: {
    "message": "Erro na API Utmify. HTTP Code: 404"
}
----------------------------------------
[2026-06-25 00:12:45] 📥 Dados recebidos do PayHubr
Dados: {
    "raw": "{\"orderId\":8693069,\"platform\":\"MinhaPlataforma\",\"paymentMethod\":\"pix\",\"status\":\"waiting_payment\",\"createdAt\":\"2026-06-24 21:12:45\",\"approvedDate\":null,\"refundedAt\":null,\"customer\":{\"name\":\"Gabriel Vieira Barbosa\",\"email\":\"gabriel.vieira.barbosa@email.com\",\"phone\":\"11999999999\",\"document\":\"65348283673\",\"country\":\"BR\",\"ip\":\"2804:14c:4399:801d:60b8:fb8a:eef6:5c87\",\"userAgent\":\"Mozilla\\\/5.0 (iPhone; CPU iPhone OS 26_5_1 like Mac OS X) AppleWebKit\\\/605.1.15 (KHTML, like Gecko) Mobile\\\/23F81 Instagram 434.0.0.28.78 (iPhone18,2; iOS 26_5_1; pt_BR; pt; scale=3.00; 1320x2868; IABMV\\\/1; 994860828) Safari\\\/604.1\",\"externalId\":8693069,\"fbp\":null,\"fbc\":null},\"products\":[{\"id\":\"PROD_6a3c727d256b1\",\"name\":\"Produto 85\",\"planId\":null,\"planName\":null,\"quantity\":1,\"priceInCents\":\"8500\"}],\"trackingParameters\":{\"utm_source\":\"FBjLj6a3c71669cda8281ce611e14\",\"utm_medium\":\"ADV|120252150072920045\",\"utm_campaign\":\"CTV 11 PND \\u2014 C\\u00f3pia|120252150072980045\",\"utm_content\":\"AD|120252150072940045\",\"utm_term\":\"Instagram_Stories\"},\"commission\":{\"totalPriceInCents\":\"8500\",\"gatewayFeeInCents\":0,\"userCommissionInCents\":\"8500\"},\"isTest\":false}"
}
----------------------------------------
[2026-06-25 00:12:45] 🔄 Processando dados recebidos
Dados: {
    "orderId": 8693069,
    "platform": "MinhaPlataforma",
    "paymentMethod": "pix",
    "status": "waiting_payment",
    "createdAt": "2026-06-24 21:12:45",
    "approvedDate": null,
    "refundedAt": null,
    "customer": {
        "name": "Gabriel Vieira Barbosa",
        "email": "gabriel.vieira.barbosa@email.com",
        "phone": "11999999999",
        "document": "65348283673",
        "country": "BR",
        "ip": "2804:14c:4399:801d:60b8:fb8a:eef6:5c87",
        "userAgent": "Mozilla\/5.0 (iPhone; CPU iPhone OS 26_5_1 like Mac OS X) AppleWebKit\/605.1.15 (KHTML, like Gecko) Mobile\/23F81 Instagram 434.0.0.28.78 (iPhone18,2; iOS 26_5_1; pt_BR; pt; scale=3.00; 1320x2868; IABMV\/1; 994860828) Safari\/604.1",
        "externalId": 8693069,
        "fbp": null,
        "fbc": null
    },
    "products": [
        {
            "id": "PROD_6a3c727d256b1",
            "name": "Produto 85",
            "planId": null,
            "planName": null,
            "quantity": 1,
            "priceInCents": "8500"
        }
    ],
    "trackingParameters": {
        "utm_source": "FBjLj6a3c71669cda8281ce611e14",
        "utm_medium": "ADV|120252150072920045",
        "utm_campaign": "CTV 11 PND \u2014 C\u00f3pia|120252150072980045",
        "utm_content": "AD|120252150072940045",
        "utm_term": "Instagram_Stories"
    },
    "commission": {
        "totalPriceInCents": "8500",
        "gatewayFeeInCents": 0,
        "userCommissionInCents": "8500"
    },
    "isTest": false
}
----------------------------------------
[2026-06-25 00:12:45] 📤 Dados formatados para Utmify
Dados: {
    "orderId": 8693069,
    "platform": "PayHubr",
    "paymentMethod": "pix",
    "status": "waiting_payment",
    "createdAt": "2026-06-25 00:12:45",
    "approvedDate": null,
    "refundedAt": null,
    "customer": {
        "name": "Gabriel Vieira Barbosa",
        "email": "gabriel.vieira.barbosa@email.com",
        "phone": null,
        "document": "65348283673",
        "country": "BR",
        "ip": "78.40.143.130"
    },
    "products": [
        {
            "id": "PROD_6a3c727d256b1",
            "name": "Produto 85",
            "planId": null,
            "planName": null,
            "quantity": 1,
            "priceInCents": "8500"
        }
    ],
    "trackingParameters": {
        "src": null,
        "sck": null,
        "utm_source": "FBjLj6a3c71669cda8281ce611e14",
        "utm_campaign": "CTV 11 PND \u2014 C\u00f3pia|120252150072980045",
        "utm_medium": "ADV|120252150072920045",
        "utm_content": "AD|120252150072940045",
        "utm_term": "Instagram_Stories",
        "xcod": null,
        "fbclid": null,
        "gclid": null,
        "ttclid": null
    },
    "commission": {
        "totalPriceInCents": "8500",
        "gatewayFeeInCents": 0,
        "userCommissionInCents": "8500"
    },
    "isTest": false
}
----------------------------------------
[2026-06-25 00:12:45] 📡 Enviando requisição para Utmify
Dados: {
    "url": "https:\/\/api.utmify.com.br\/api-credentials\/orders",
    "headers": [
        "Content-Type: application\/json",
        "x-api-token: [REDACTED]"
    ]
}
----------------------------------------
[2026-06-25 00:12:45] ✅ Resposta da API Utmify
Dados: {
    "http_code": 404,
    "response": {
        "OK": false,
        "data": {
            "type": "API_CREDENTIAL"
        },
        "result": "ERROR",
        "statusCode": 404,
        "message": "API_CREDENTIAL_NOT_FOUND"
    }
}
----------------------------------------
[2026-06-25 00:12:45] ❌ Erro
Dados: {
    "message": "Erro na API Utmify. HTTP Code: 404"
}
----------------------------------------
[2026-06-25 00:13:18] 📥 Dados recebidos do PayHubr
Dados: {
    "raw": "{\"orderId\":8693073,\"platform\":\"MinhaPlataforma\",\"paymentMethod\":\"pix\",\"status\":\"waiting_payment\",\"createdAt\":\"2026-06-24 21:13:18\",\"approvedDate\":null,\"refundedAt\":null,\"customer\":{\"name\":\"Daniel Oliveira Lopes\",\"email\":\"daniel.oliveira.lopes@email.com\",\"phone\":\"11999999999\",\"document\":\"83551600961\",\"country\":\"BR\",\"ip\":\"177.39.99.71\",\"userAgent\":\"Mozilla\\\/5.0 (Linux; Android 12; moto g41 Build\\\/S3RWS32.138-29-5-9; wv) AppleWebKit\\\/537.36 (KHTML, like Gecko) Version\\\/4.0 Chrome\\\/149.0.7827.147 Mobile Safari\\\/537.36 Instagram 434.0.0.44.74 Android (31\\\/12; 420dpi; 1080x2400; motorola; moto g41; corfu; mt6768; pt_BR; 996255481; IABMV\\\/1)\",\"externalId\":8693073,\"fbp\":null,\"fbc\":null},\"products\":[{\"id\":\"PROD_6a3c729e1e8c7\",\"name\":\"Produto 85\",\"planId\":null,\"planName\":null,\"quantity\":1,\"priceInCents\":\"8500\"}],\"trackingParameters\":{\"utm_source\":\"FBjLj6a3c71ba40d53c0a6c4fe63f\",\"utm_medium\":\"ADV|120252229293920045\",\"utm_campaign\":\"CTV 01 PND \\u2014 C\\u00f3pia|120252229293710045\",\"utm_content\":\"AD|120252229294580045\",\"utm_term\":\"Instagram_Feed\"},\"commission\":{\"totalPriceInCents\":\"8500\",\"gatewayFeeInCents\":0,\"userCommissionInCents\":\"8500\"},\"isTest\":false}"
}
----------------------------------------
[2026-06-25 00:13:18] 🔄 Processando dados recebidos
Dados: {
    "orderId": 8693073,
    "platform": "MinhaPlataforma",
    "paymentMethod": "pix",
    "status": "waiting_payment",
    "createdAt": "2026-06-24 21:13:18",
    "approvedDate": null,
    "refundedAt": null,
    "customer": {
        "name": "Daniel Oliveira Lopes",
        "email": "daniel.oliveira.lopes@email.com",
        "phone": "11999999999",
        "document": "83551600961",
        "country": "BR",
        "ip": "177.39.99.71",
        "userAgent": "Mozilla\/5.0 (Linux; Android 12; moto g41 Build\/S3RWS32.138-29-5-9; wv) AppleWebKit\/537.36 (KHTML, like Gecko) Version\/4.0 Chrome\/149.0.7827.147 Mobile Safari\/537.36 Instagram 434.0.0.44.74 Android (31\/12; 420dpi; 1080x2400; motorola; moto g41; corfu; mt6768; pt_BR; 996255481; IABMV\/1)",
        "externalId": 8693073,
        "fbp": null,
        "fbc": null
    },
    "products": [
        {
            "id": "PROD_6a3c729e1e8c7",
            "name": "Produto 85",
            "planId": null,
            "planName": null,
            "quantity": 1,
            "priceInCents": "8500"
        }
    ],
    "trackingParameters": {
        "utm_source": "FBjLj6a3c71ba40d53c0a6c4fe63f",
        "utm_medium": "ADV|120252229293920045",
        "utm_campaign": "CTV 01 PND \u2014 C\u00f3pia|120252229293710045",
        "utm_content": "AD|120252229294580045",
        "utm_term": "Instagram_Feed"
    },
    "commission": {
        "totalPriceInCents": "8500",
        "gatewayFeeInCents": 0,
        "userCommissionInCents": "8500"
    },
    "isTest": false
}
----------------------------------------
[2026-06-25 00:13:18] 📤 Dados formatados para Utmify
Dados: {
    "orderId": 8693073,
    "platform": "PayHubr",
    "paymentMethod": "pix",
    "status": "waiting_payment",
    "createdAt": "2026-06-25 00:13:18",
    "approvedDate": null,
    "refundedAt": null,
    "customer": {
        "name": "Daniel Oliveira Lopes",
        "email": "daniel.oliveira.lopes@email.com",
        "phone": null,
        "document": "83551600961",
        "country": "BR",
        "ip": "78.40.143.130"
    },
    "products": [
        {
            "id": "PROD_6a3c729e1e8c7",
            "name": "Produto 85",
            "planId": null,
            "planName": null,
            "quantity": 1,
            "priceInCents": "8500"
        }
    ],
    "trackingParameters": {
        "src": null,
        "sck": null,
        "utm_source": "FBjLj6a3c71ba40d53c0a6c4fe63f",
        "utm_campaign": "CTV 01 PND \u2014 C\u00f3pia|120252229293710045",
        "utm_medium": "ADV|120252229293920045",
        "utm_content": "AD|120252229294580045",
        "utm_term": "Instagram_Feed",
        "xcod": null,
        "fbclid": null,
        "gclid": null,
        "ttclid": null
    },
    "commission": {
        "totalPriceInCents": "8500",
        "gatewayFeeInCents": 0,
        "userCommissionInCents": "8500"
    },
    "isTest": false
}
----------------------------------------
[2026-06-25 00:13:18] 📡 Enviando requisição para Utmify
Dados: {
    "url": "https:\/\/api.utmify.com.br\/api-credentials\/orders",
    "headers": [
        "Content-Type: application\/json",
        "x-api-token: [REDACTED]"
    ]
}
----------------------------------------
[2026-06-25 00:13:18] ✅ Resposta da API Utmify
Dados: {
    "http_code": 404,
    "response": {
        "OK": false,
        "data": {
            "type": "API_CREDENTIAL"
        },
        "result": "ERROR",
        "statusCode": 404,
        "message": "API_CREDENTIAL_NOT_FOUND"
    }
}
----------------------------------------
[2026-06-25 00:13:18] ❌ Erro
Dados: {
    "message": "Erro na API Utmify. HTTP Code: 404"
}
----------------------------------------
[2026-06-25 00:13:47] 📥 Dados recebidos do PayHubr
Dados: {
    "raw": "{\"orderId\":8693080,\"platform\":\"MinhaPlataforma\",\"paymentMethod\":\"pix\",\"status\":\"waiting_payment\",\"createdAt\":\"2026-06-24 21:13:47\",\"approvedDate\":null,\"refundedAt\":null,\"customer\":{\"name\":\"Arthur Ribeiro Carvalho\",\"email\":\"arthur.ribeiro.carvalho@email.com\",\"phone\":\"11999999999\",\"document\":\"59046902315\",\"country\":\"BR\",\"ip\":\"2804:18:145:b9a1:499b:dce6:7935:7146\",\"userAgent\":\"Mozilla\\\/5.0 (iPhone; CPU iPhone OS 26_5 like Mac OS X) AppleWebKit\\\/605.1.15 (KHTML, like Gecko) Mobile\\\/23F77 Instagram 434.0.0.28.78 (iPhone15,2; iOS 26_5; pt_BR; pt; scale=3.00; 1179x2556; IABMV\\\/1; 994860828) Safari\\\/604.1\",\"externalId\":8693080,\"fbp\":null,\"fbc\":null},\"products\":[{\"id\":\"PROD_6a3c72bb02f87\",\"name\":\"Produto 85\",\"planId\":null,\"planName\":null,\"quantity\":1,\"priceInCents\":\"8500\"}],\"trackingParameters\":{\"utm_source\":\"FBjLj6a3c719f40d53c0a6c4fd875\",\"utm_medium\":\"ADV|120252229293900045\",\"utm_campaign\":\"CTV 01 PND \\u2014 C\\u00f3pia|120252229294360045\",\"utm_content\":\"AD|120252229294570045\",\"utm_term\":\"Instagram_Feed\"},\"commission\":{\"totalPriceInCents\":\"8500\",\"gatewayFeeInCents\":0,\"userCommissionInCents\":\"8500\"},\"isTest\":false}"
}
----------------------------------------
[2026-06-25 00:13:47] 🔄 Processando dados recebidos
Dados: {
    "orderId": 8693080,
    "platform": "MinhaPlataforma",
    "paymentMethod": "pix",
    "status": "waiting_payment",
    "createdAt": "2026-06-24 21:13:47",
    "approvedDate": null,
    "refundedAt": null,
    "customer": {
        "name": "Arthur Ribeiro Carvalho",
        "email": "arthur.ribeiro.carvalho@email.com",
        "phone": "11999999999",
        "document": "59046902315",
        "country": "BR",
        "ip": "2804:18:145:b9a1:499b:dce6:7935:7146",
        "userAgent": "Mozilla\/5.0 (iPhone; CPU iPhone OS 26_5 like Mac OS X) AppleWebKit\/605.1.15 (KHTML, like Gecko) Mobile\/23F77 Instagram 434.0.0.28.78 (iPhone15,2; iOS 26_5; pt_BR; pt; scale=3.00; 1179x2556; IABMV\/1; 994860828) Safari\/604.1",
        "externalId": 8693080,
        "fbp": null,
        "fbc": null
    },
    "products": [
        {
            "id": "PROD_6a3c72bb02f87",
            "name": "Produto 85",
            "planId": null,
            "planName": null,
            "quantity": 1,
            "priceInCents": "8500"
        }
    ],
    "trackingParameters": {
        "utm_source": "FBjLj6a3c719f40d53c0a6c4fd875",
        "utm_medium": "ADV|120252229293900045",
        "utm_campaign": "CTV 01 PND \u2014 C\u00f3pia|120252229294360045",
        "utm_content": "AD|120252229294570045",
        "utm_term": "Instagram_Feed"
    },
    "commission": {
        "totalPriceInCents": "8500",
        "gatewayFeeInCents": 0,
        "userCommissionInCents": "8500"
    },
    "isTest": false
}
----------------------------------------
[2026-06-25 00:13:47] 📤 Dados formatados para Utmify
Dados: {
    "orderId": 8693080,
    "platform": "PayHubr",
    "paymentMethod": "pix",
    "status": "waiting_payment",
    "createdAt": "2026-06-25 00:13:47",
    "approvedDate": null,
    "refundedAt": null,
    "customer": {
        "name": "Arthur Ribeiro Carvalho",
        "email": "arthur.ribeiro.carvalho@email.com",
        "phone": null,
        "document": "59046902315",
        "country": "BR",
        "ip": "78.40.143.130"
    },
    "products": [
        {
            "id": "PROD_6a3c72bb02f87",
            "name": "Produto 85",
            "planId": null,
            "planName": null,
            "quantity": 1,
            "priceInCents": "8500"
        }
    ],
    "trackingParameters": {
        "src": null,
        "sck": null,
        "utm_source": "FBjLj6a3c719f40d53c0a6c4fd875",
        "utm_campaign": "CTV 01 PND \u2014 C\u00f3pia|120252229294360045",
        "utm_medium": "ADV|120252229293900045",
        "utm_content": "AD|120252229294570045",
        "utm_term": "Instagram_Feed",
        "xcod": null,
        "fbclid": null,
        "gclid": null,
        "ttclid": null
    },
    "commission": {
        "totalPriceInCents": "8500",
        "gatewayFeeInCents": 0,
        "userCommissionInCents": "8500"
    },
    "isTest": false
}
----------------------------------------
[2026-06-25 00:13:47] 📡 Enviando requisição para Utmify
Dados: {
    "url": "https:\/\/api.utmify.com.br\/api-credentials\/orders",
    "headers": [
        "Content-Type: application\/json",
        "x-api-token: [REDACTED]"
    ]
}
----------------------------------------
[2026-06-25 00:13:47] ✅ Resposta da API Utmify
Dados: {
    "http_code": 404,
    "response": {
        "OK": false,
        "data": {
            "type": "API_CREDENTIAL"
        },
        "result": "ERROR",
        "statusCode": 404,
        "message": "API_CREDENTIAL_NOT_FOUND"
    }
}
----------------------------------------
[2026-06-25 00:13:47] ❌ Erro
Dados: {
    "message": "Erro na API Utmify. HTTP Code: 404"
}
----------------------------------------
[2026-06-25 00:13:51] 📥 Dados recebidos do PayHubr
Dados: {
    "raw": "{\"orderId\":8693081,\"platform\":\"MinhaPlataforma\",\"paymentMethod\":\"pix\",\"status\":\"waiting_payment\",\"createdAt\":\"2026-06-24 21:13:51\",\"approvedDate\":null,\"refundedAt\":null,\"customer\":{\"name\":\"Alice Soares Souza\",\"email\":\"alice.soares.souza@email.com\",\"phone\":\"11999999999\",\"document\":\"66594080296\",\"country\":\"BR\",\"ip\":\"177.91.152.43\",\"userAgent\":\"Mozilla\\\/5.0 (Linux; Android 14; moto g84 5G Build\\\/U1TCS34.22-64-20-5-1; wv) AppleWebKit\\\/537.36 (KHTML, like Gecko) Version\\\/4.0 Chrome\\\/149.0.7827.150 Mobile Safari\\\/537.36 [FB_IAB\\\/FB4A;FBAV\\\/566.0.0.48.73;IABMV\\\/1;]\",\"externalId\":8693081,\"fbp\":null,\"fbc\":null},\"products\":[{\"id\":\"PROD_6a3c72bf219d8\",\"name\":\"Produto 85\",\"planId\":null,\"planName\":null,\"quantity\":1,\"priceInCents\":\"8500\"}],\"trackingParameters\":{\"utm_source\":\"FBjLj6a3c1a3cef61eb984e665fec\",\"utm_medium\":\"ADV|120252149656440045\",\"utm_campaign\":\"CTV 01 PND|120252149656460045\",\"utm_content\":\"AD|120252149656450045\",\"utm_term\":\"Facebook_Mobile_Feed\"},\"commission\":{\"totalPriceInCents\":\"8500\",\"gatewayFeeInCents\":0,\"userCommissionInCents\":\"8500\"},\"isTest\":false}"
}
----------------------------------------
[2026-06-25 00:13:51] 🔄 Processando dados recebidos
Dados: {
    "orderId": 8693081,
    "platform": "MinhaPlataforma",
    "paymentMethod": "pix",
    "status": "waiting_payment",
    "createdAt": "2026-06-24 21:13:51",
    "approvedDate": null,
    "refundedAt": null,
    "customer": {
        "name": "Alice Soares Souza",
        "email": "alice.soares.souza@email.com",
        "phone": "11999999999",
        "document": "66594080296",
        "country": "BR",
        "ip": "177.91.152.43",
        "userAgent": "Mozilla\/5.0 (Linux; Android 14; moto g84 5G Build\/U1TCS34.22-64-20-5-1; wv) AppleWebKit\/537.36 (KHTML, like Gecko) Version\/4.0 Chrome\/149.0.7827.150 Mobile Safari\/537.36 [FB_IAB\/FB4A;FBAV\/566.0.0.48.73;IABMV\/1;]",
        "externalId": 8693081,
        "fbp": null,
        "fbc": null
    },
    "products": [
        {
            "id": "PROD_6a3c72bf219d8",
            "name": "Produto 85",
            "planId": null,
            "planName": null,
            "quantity": 1,
            "priceInCents": "8500"
        }
    ],
    "trackingParameters": {
        "utm_source": "FBjLj6a3c1a3cef61eb984e665fec",
        "utm_medium": "ADV|120252149656440045",
        "utm_campaign": "CTV 01 PND|120252149656460045",
        "utm_content": "AD|120252149656450045",
        "utm_term": "Facebook_Mobile_Feed"
    },
    "commission": {
        "totalPriceInCents": "8500",
        "gatewayFeeInCents": 0,
        "userCommissionInCents": "8500"
    },
    "isTest": false
}
----------------------------------------
[2026-06-25 00:13:51] 📤 Dados formatados para Utmify
Dados: {
    "orderId": 8693081,
    "platform": "PayHubr",
    "paymentMethod": "pix",
    "status": "waiting_payment",
    "createdAt": "2026-06-25 00:13:51",
    "approvedDate": null,
    "refundedAt": null,
    "customer": {
        "name": "Alice Soares Souza",
        "email": "alice.soares.souza@email.com",
        "phone": null,
        "document": "66594080296",
        "country": "BR",
        "ip": "78.40.143.130"
    },
    "products": [
        {
            "id": "PROD_6a3c72bf219d8",
            "name": "Produto 85",
            "planId": null,
            "planName": null,
            "quantity": 1,
            "priceInCents": "8500"
        }
    ],
    "trackingParameters": {
        "src": null,
        "sck": null,
        "utm_source": "FBjLj6a3c1a3cef61eb984e665fec",
        "utm_campaign": "CTV 01 PND|120252149656460045",
        "utm_medium": "ADV|120252149656440045",
        "utm_content": "AD|120252149656450045",
        "utm_term": "Facebook_Mobile_Feed",
        "xcod": null,
        "fbclid": null,
        "gclid": null,
        "ttclid": null
    },
    "commission": {
        "totalPriceInCents": "8500",
        "gatewayFeeInCents": 0,
        "userCommissionInCents": "8500"
    },
    "isTest": false
}
----------------------------------------
[2026-06-25 00:13:51] 📡 Enviando requisição para Utmify
Dados: {
    "url": "https:\/\/api.utmify.com.br\/api-credentials\/orders",
    "headers": [
        "Content-Type: application\/json",
        "x-api-token: [REDACTED]"
    ]
}
----------------------------------------
[2026-06-25 00:13:51] ✅ Resposta da API Utmify
Dados: {
    "http_code": 404,
    "response": {
        "OK": false,
        "data": {
            "type": "API_CREDENTIAL"
        },
        "result": "ERROR",
        "statusCode": 404,
        "message": "API_CREDENTIAL_NOT_FOUND"
    }
}
----------------------------------------
[2026-06-25 00:13:51] ❌ Erro
Dados: {
    "message": "Erro na API Utmify. HTTP Code: 404"
}
----------------------------------------
[2026-06-25 00:15:24] 📥 Dados recebidos do PayHubr
Dados: {
    "raw": "{\"orderId\":8693101,\"platform\":\"MinhaPlataforma\",\"paymentMethod\":\"pix\",\"status\":\"waiting_payment\",\"createdAt\":\"2026-06-24 21:15:24\",\"approvedDate\":null,\"refundedAt\":null,\"customer\":{\"name\":\"Sophia Lima Silva\",\"email\":\"sophia.lima.silva@email.com\",\"phone\":\"11999999999\",\"document\":\"14417183970\",\"country\":\"BR\",\"ip\":\"2804:29b8:3004:5107:37da:a922:79f0:ffe\",\"userAgent\":\"Mozilla\\\/5.0 (Linux; Android 14; SM-A057M Build\\\/UP1A.231005.007) AppleWebKit\\\/537.36 (KHTML, like Gecko) Version\\\/4.0 Chrome\\\/149.0.7827.150 Mobile Safari\\\/537.36 [FB_IAB\\\/FB4A;FBAV\\\/566.0.0.48.73;IABMV\\\/1;]\",\"externalId\":8693101,\"fbp\":null,\"fbc\":null},\"products\":[{\"id\":\"PROD_6a3c731c86d1b\",\"name\":\"Produto 85\",\"planId\":null,\"planName\":null,\"quantity\":1,\"priceInCents\":\"8500\"}],\"trackingParameters\":{\"utm_source\":\"FBjLj6a3c71fb37617be68e62c65c\",\"utm_medium\":\"ADV|120252229293900045\",\"utm_campaign\":\"CTV 01 PND \\u2014 C\\u00f3pia|120252229294360045\",\"utm_content\":\"AD|120252229294570045\",\"utm_term\":\"Facebook_Mobile_Feed\"},\"commission\":{\"totalPriceInCents\":\"8500\",\"gatewayFeeInCents\":0,\"userCommissionInCents\":\"8500\"},\"isTest\":false}"
}
----------------------------------------
[2026-06-25 00:15:24] 🔄 Processando dados recebidos
Dados: {
    "orderId": 8693101,
    "platform": "MinhaPlataforma",
    "paymentMethod": "pix",
    "status": "waiting_payment",
    "createdAt": "2026-06-24 21:15:24",
    "approvedDate": null,
    "refundedAt": null,
    "customer": {
        "name": "Sophia Lima Silva",
        "email": "sophia.lima.silva@email.com",
        "phone": "11999999999",
        "document": "14417183970",
        "country": "BR",
        "ip": "2804:29b8:3004:5107:37da:a922:79f0:ffe",
        "userAgent": "Mozilla\/5.0 (Linux; Android 14; SM-A057M Build\/UP1A.231005.007) AppleWebKit\/537.36 (KHTML, like Gecko) Version\/4.0 Chrome\/149.0.7827.150 Mobile Safari\/537.36 [FB_IAB\/FB4A;FBAV\/566.0.0.48.73;IABMV\/1;]",
        "externalId": 8693101,
        "fbp": null,
        "fbc": null
    },
    "products": [
        {
            "id": "PROD_6a3c731c86d1b",
            "name": "Produto 85",
            "planId": null,
            "planName": null,
            "quantity": 1,
            "priceInCents": "8500"
        }
    ],
    "trackingParameters": {
        "utm_source": "FBjLj6a3c71fb37617be68e62c65c",
        "utm_medium": "ADV|120252229293900045",
        "utm_campaign": "CTV 01 PND \u2014 C\u00f3pia|120252229294360045",
        "utm_content": "AD|120252229294570045",
        "utm_term": "Facebook_Mobile_Feed"
    },
    "commission": {
        "totalPriceInCents": "8500",
        "gatewayFeeInCents": 0,
        "userCommissionInCents": "8500"
    },
    "isTest": false
}
----------------------------------------
[2026-06-25 00:15:24] 📤 Dados formatados para Utmify
Dados: {
    "orderId": 8693101,
    "platform": "PayHubr",
    "paymentMethod": "pix",
    "status": "waiting_payment",
    "createdAt": "2026-06-25 00:15:24",
    "approvedDate": null,
    "refundedAt": null,
    "customer": {
        "name": "Sophia Lima Silva",
        "email": "sophia.lima.silva@email.com",
        "phone": null,
        "document": "14417183970",
        "country": "BR",
        "ip": "78.40.143.130"
    },
    "products": [
        {
            "id": "PROD_6a3c731c86d1b",
            "name": "Produto 85",
            "planId": null,
            "planName": null,
            "quantity": 1,
            "priceInCents": "8500"
        }
    ],
    "trackingParameters": {
        "src": null,
        "sck": null,
        "utm_source": "FBjLj6a3c71fb37617be68e62c65c",
        "utm_campaign": "CTV 01 PND \u2014 C\u00f3pia|120252229294360045",
        "utm_medium": "ADV|120252229293900045",
        "utm_content": "AD|120252229294570045",
        "utm_term": "Facebook_Mobile_Feed",
        "xcod": null,
        "fbclid": null,
        "gclid": null,
        "ttclid": null
    },
    "commission": {
        "totalPriceInCents": "8500",
        "gatewayFeeInCents": 0,
        "userCommissionInCents": "8500"
    },
    "isTest": false
}
----------------------------------------
[2026-06-25 00:15:24] 📡 Enviando requisição para Utmify
Dados: {
    "url": "https:\/\/api.utmify.com.br\/api-credentials\/orders",
    "headers": [
        "Content-Type: application\/json",
        "x-api-token: [REDACTED]"
    ]
}
----------------------------------------
[2026-06-25 00:15:24] ✅ Resposta da API Utmify
Dados: {
    "http_code": 404,
    "response": {
        "OK": false,
        "data": {
            "type": "API_CREDENTIAL"
        },
        "result": "ERROR",
        "statusCode": 404,
        "message": "API_CREDENTIAL_NOT_FOUND"
    }
}
----------------------------------------
[2026-06-25 00:15:24] ❌ Erro
Dados: {
    "message": "Erro na API Utmify. HTTP Code: 404"
}
----------------------------------------
[2026-06-25 00:15:53] 📥 Dados recebidos do PayHubr
Dados: {
    "raw": "{\"orderId\":8693116,\"platform\":\"MinhaPlataforma\",\"paymentMethod\":\"pix\",\"status\":\"waiting_payment\",\"createdAt\":\"2026-06-24 21:15:53\",\"approvedDate\":null,\"refundedAt\":null,\"customer\":{\"name\":\"Daniel Silva Vieira\",\"email\":\"daniel.silva.vieira@email.com\",\"phone\":\"11999999999\",\"document\":\"42635224196\",\"country\":\"BR\",\"ip\":\"177.17.65.184\",\"userAgent\":\"Mozilla\\\/5.0 (Linux; Android 14; moto g24 power Build\\\/UTAS34.82-126-2) AppleWebKit\\\/537.36 (KHTML, like Gecko) Version\\\/4.0 Chrome\\\/149.0.7827.150 Mobile Safari\\\/537.36 [FB_IAB\\\/FB4A;FBAV\\\/566.0.0.48.73;IABMV\\\/1;]\",\"externalId\":8693116,\"fbp\":null,\"fbc\":null},\"products\":[{\"id\":\"PROD_6a3c73399b9e4\",\"name\":\"Produto 85\",\"planId\":null,\"planName\":null,\"quantity\":1,\"priceInCents\":\"8500\"}],\"trackingParameters\":{\"utm_source\":\"FBjLj6a3c720e5278289032a55d00\",\"utm_medium\":\"ADV|120252229293900045\",\"utm_campaign\":\"CTV 01 PND \\u2014 C\\u00f3pia|120252229294360045\",\"utm_content\":\"AD|120252229294570045\",\"utm_term\":\"Facebook_Mobile_Feed\"},\"commission\":{\"totalPriceInCents\":\"8500\",\"gatewayFeeInCents\":0,\"userCommissionInCents\":\"8500\"},\"isTest\":false}"
}
----------------------------------------
[2026-06-25 00:15:53] 🔄 Processando dados recebidos
Dados: {
    "orderId": 8693116,
    "platform": "MinhaPlataforma",
    "paymentMethod": "pix",
    "status": "waiting_payment",
    "createdAt": "2026-06-24 21:15:53",
    "approvedDate": null,
    "refundedAt": null,
    "customer": {
        "name": "Daniel Silva Vieira",
        "email": "daniel.silva.vieira@email.com",
        "phone": "11999999999",
        "document": "42635224196",
        "country": "BR",
        "ip": "177.17.65.184",
        "userAgent": "Mozilla\/5.0 (Linux; Android 14; moto g24 power Build\/UTAS34.82-126-2) AppleWebKit\/537.36 (KHTML, like Gecko) Version\/4.0 Chrome\/149.0.7827.150 Mobile Safari\/537.36 [FB_IAB\/FB4A;FBAV\/566.0.0.48.73;IABMV\/1;]",
        "externalId": 8693116,
        "fbp": null,
        "fbc": null
    },
    "products": [
        {
            "id": "PROD_6a3c73399b9e4",
            "name": "Produto 85",
            "planId": null,
            "planName": null,
            "quantity": 1,
            "priceInCents": "8500"
        }
    ],
    "trackingParameters": {
        "utm_source": "FBjLj6a3c720e5278289032a55d00",
        "utm_medium": "ADV|120252229293900045",
        "utm_campaign": "CTV 01 PND \u2014 C\u00f3pia|120252229294360045",
        "utm_content": "AD|120252229294570045",
        "utm_term": "Facebook_Mobile_Feed"
    },
    "commission": {
        "totalPriceInCents": "8500",
        "gatewayFeeInCents": 0,
        "userCommissionInCents": "8500"
    },
    "isTest": false
}
----------------------------------------
[2026-06-25 00:15:53] 📤 Dados formatados para Utmify
Dados: {
    "orderId": 8693116,
    "platform": "PayHubr",
    "paymentMethod": "pix",
    "status": "waiting_payment",
    "createdAt": "2026-06-25 00:15:53",
    "approvedDate": null,
    "refundedAt": null,
    "customer": {
        "name": "Daniel Silva Vieira",
        "email": "daniel.silva.vieira@email.com",
        "phone": null,
        "document": "42635224196",
        "country": "BR",
        "ip": "78.40.143.130"
    },
    "products": [
        {
            "id": "PROD_6a3c73399b9e4",
            "name": "Produto 85",
            "planId": null,
            "planName": null,
            "quantity": 1,
            "priceInCents": "8500"
        }
    ],
    "trackingParameters": {
        "src": null,
        "sck": null,
        "utm_source": "FBjLj6a3c720e5278289032a55d00",
        "utm_campaign": "CTV 01 PND \u2014 C\u00f3pia|120252229294360045",
        "utm_medium": "ADV|120252229293900045",
        "utm_content": "AD|120252229294570045",
        "utm_term": "Facebook_Mobile_Feed",
        "xcod": null,
        "fbclid": null,
        "gclid": null,
        "ttclid": null
    },
    "commission": {
        "totalPriceInCents": "8500",
        "gatewayFeeInCents": 0,
        "userCommissionInCents": "8500"
    },
    "isTest": false
}
----------------------------------------
[2026-06-25 00:15:53] 📡 Enviando requisição para Utmify
Dados: {
    "url": "https:\/\/api.utmify.com.br\/api-credentials\/orders",
    "headers": [
        "Content-Type: application\/json",
        "x-api-token: [REDACTED]"
    ]
}
----------------------------------------
[2026-06-25 00:15:53] ✅ Resposta da API Utmify
Dados: {
    "http_code": 404,
    "response": {
        "OK": false,
        "data": {
            "type": "API_CREDENTIAL"
        },
        "result": "ERROR",
        "statusCode": 404,
        "message": "API_CREDENTIAL_NOT_FOUND"
    }
}
----------------------------------------
[2026-06-25 00:15:53] ❌ Erro
Dados: {
    "message": "Erro na API Utmify. HTTP Code: 404"
}
----------------------------------------
[2026-06-25 00:17:28] 📥 Dados recebidos do PayHubr
Dados: {
    "raw": "{\"orderId\":8693152,\"platform\":\"MinhaPlataforma\",\"paymentMethod\":\"pix\",\"status\":\"waiting_payment\",\"createdAt\":\"2026-06-24 21:17:27\",\"approvedDate\":null,\"refundedAt\":null,\"customer\":{\"name\":\"Beatriz Vieira Barbosa\",\"email\":\"beatriz.vieira.barbosa@email.com\",\"phone\":\"11999999999\",\"document\":\"45944265655\",\"country\":\"BR\",\"ip\":\"24.152.81.34\",\"userAgent\":\"Mozilla\\\/5.0 (Linux; Android 14; SM-A057M Build\\\/UP1A.231005.007; wv) AppleWebKit\\\/537.36 (KHTML, like Gecko) Version\\\/4.0 Chrome\\\/149.0.7827.147 Mobile Safari\\\/537.36 Instagram 434.0.0.44.74 Android (34\\\/14; 332dpi; 1080x2400; samsung; SM-A057M; a05s; qcom; pt_BR; 996255481; IABMV\\\/1)\",\"externalId\":8693152,\"fbp\":null,\"fbc\":null},\"products\":[{\"id\":\"PROD_6a3c7397eb170\",\"name\":\"Produto 85\",\"planId\":null,\"planName\":null,\"quantity\":1,\"priceInCents\":\"8500\"}],\"trackingParameters\":{\"utm_source\":\"FBjLj6a3c72c55278289032a5b69f\",\"utm_medium\":\"ADV|120252150072920045\",\"utm_campaign\":\"CTV 11 PND \\u2014 C\\u00f3pia|120252150072980045\",\"utm_content\":\"AD|120252150072940045\",\"utm_term\":\"Instagram_Stories\"},\"commission\":{\"totalPriceInCents\":\"8500\",\"gatewayFeeInCents\":0,\"userCommissionInCents\":\"8500\"},\"isTest\":false}"
}
----------------------------------------
[2026-06-25 00:17:28] 🔄 Processando dados recebidos
Dados: {
    "orderId": 8693152,
    "platform": "MinhaPlataforma",
    "paymentMethod": "pix",
    "status": "waiting_payment",
    "createdAt": "2026-06-24 21:17:27",
    "approvedDate": null,
    "refundedAt": null,
    "customer": {
        "name": "Beatriz Vieira Barbosa",
        "email": "beatriz.vieira.barbosa@email.com",
        "phone": "11999999999",
        "document": "45944265655",
        "country": "BR",
        "ip": "24.152.81.34",
        "userAgent": "Mozilla\/5.0 (Linux; Android 14; SM-A057M Build\/UP1A.231005.007; wv) AppleWebKit\/537.36 (KHTML, like Gecko) Version\/4.0 Chrome\/149.0.7827.147 Mobile Safari\/537.36 Instagram 434.0.0.44.74 Android (34\/14; 332dpi; 1080x2400; samsung; SM-A057M; a05s; qcom; pt_BR; 996255481; IABMV\/1)",
        "externalId": 8693152,
        "fbp": null,
        "fbc": null
    },
    "products": [
        {
            "id": "PROD_6a3c7397eb170",
            "name": "Produto 85",
            "planId": null,
            "planName": null,
            "quantity": 1,
            "priceInCents": "8500"
        }
    ],
    "trackingParameters": {
        "utm_source": "FBjLj6a3c72c55278289032a5b69f",
        "utm_medium": "ADV|120252150072920045",
        "utm_campaign": "CTV 11 PND \u2014 C\u00f3pia|120252150072980045",
        "utm_content": "AD|120252150072940045",
        "utm_term": "Instagram_Stories"
    },
    "commission": {
        "totalPriceInCents": "8500",
        "gatewayFeeInCents": 0,
        "userCommissionInCents": "8500"
    },
    "isTest": false
}
----------------------------------------
[2026-06-25 00:17:28] 📤 Dados formatados para Utmify
Dados: {
    "orderId": 8693152,
    "platform": "PayHubr",
    "paymentMethod": "pix",
    "status": "waiting_payment",
    "createdAt": "2026-06-25 00:17:28",
    "approvedDate": null,
    "refundedAt": null,
    "customer": {
        "name": "Beatriz Vieira Barbosa",
        "email": "beatriz.vieira.barbosa@email.com",
        "phone": null,
        "document": "45944265655",
        "country": "BR",
        "ip": "78.40.143.130"
    },
    "products": [
        {
            "id": "PROD_6a3c7397eb170",
            "name": "Produto 85",
            "planId": null,
            "planName": null,
            "quantity": 1,
            "priceInCents": "8500"
        }
    ],
    "trackingParameters": {
        "src": null,
        "sck": null,
        "utm_source": "FBjLj6a3c72c55278289032a5b69f",
        "utm_campaign": "CTV 11 PND \u2014 C\u00f3pia|120252150072980045",
        "utm_medium": "ADV|120252150072920045",
        "utm_content": "AD|120252150072940045",
        "utm_term": "Instagram_Stories",
        "xcod": null,
        "fbclid": null,
        "gclid": null,
        "ttclid": null
    },
    "commission": {
        "totalPriceInCents": "8500",
        "gatewayFeeInCents": 0,
        "userCommissionInCents": "8500"
    },
    "isTest": false
}
----------------------------------------
[2026-06-25 00:17:28] 📡 Enviando requisição para Utmify
Dados: {
    "url": "https:\/\/api.utmify.com.br\/api-credentials\/orders",
    "headers": [
        "Content-Type: application\/json",
        "x-api-token: [REDACTED]"
    ]
}
----------------------------------------
[2026-06-25 00:17:28] ✅ Resposta da API Utmify
Dados: {
    "http_code": 404,
    "response": {
        "OK": false,
        "data": {
            "type": "API_CREDENTIAL"
        },
        "result": "ERROR",
        "statusCode": 404,
        "message": "API_CREDENTIAL_NOT_FOUND"
    }
}
----------------------------------------
[2026-06-25 00:17:28] ❌ Erro
Dados: {
    "message": "Erro na API Utmify. HTTP Code: 404"
}
----------------------------------------
[2026-06-25 00:19:00] 📥 Dados recebidos do PayHubr
Dados: {
    "raw": "{\"orderId\":8693168,\"platform\":\"MinhaPlataforma\",\"paymentMethod\":\"pix\",\"status\":\"waiting_payment\",\"createdAt\":\"2026-06-24 21:18:59\",\"approvedDate\":null,\"refundedAt\":null,\"customer\":{\"name\":\"Luiza Oliveira Barbosa\",\"email\":\"luiza.oliveira.barbosa@email.com\",\"phone\":\"11999999999\",\"document\":\"58557442998\",\"country\":\"BR\",\"ip\":\"2804:934c:201:6b00:fc7c:b1bf:a630:4c2b\",\"userAgent\":\"Mozilla\\\/5.0 (Linux; Android 16; SM-M546B Build\\\/BP2A.250605.031.A3) AppleWebKit\\\/537.36 (KHTML, like Gecko) Version\\\/4.0 Chrome\\\/149.0.7827.150 Mobile Safari\\\/537.36 [FB_IAB\\\/FB4A;FBAV\\\/566.0.0.48.73;IABMV\\\/1;]\",\"externalId\":8693168,\"fbp\":null,\"fbc\":null},\"products\":[{\"id\":\"PROD_6a3c73f3e1b3a\",\"name\":\"Produto 85\",\"planId\":null,\"planName\":null,\"quantity\":1,\"priceInCents\":\"8500\"}],\"trackingParameters\":{\"utm_source\":\"FBjLj6a3c72f5098c1ec6094cb8b7\",\"utm_medium\":\"ADV|120252229293920045\",\"utm_campaign\":\"CTV 01 PND \\u2014 C\\u00f3pia|120252229293710045\",\"utm_content\":\"AD|120252229294580045\",\"utm_term\":\"Facebook_Mobile_Feed\"},\"commission\":{\"totalPriceInCents\":\"8500\",\"gatewayFeeInCents\":0,\"userCommissionInCents\":\"8500\"},\"isTest\":false}"
}
----------------------------------------
[2026-06-25 00:19:00] 🔄 Processando dados recebidos
Dados: {
    "orderId": 8693168,
    "platform": "MinhaPlataforma",
    "paymentMethod": "pix",
    "status": "waiting_payment",
    "createdAt": "2026-06-24 21:18:59",
    "approvedDate": null,
    "refundedAt": null,
    "customer": {
        "name": "Luiza Oliveira Barbosa",
        "email": "luiza.oliveira.barbosa@email.com",
        "phone": "11999999999",
        "document": "58557442998",
        "country": "BR",
        "ip": "2804:934c:201:6b00:fc7c:b1bf:a630:4c2b",
        "userAgent": "Mozilla\/5.0 (Linux; Android 16; SM-M546B Build\/BP2A.250605.031.A3) AppleWebKit\/537.36 (KHTML, like Gecko) Version\/4.0 Chrome\/149.0.7827.150 Mobile Safari\/537.36 [FB_IAB\/FB4A;FBAV\/566.0.0.48.73;IABMV\/1;]",
        "externalId": 8693168,
        "fbp": null,
        "fbc": null
    },
    "products": [
        {
            "id": "PROD_6a3c73f3e1b3a",
            "name": "Produto 85",
            "planId": null,
            "planName": null,
            "quantity": 1,
            "priceInCents": "8500"
        }
    ],
    "trackingParameters": {
        "utm_source": "FBjLj6a3c72f5098c1ec6094cb8b7",
        "utm_medium": "ADV|120252229293920045",
        "utm_campaign": "CTV 01 PND \u2014 C\u00f3pia|120252229293710045",
        "utm_content": "AD|120252229294580045",
        "utm_term": "Facebook_Mobile_Feed"
    },
    "commission": {
        "totalPriceInCents": "8500",
        "gatewayFeeInCents": 0,
        "userCommissionInCents": "8500"
    },
    "isTest": false
}
----------------------------------------
[2026-06-25 00:19:00] 📤 Dados formatados para Utmify
Dados: {
    "orderId": 8693168,
    "platform": "PayHubr",
    "paymentMethod": "pix",
    "status": "waiting_payment",
    "createdAt": "2026-06-25 00:19:00",
    "approvedDate": null,
    "refundedAt": null,
    "customer": {
        "name": "Luiza Oliveira Barbosa",
        "email": "luiza.oliveira.barbosa@email.com",
        "phone": null,
        "document": "58557442998",
        "country": "BR",
        "ip": "78.40.143.130"
    },
    "products": [
        {
            "id": "PROD_6a3c73f3e1b3a",
            "name": "Produto 85",
            "planId": null,
            "planName": null,
            "quantity": 1,
            "priceInCents": "8500"
        }
    ],
    "trackingParameters": {
        "src": null,
        "sck": null,
        "utm_source": "FBjLj6a3c72f5098c1ec6094cb8b7",
        "utm_campaign": "CTV 01 PND \u2014 C\u00f3pia|120252229293710045",
        "utm_medium": "ADV|120252229293920045",
        "utm_content": "AD|120252229294580045",
        "utm_term": "Facebook_Mobile_Feed",
        "xcod": null,
        "fbclid": null,
        "gclid": null,
        "ttclid": null
    },
    "commission": {
        "totalPriceInCents": "8500",
        "gatewayFeeInCents": 0,
        "userCommissionInCents": "8500"
    },
    "isTest": false
}
----------------------------------------
[2026-06-25 00:19:00] 📡 Enviando requisição para Utmify
Dados: {
    "url": "https:\/\/api.utmify.com.br\/api-credentials\/orders",
    "headers": [
        "Content-Type: application\/json",
        "x-api-token: [REDACTED]"
    ]
}
----------------------------------------
[2026-06-25 00:19:00] ✅ Resposta da API Utmify
Dados: {
    "http_code": 404,
    "response": {
        "OK": false,
        "data": {
            "type": "API_CREDENTIAL"
        },
        "result": "ERROR",
        "statusCode": 404,
        "message": "API_CREDENTIAL_NOT_FOUND"
    }
}
----------------------------------------
[2026-06-25 00:19:00] ❌ Erro
Dados: {
    "message": "Erro na API Utmify. HTTP Code: 404"
}
----------------------------------------
[2026-06-25 00:20:20] 📥 Dados recebidos do PayHubr
Dados: {
    "raw": "{\"orderId\":8693203,\"platform\":\"MinhaPlataforma\",\"paymentMethod\":\"pix\",\"status\":\"waiting_payment\",\"createdAt\":\"2026-06-24 21:20:20\",\"approvedDate\":null,\"refundedAt\":null,\"customer\":{\"name\":\"Carlos Ferreira Lima\",\"email\":\"carlos.ferreira.lima@email.com\",\"phone\":\"11999999999\",\"document\":\"09634309127\",\"country\":\"BR\",\"ip\":\"179.97.85.86\",\"userAgent\":\"Mozilla\\\/5.0 (Linux; Android 15; SM-A146M Build\\\/AP3A.240905.015.A2; wv) AppleWebKit\\\/537.36 (KHTML, like Gecko) Version\\\/4.0 Chrome\\\/149.0.7827.150 Mobile Safari\\\/537.36 [FB_IAB\\\/FB4A;FBAV\\\/566.0.0.48.73;IABMV\\\/1;]\",\"externalId\":8693203,\"fbp\":null,\"fbc\":null},\"products\":[{\"id\":\"PROD_6a3c744434296\",\"name\":\"Produto 85\",\"planId\":null,\"planName\":null,\"quantity\":1,\"priceInCents\":\"8500\"}],\"trackingParameters\":{\"utm_source\":\"FBjLj6a3c734988be114dbd25d6b4\",\"utm_medium\":\"ADV|120252229294070045\",\"utm_campaign\":\"CTV 01 PND \\u2014 C\\u00f3pia|120252229293700045\",\"utm_content\":\"AD|120252229294270045\",\"utm_term\":\"Facebook_Mobile_Feed\"},\"commission\":{\"totalPriceInCents\":\"8500\",\"gatewayFeeInCents\":0,\"userCommissionInCents\":\"8500\"},\"isTest\":false}"
}
----------------------------------------
[2026-06-25 00:20:20] 🔄 Processando dados recebidos
Dados: {
    "orderId": 8693203,
    "platform": "MinhaPlataforma",
    "paymentMethod": "pix",
    "status": "waiting_payment",
    "createdAt": "2026-06-24 21:20:20",
    "approvedDate": null,
    "refundedAt": null,
    "customer": {
        "name": "Carlos Ferreira Lima",
        "email": "carlos.ferreira.lima@email.com",
        "phone": "11999999999",
        "document": "09634309127",
        "country": "BR",
        "ip": "179.97.85.86",
        "userAgent": "Mozilla\/5.0 (Linux; Android 15; SM-A146M Build\/AP3A.240905.015.A2; wv) AppleWebKit\/537.36 (KHTML, like Gecko) Version\/4.0 Chrome\/149.0.7827.150 Mobile Safari\/537.36 [FB_IAB\/FB4A;FBAV\/566.0.0.48.73;IABMV\/1;]",
        "externalId": 8693203,
        "fbp": null,
        "fbc": null
    },
    "products": [
        {
            "id": "PROD_6a3c744434296",
            "name": "Produto 85",
            "planId": null,
            "planName": null,
            "quantity": 1,
            "priceInCents": "8500"
        }
    ],
    "trackingParameters": {
        "utm_source": "FBjLj6a3c734988be114dbd25d6b4",
        "utm_medium": "ADV|120252229294070045",
        "utm_campaign": "CTV 01 PND \u2014 C\u00f3pia|120252229293700045",
        "utm_content": "AD|120252229294270045",
        "utm_term": "Facebook_Mobile_Feed"
    },
    "commission": {
        "totalPriceInCents": "8500",
        "gatewayFeeInCents": 0,
        "userCommissionInCents": "8500"
    },
    "isTest": false
}
----------------------------------------
[2026-06-25 00:20:20] 📤 Dados formatados para Utmify
Dados: {
    "orderId": 8693203,
    "platform": "PayHubr",
    "paymentMethod": "pix",
    "status": "waiting_payment",
    "createdAt": "2026-06-25 00:20:20",
    "approvedDate": null,
    "refundedAt": null,
    "customer": {
        "name": "Carlos Ferreira Lima",
        "email": "carlos.ferreira.lima@email.com",
        "phone": null,
        "document": "09634309127",
        "country": "BR",
        "ip": "78.40.143.130"
    },
    "products": [
        {
            "id": "PROD_6a3c744434296",
            "name": "Produto 85",
            "planId": null,
            "planName": null,
            "quantity": 1,
            "priceInCents": "8500"
        }
    ],
    "trackingParameters": {
        "src": null,
        "sck": null,
        "utm_source": "FBjLj6a3c734988be114dbd25d6b4",
        "utm_campaign": "CTV 01 PND \u2014 C\u00f3pia|120252229293700045",
        "utm_medium": "ADV|120252229294070045",
        "utm_content": "AD|120252229294270045",
        "utm_term": "Facebook_Mobile_Feed",
        "xcod": null,
        "fbclid": null,
        "gclid": null,
        "ttclid": null
    },
    "commission": {
        "totalPriceInCents": "8500",
        "gatewayFeeInCents": 0,
        "userCommissionInCents": "8500"
    },
    "isTest": false
}
----------------------------------------
[2026-06-25 00:20:20] 📡 Enviando requisição para Utmify
Dados: {
    "url": "https:\/\/api.utmify.com.br\/api-credentials\/orders",
    "headers": [
        "Content-Type: application\/json",
        "x-api-token: [REDACTED]"
    ]
}
----------------------------------------
[2026-06-25 00:20:20] ✅ Resposta da API Utmify
Dados: {
    "http_code": 404,
    "response": {
        "OK": false,
        "data": {
            "type": "API_CREDENTIAL"
        },
        "result": "ERROR",
        "statusCode": 404,
        "message": "API_CREDENTIAL_NOT_FOUND"
    }
}
----------------------------------------
[2026-06-25 00:20:20] ❌ Erro
Dados: {
    "message": "Erro na API Utmify. HTTP Code: 404"
}
----------------------------------------
[2026-06-25 00:20:27] 📥 Dados recebidos do PayHubr
Dados: {
    "raw": "{\"orderId\":8693207,\"platform\":\"MinhaPlataforma\",\"paymentMethod\":\"pix\",\"status\":\"waiting_payment\",\"createdAt\":\"2026-06-24 21:20:27\",\"approvedDate\":null,\"refundedAt\":null,\"customer\":{\"name\":\"Ana Soares Pereira\",\"email\":\"ana.soares.pereira@email.com\",\"phone\":\"11999999999\",\"document\":\"31323265260\",\"country\":\"BR\",\"ip\":\"189.37.73.32\",\"userAgent\":\"Mozilla\\\/5.0 (Linux; Android 12; SM-A125M Build\\\/SP1A.210812.016; wv) AppleWebKit\\\/537.36 (KHTML, like Gecko) Version\\\/4.0 Chrome\\\/149.0.7827.107 Mobile Safari\\\/537.36 [FB_IAB\\\/FB4A;FBAV\\\/565.0.0.49.74;IABMV\\\/1;]\",\"externalId\":8693207,\"fbp\":null,\"fbc\":null},\"products\":[{\"id\":\"PROD_6a3c744b58267\",\"name\":\"Produto 85\",\"planId\":null,\"planName\":null,\"quantity\":1,\"priceInCents\":\"8500\"}],\"trackingParameters\":{\"utm_source\":\"FBjLj6a3c43fdef61eb984e74347f\",\"utm_medium\":\"ADV|120252150072880045\",\"utm_campaign\":\"CTV 01 PND \\u2014 C\\u00f3pia|120252150072990045\",\"utm_content\":\"AD|120252150072960045\",\"utm_term\":\"Facebook_Mobile_Reels\"},\"commission\":{\"totalPriceInCents\":\"8500\",\"gatewayFeeInCents\":0,\"userCommissionInCents\":\"8500\"},\"isTest\":false}"
}
----------------------------------------
[2026-06-25 00:20:27] 🔄 Processando dados recebidos
Dados: {
    "orderId": 8693207,
    "platform": "MinhaPlataforma",
    "paymentMethod": "pix",
    "status": "waiting_payment",
    "createdAt": "2026-06-24 21:20:27",
    "approvedDate": null,
    "refundedAt": null,
    "customer": {
        "name": "Ana Soares Pereira",
        "email": "ana.soares.pereira@email.com",
        "phone": "11999999999",
        "document": "31323265260",
        "country": "BR",
        "ip": "189.37.73.32",
        "userAgent": "Mozilla\/5.0 (Linux; Android 12; SM-A125M Build\/SP1A.210812.016; wv) AppleWebKit\/537.36 (KHTML, like Gecko) Version\/4.0 Chrome\/149.0.7827.107 Mobile Safari\/537.36 [FB_IAB\/FB4A;FBAV\/565.0.0.49.74;IABMV\/1;]",
        "externalId": 8693207,
        "fbp": null,
        "fbc": null
    },
    "products": [
        {
            "id": "PROD_6a3c744b58267",
            "name": "Produto 85",
            "planId": null,
            "planName": null,
            "quantity": 1,
            "priceInCents": "8500"
        }
    ],
    "trackingParameters": {
        "utm_source": "FBjLj6a3c43fdef61eb984e74347f",
        "utm_medium": "ADV|120252150072880045",
        "utm_campaign": "CTV 01 PND \u2014 C\u00f3pia|120252150072990045",
        "utm_content": "AD|120252150072960045",
        "utm_term": "Facebook_Mobile_Reels"
    },
    "commission": {
        "totalPriceInCents": "8500",
        "gatewayFeeInCents": 0,
        "userCommissionInCents": "8500"
    },
    "isTest": false
}
----------------------------------------
[2026-06-25 00:20:27] 📤 Dados formatados para Utmify
Dados: {
    "orderId": 8693207,
    "platform": "PayHubr",
    "paymentMethod": "pix",
    "status": "waiting_payment",
    "createdAt": "2026-06-25 00:20:27",
    "approvedDate": null,
    "refundedAt": null,
    "customer": {
        "name": "Ana Soares Pereira",
        "email": "ana.soares.pereira@email.com",
        "phone": null,
        "document": "31323265260",
        "country": "BR",
        "ip": "78.40.143.130"
    },
    "products": [
        {
            "id": "PROD_6a3c744b58267",
            "name": "Produto 85",
            "planId": null,
            "planName": null,
            "quantity": 1,
            "priceInCents": "8500"
        }
    ],
    "trackingParameters": {
        "src": null,
        "sck": null,
        "utm_source": "FBjLj6a3c43fdef61eb984e74347f",
        "utm_campaign": "CTV 01 PND \u2014 C\u00f3pia|120252150072990045",
        "utm_medium": "ADV|120252150072880045",
        "utm_content": "AD|120252150072960045",
        "utm_term": "Facebook_Mobile_Reels",
        "xcod": null,
        "fbclid": null,
        "gclid": null,
        "ttclid": null
    },
    "commission": {
        "totalPriceInCents": "8500",
        "gatewayFeeInCents": 0,
        "userCommissionInCents": "8500"
    },
    "isTest": false
}
----------------------------------------
[2026-06-25 00:20:27] 📡 Enviando requisição para Utmify
Dados: {
    "url": "https:\/\/api.utmify.com.br\/api-credentials\/orders",
    "headers": [
        "Content-Type: application\/json",
        "x-api-token: [REDACTED]"
    ]
}
----------------------------------------
[2026-06-25 00:20:27] ✅ Resposta da API Utmify
Dados: {
    "http_code": 404,
    "response": {
        "OK": false,
        "data": {
            "type": "API_CREDENTIAL"
        },
        "result": "ERROR",
        "statusCode": 404,
        "message": "API_CREDENTIAL_NOT_FOUND"
    }
}
----------------------------------------
[2026-06-25 00:20:27] ❌ Erro
Dados: {
    "message": "Erro na API Utmify. HTTP Code: 404"
}
----------------------------------------
[2026-06-25 00:21:44] 📥 Dados recebidos do PayHubr
Dados: {
    "raw": "{\"orderId\":8693233,\"platform\":\"MinhaPlataforma\",\"paymentMethod\":\"pix\",\"status\":\"waiting_payment\",\"createdAt\":\"2026-06-24 21:21:44\",\"approvedDate\":null,\"refundedAt\":null,\"customer\":{\"name\":\"Bernardo Pereira Vieira\",\"email\":\"bernardo.pereira.vieira@email.com\",\"phone\":\"11999999999\",\"document\":\"64214485343\",\"country\":\"BR\",\"ip\":\"2804:60:3bc:4f00:a56e:14c1:1cdc:780f\",\"userAgent\":\"Mozilla\\\/5.0 (Linux; Android 12; Redmi Note 9S Build\\\/SKQ1.211019.001) AppleWebKit\\\/537.36 (KHTML, like Gecko) Version\\\/4.0 Chrome\\\/149.0.7827.83 Mobile Safari\\\/537.36 [FB_IAB\\\/FB4A;FBAV\\\/564.0.0.48.74;IABMV\\\/1;]\",\"externalId\":8693233,\"fbp\":null,\"fbc\":null},\"products\":[{\"id\":\"PROD_6a3c749804203\",\"name\":\"Produto 85\",\"planId\":null,\"planName\":null,\"quantity\":1,\"priceInCents\":\"8500\"}],\"trackingParameters\":{\"utm_source\":\"FBjLj6a3c741634263042b06a1d3c\",\"utm_medium\":\"ADV|120252229294410045\",\"utm_campaign\":\"CTV 01 PND \\u2014 C\\u00f3pia|120252229294530045\",\"utm_content\":\"AD|120252229293880045\",\"utm_term\":\"Facebook_Mobile_Reels\"},\"commission\":{\"totalPriceInCents\":\"8500\",\"gatewayFeeInCents\":0,\"userCommissionInCents\":\"8500\"},\"isTest\":false}"
}
----------------------------------------
[2026-06-25 00:21:44] 🔄 Processando dados recebidos
Dados: {
    "orderId": 8693233,
    "platform": "MinhaPlataforma",
    "paymentMethod": "pix",
    "status": "waiting_payment",
    "createdAt": "2026-06-24 21:21:44",
    "approvedDate": null,
    "refundedAt": null,
    "customer": {
        "name": "Bernardo Pereira Vieira",
        "email": "bernardo.pereira.vieira@email.com",
        "phone": "11999999999",
        "document": "64214485343",
        "country": "BR",
        "ip": "2804:60:3bc:4f00:a56e:14c1:1cdc:780f",
        "userAgent": "Mozilla\/5.0 (Linux; Android 12; Redmi Note 9S Build\/SKQ1.211019.001) AppleWebKit\/537.36 (KHTML, like Gecko) Version\/4.0 Chrome\/149.0.7827.83 Mobile Safari\/537.36 [FB_IAB\/FB4A;FBAV\/564.0.0.48.74;IABMV\/1;]",
        "externalId": 8693233,
        "fbp": null,
        "fbc": null
    },
    "products": [
        {
            "id": "PROD_6a3c749804203",
            "name": "Produto 85",
            "planId": null,
            "planName": null,
            "quantity": 1,
            "priceInCents": "8500"
        }
    ],
    "trackingParameters": {
        "utm_source": "FBjLj6a3c741634263042b06a1d3c",
        "utm_medium": "ADV|120252229294410045",
        "utm_campaign": "CTV 01 PND \u2014 C\u00f3pia|120252229294530045",
        "utm_content": "AD|120252229293880045",
        "utm_term": "Facebook_Mobile_Reels"
    },
    "commission": {
        "totalPriceInCents": "8500",
        "gatewayFeeInCents": 0,
        "userCommissionInCents": "8500"
    },
    "isTest": false
}
----------------------------------------
[2026-06-25 00:21:44] 📤 Dados formatados para Utmify
Dados: {
    "orderId": 8693233,
    "platform": "PayHubr",
    "paymentMethod": "pix",
    "status": "waiting_payment",
    "createdAt": "2026-06-25 00:21:44",
    "approvedDate": null,
    "refundedAt": null,
    "customer": {
        "name": "Bernardo Pereira Vieira",
        "email": "bernardo.pereira.vieira@email.com",
        "phone": null,
        "document": "64214485343",
        "country": "BR",
        "ip": "78.40.143.130"
    },
    "products": [
        {
            "id": "PROD_6a3c749804203",
            "name": "Produto 85",
            "planId": null,
            "planName": null,
            "quantity": 1,
            "priceInCents": "8500"
        }
    ],
    "trackingParameters": {
        "src": null,
        "sck": null,
        "utm_source": "FBjLj6a3c741634263042b06a1d3c",
        "utm_campaign": "CTV 01 PND \u2014 C\u00f3pia|120252229294530045",
        "utm_medium": "ADV|120252229294410045",
        "utm_content": "AD|120252229293880045",
        "utm_term": "Facebook_Mobile_Reels",
        "xcod": null,
        "fbclid": null,
        "gclid": null,
        "ttclid": null
    },
    "commission": {
        "totalPriceInCents": "8500",
        "gatewayFeeInCents": 0,
        "userCommissionInCents": "8500"
    },
    "isTest": false
}
----------------------------------------
[2026-06-25 00:21:44] 📡 Enviando requisição para Utmify
Dados: {
    "url": "https:\/\/api.utmify.com.br\/api-credentials\/orders",
    "headers": [
        "Content-Type: application\/json",
        "x-api-token: [REDACTED]"
    ]
}
----------------------------------------
[2026-06-25 00:21:44] ✅ Resposta da API Utmify
Dados: {
    "http_code": 404,
    "response": {
        "OK": false,
        "data": {
            "type": "API_CREDENTIAL"
        },
        "result": "ERROR",
        "statusCode": 404,
        "message": "API_CREDENTIAL_NOT_FOUND"
    }
}
----------------------------------------
[2026-06-25 00:21:44] ❌ Erro
Dados: {
    "message": "Erro na API Utmify. HTTP Code: 404"
}
----------------------------------------
[2026-06-25 00:21:45] 📥 Dados recebidos do PayHubr
Dados: {
    "raw": "{\"orderId\":8693234,\"platform\":\"MinhaPlataforma\",\"paymentMethod\":\"pix\",\"status\":\"waiting_payment\",\"createdAt\":\"2026-06-24 21:21:45\",\"approvedDate\":null,\"refundedAt\":null,\"customer\":{\"name\":\"Valentina Soares Barbosa\",\"email\":\"valentina.soares.barbosa@email.com\",\"phone\":\"11999999999\",\"document\":\"39460715893\",\"country\":\"BR\",\"ip\":\"2804:bf8:3200:1e00:fb3:46c3:ca4:e90\",\"userAgent\":\"Mozilla\\\/5.0 (Linux; Android 15; moto g35 5G Build\\\/VUOA35.116-128; wv) AppleWebKit\\\/537.36 (KHTML, like Gecko) Version\\\/4.0 Chrome\\\/149.0.7827.150 Mobile Safari\\\/537.36 [FB_IAB\\\/FB4A;FBAV\\\/566.0.0.48.73;IABMV\\\/1;]\",\"externalId\":8693234,\"fbp\":null,\"fbc\":null},\"products\":[{\"id\":\"PROD_6a3c749913247\",\"name\":\"Produto 85\",\"planId\":null,\"planName\":null,\"quantity\":1,\"priceInCents\":\"8500\"}],\"trackingParameters\":{\"utm_source\":\"jLj6a3c6611116fdf33cd9c6a02\"},\"commission\":{\"totalPriceInCents\":\"8500\",\"gatewayFeeInCents\":0,\"userCommissionInCents\":\"8500\"},\"isTest\":false}"
}
----------------------------------------
[2026-06-25 00:21:45] 🔄 Processando dados recebidos
Dados: {
    "orderId": 8693234,
    "platform": "MinhaPlataforma",
    "paymentMethod": "pix",
    "status": "waiting_payment",
    "createdAt": "2026-06-24 21:21:45",
    "approvedDate": null,
    "refundedAt": null,
    "customer": {
        "name": "Valentina Soares Barbosa",
        "email": "valentina.soares.barbosa@email.com",
        "phone": "11999999999",
        "document": "39460715893",
        "country": "BR",
        "ip": "2804:bf8:3200:1e00:fb3:46c3:ca4:e90",
        "userAgent": "Mozilla\/5.0 (Linux; Android 15; moto g35 5G Build\/VUOA35.116-128; wv) AppleWebKit\/537.36 (KHTML, like Gecko) Version\/4.0 Chrome\/149.0.7827.150 Mobile Safari\/537.36 [FB_IAB\/FB4A;FBAV\/566.0.0.48.73;IABMV\/1;]",
        "externalId": 8693234,
        "fbp": null,
        "fbc": null
    },
    "products": [
        {
            "id": "PROD_6a3c749913247",
            "name": "Produto 85",
            "planId": null,
            "planName": null,
            "quantity": 1,
            "priceInCents": "8500"
        }
    ],
    "trackingParameters": {
        "utm_source": "jLj6a3c6611116fdf33cd9c6a02"
    },
    "commission": {
        "totalPriceInCents": "8500",
        "gatewayFeeInCents": 0,
        "userCommissionInCents": "8500"
    },
    "isTest": false
}
----------------------------------------
[2026-06-25 00:21:45] 📤 Dados formatados para Utmify
Dados: {
    "orderId": 8693234,
    "platform": "PayHubr",
    "paymentMethod": "pix",
    "status": "waiting_payment",
    "createdAt": "2026-06-25 00:21:45",
    "approvedDate": null,
    "refundedAt": null,
    "customer": {
        "name": "Valentina Soares Barbosa",
        "email": "valentina.soares.barbosa@email.com",
        "phone": null,
        "document": "39460715893",
        "country": "BR",
        "ip": "78.40.143.130"
    },
    "products": [
        {
            "id": "PROD_6a3c749913247",
            "name": "Produto 85",
            "planId": null,
            "planName": null,
            "quantity": 1,
            "priceInCents": "8500"
        }
    ],
    "trackingParameters": {
        "src": null,
        "sck": null,
        "utm_source": "jLj6a3c6611116fdf33cd9c6a02",
        "utm_campaign": null,
        "utm_medium": null,
        "utm_content": null,
        "utm_term": null,
        "xcod": null,
        "fbclid": null,
        "gclid": null,
        "ttclid": null
    },
    "commission": {
        "totalPriceInCents": "8500",
        "gatewayFeeInCents": 0,
        "userCommissionInCents": "8500"
    },
    "isTest": false
}
----------------------------------------
[2026-06-25 00:21:45] 📡 Enviando requisição para Utmify
Dados: {
    "url": "https:\/\/api.utmify.com.br\/api-credentials\/orders",
    "headers": [
        "Content-Type: application\/json",
        "x-api-token: [REDACTED]"
    ]
}
----------------------------------------
[2026-06-25 00:21:45] ✅ Resposta da API Utmify
Dados: {
    "http_code": 404,
    "response": {
        "OK": false,
        "data": {
            "type": "API_CREDENTIAL"
        },
        "result": "ERROR",
        "statusCode": 404,
        "message": "API_CREDENTIAL_NOT_FOUND"
    }
}
----------------------------------------
[2026-06-25 00:21:45] ❌ Erro
Dados: {
    "message": "Erro na API Utmify. HTTP Code: 404"
}
----------------------------------------
[2026-06-25 00:21:49] 📥 Dados recebidos do PayHubr
Dados: {
    "raw": "{\"orderId\":8693238,\"platform\":\"MinhaPlataforma\",\"paymentMethod\":\"pix\",\"status\":\"waiting_payment\",\"createdAt\":\"2026-06-24 21:21:49\",\"approvedDate\":null,\"refundedAt\":null,\"customer\":{\"name\":\"Sofia Costa Vieira\",\"email\":\"sofia.costa.vieira@email.com\",\"phone\":\"11999999999\",\"document\":\"05746558915\",\"country\":\"BR\",\"ip\":\"2804:7044:8b00:f05:95f:9c0:b72c:df88\",\"userAgent\":\"Mozilla\\\/5.0 (iPhone; CPU iPhone OS 18_5 like Mac OS X) AppleWebKit\\\/605.1.15 (KHTML, like Gecko) Mobile\\\/22F76 Instagram 416.0.0.26.68 (iPhone12,1; iOS 18_5; pt_BR; pt; scale=2.00; 828x1792; IABMV\\\/1; 878272737) Safari\\\/604.1\",\"externalId\":8693238,\"fbp\":null,\"fbc\":null},\"products\":[{\"id\":\"PROD_6a3c749d65a38\",\"name\":\"Produto 85\",\"planId\":null,\"planName\":null,\"quantity\":1,\"priceInCents\":\"8500\"}],\"trackingParameters\":{\"utm_source\":\"FBjLj6a3c73b4a2f084d0de784808\",\"utm_medium\":\"ADV|120252229294070045\",\"utm_campaign\":\"CTV 01 PND \\u2014 C\\u00f3pia|120252229293700045\",\"utm_content\":\"AD|120252229294270045\",\"utm_term\":\"Instagram_Feed\"},\"commission\":{\"totalPriceInCents\":\"8500\",\"gatewayFeeInCents\":0,\"userCommissionInCents\":\"8500\"},\"isTest\":false}"
}
----------------------------------------
[2026-06-25 00:21:49] 🔄 Processando dados recebidos
Dados: {
    "orderId": 8693238,
    "platform": "MinhaPlataforma",
    "paymentMethod": "pix",
    "status": "waiting_payment",
    "createdAt": "2026-06-24 21:21:49",
    "approvedDate": null,
    "refundedAt": null,
    "customer": {
        "name": "Sofia Costa Vieira",
        "email": "sofia.costa.vieira@email.com",
        "phone": "11999999999",
        "document": "05746558915",
        "country": "BR",
        "ip": "2804:7044:8b00:f05:95f:9c0:b72c:df88",
        "userAgent": "Mozilla\/5.0 (iPhone; CPU iPhone OS 18_5 like Mac OS X) AppleWebKit\/605.1.15 (KHTML, like Gecko) Mobile\/22F76 Instagram 416.0.0.26.68 (iPhone12,1; iOS 18_5; pt_BR; pt; scale=2.00; 828x1792; IABMV\/1; 878272737) Safari\/604.1",
        "externalId": 8693238,
        "fbp": null,
        "fbc": null
    },
    "products": [
        {
            "id": "PROD_6a3c749d65a38",
            "name": "Produto 85",
            "planId": null,
            "planName": null,
            "quantity": 1,
            "priceInCents": "8500"
        }
    ],
    "trackingParameters": {
        "utm_source": "FBjLj6a3c73b4a2f084d0de784808",
        "utm_medium": "ADV|120252229294070045",
        "utm_campaign": "CTV 01 PND \u2014 C\u00f3pia|120252229293700045",
        "utm_content": "AD|120252229294270045",
        "utm_term": "Instagram_Feed"
    },
    "commission": {
        "totalPriceInCents": "8500",
        "gatewayFeeInCents": 0,
        "userCommissionInCents": "8500"
    },
    "isTest": false
}
----------------------------------------
[2026-06-25 00:21:49] 📤 Dados formatados para Utmify
Dados: {
    "orderId": 8693238,
    "platform": "PayHubr",
    "paymentMethod": "pix",
    "status": "waiting_payment",
    "createdAt": "2026-06-25 00:21:49",
    "approvedDate": null,
    "refundedAt": null,
    "customer": {
        "name": "Sofia Costa Vieira",
        "email": "sofia.costa.vieira@email.com",
        "phone": null,
        "document": "05746558915",
        "country": "BR",
        "ip": "78.40.143.130"
    },
    "products": [
        {
            "id": "PROD_6a3c749d65a38",
            "name": "Produto 85",
            "planId": null,
            "planName": null,
            "quantity": 1,
            "priceInCents": "8500"
        }
    ],
    "trackingParameters": {
        "src": null,
        "sck": null,
        "utm_source": "FBjLj6a3c73b4a2f084d0de784808",
        "utm_campaign": "CTV 01 PND \u2014 C\u00f3pia|120252229293700045",
        "utm_medium": "ADV|120252229294070045",
        "utm_content": "AD|120252229294270045",
        "utm_term": "Instagram_Feed",
        "xcod": null,
        "fbclid": null,
        "gclid": null,
        "ttclid": null
    },
    "commission": {
        "totalPriceInCents": "8500",
        "gatewayFeeInCents": 0,
        "userCommissionInCents": "8500"
    },
    "isTest": false
}
----------------------------------------
[2026-06-25 00:21:49] 📡 Enviando requisição para Utmify
Dados: {
    "url": "https:\/\/api.utmify.com.br\/api-credentials\/orders",
    "headers": [
        "Content-Type: application\/json",
        "x-api-token: [REDACTED]"
    ]
}
----------------------------------------
[2026-06-25 00:21:49] ✅ Resposta da API Utmify
Dados: {
    "http_code": 404,
    "response": {
        "OK": false,
        "data": {
            "type": "API_CREDENTIAL"
        },
        "result": "ERROR",
        "statusCode": 404,
        "message": "API_CREDENTIAL_NOT_FOUND"
    }
}
----------------------------------------
[2026-06-25 00:21:49] ❌ Erro
Dados: {
    "message": "Erro na API Utmify. HTTP Code: 404"
}
----------------------------------------
[2026-06-25 00:21:57] 📥 Dados recebidos do PayHubr
Dados: {
    "raw": "{\"orderId\":8693242,\"platform\":\"MinhaPlataforma\",\"paymentMethod\":\"pix\",\"status\":\"waiting_payment\",\"createdAt\":\"2026-06-24 21:21:56\",\"approvedDate\":null,\"refundedAt\":null,\"customer\":{\"name\":\"Thiago Almeida Almeida\",\"email\":\"thiago.almeida.almeida@email.com\",\"phone\":\"11999999999\",\"document\":\"85242730625\",\"country\":\"BR\",\"ip\":\"186.248.236.208\",\"userAgent\":\"Mozilla\\\/5.0 (iPhone; CPU iPhone OS 18_7 like Mac OS X) AppleWebKit\\\/605.1.15 (KHTML, like Gecko) Version\\\/26.5 Mobile\\\/15E148 Safari\\\/604.1\",\"externalId\":8693242,\"fbp\":null,\"fbc\":null},\"products\":[{\"id\":\"PROD_6a3c74a4e5b8f\",\"name\":\"Produto 85\",\"planId\":null,\"planName\":null,\"quantity\":1,\"priceInCents\":\"8500\"}],\"trackingParameters\":{\"utm_source\":\"FBjLj6a3c720e5278289032a55d00\",\"utm_medium\":\"ADV|120252229293900045\",\"utm_campaign\":\"CTV 01 PND \\u2014 C\\u00f3pia|120252229294360045\",\"utm_content\":\"AD|120252229294570045\",\"utm_term\":\"Facebook_Mobile_Feed\"},\"commission\":{\"totalPriceInCents\":\"8500\",\"gatewayFeeInCents\":0,\"userCommissionInCents\":\"8500\"},\"isTest\":false}"
}
----------------------------------------
[2026-06-25 00:21:57] 🔄 Processando dados recebidos
Dados: {
    "orderId": 8693242,
    "platform": "MinhaPlataforma",
    "paymentMethod": "pix",
    "status": "waiting_payment",
    "createdAt": "2026-06-24 21:21:56",
    "approvedDate": null,
    "refundedAt": null,
    "customer": {
        "name": "Thiago Almeida Almeida",
        "email": "thiago.almeida.almeida@email.com",
        "phone": "11999999999",
        "document": "85242730625",
        "country": "BR",
        "ip": "186.248.236.208",
        "userAgent": "Mozilla\/5.0 (iPhone; CPU iPhone OS 18_7 like Mac OS X) AppleWebKit\/605.1.15 (KHTML, like Gecko) Version\/26.5 Mobile\/15E148 Safari\/604.1",
        "externalId": 8693242,
        "fbp": null,
        "fbc": null
    },
    "products": [
        {
            "id": "PROD_6a3c74a4e5b8f",
            "name": "Produto 85",
            "planId": null,
            "planName": null,
            "quantity": 1,
            "priceInCents": "8500"
        }
    ],
    "trackingParameters": {
        "utm_source": "FBjLj6a3c720e5278289032a55d00",
        "utm_medium": "ADV|120252229293900045",
        "utm_campaign": "CTV 01 PND \u2014 C\u00f3pia|120252229294360045",
        "utm_content": "AD|120252229294570045",
        "utm_term": "Facebook_Mobile_Feed"
    },
    "commission": {
        "totalPriceInCents": "8500",
        "gatewayFeeInCents": 0,
        "userCommissionInCents": "8500"
    },
    "isTest": false
}
----------------------------------------
[2026-06-25 00:21:57] 📤 Dados formatados para Utmify
Dados: {
    "orderId": 8693242,
    "platform": "PayHubr",
    "paymentMethod": "pix",
    "status": "waiting_payment",
    "createdAt": "2026-06-25 00:21:57",
    "approvedDate": null,
    "refundedAt": null,
    "customer": {
        "name": "Thiago Almeida Almeida",
        "email": "thiago.almeida.almeida@email.com",
        "phone": null,
        "document": "85242730625",
        "country": "BR",
        "ip": "78.40.143.130"
    },
    "products": [
        {
            "id": "PROD_6a3c74a4e5b8f",
            "name": "Produto 85",
            "planId": null,
            "planName": null,
            "quantity": 1,
            "priceInCents": "8500"
        }
    ],
    "trackingParameters": {
        "src": null,
        "sck": null,
        "utm_source": "FBjLj6a3c720e5278289032a55d00",
        "utm_campaign": "CTV 01 PND \u2014 C\u00f3pia|120252229294360045",
        "utm_medium": "ADV|120252229293900045",
        "utm_content": "AD|120252229294570045",
        "utm_term": "Facebook_Mobile_Feed",
        "xcod": null,
        "fbclid": null,
        "gclid": null,
        "ttclid": null
    },
    "commission": {
        "totalPriceInCents": "8500",
        "gatewayFeeInCents": 0,
        "userCommissionInCents": "8500"
    },
    "isTest": false
}
----------------------------------------
[2026-06-25 00:21:57] 📡 Enviando requisição para Utmify
Dados: {
    "url": "https:\/\/api.utmify.com.br\/api-credentials\/orders",
    "headers": [
        "Content-Type: application\/json",
        "x-api-token: [REDACTED]"
    ]
}
----------------------------------------
[2026-06-25 00:21:57] ✅ Resposta da API Utmify
Dados: {
    "http_code": 404,
    "response": {
        "OK": false,
        "data": {
            "type": "API_CREDENTIAL"
        },
        "result": "ERROR",
        "statusCode": 404,
        "message": "API_CREDENTIAL_NOT_FOUND"
    }
}
----------------------------------------
[2026-06-25 00:21:57] ❌ Erro
Dados: {
    "message": "Erro na API Utmify. HTTP Code: 404"
}
----------------------------------------
[2026-06-25 00:22:01] 📥 Dados recebidos do PayHubr
Dados: {
    "raw": "{\"orderId\":8693243,\"platform\":\"MinhaPlataforma\",\"paymentMethod\":\"pix\",\"status\":\"waiting_payment\",\"createdAt\":\"2026-06-24 21:22:01\",\"approvedDate\":null,\"refundedAt\":null,\"customer\":{\"name\":\"Arthur Lopes Carvalho\",\"email\":\"arthur.lopes.carvalho@email.com\",\"phone\":\"11999999999\",\"document\":\"11551353857\",\"country\":\"BR\",\"ip\":\"2804:214:818f:499b:24f6:fcce:eb59:91a5\",\"userAgent\":\"Mozilla\\\/5.0 (iPhone; CPU iPhone OS 18_7 like Mac OS X) AppleWebKit\\\/605.1.15 (KHTML, like Gecko) Version\\\/18.7.6 Mobile\\\/15E148 Safari\\\/604.1\",\"externalId\":8693243,\"fbp\":null,\"fbc\":null},\"products\":[{\"id\":\"PROD_6a3c74a9b90e6\",\"name\":\"Produto 85\",\"planId\":null,\"planName\":null,\"quantity\":1,\"priceInCents\":\"8500\"}],\"trackingParameters\":{\"utm_source\":\"FBjLj6a3c60d67c488b572ec4a29d\",\"utm_medium\":\"ADV|120247856080700647\",\"utm_campaign\":\"CTV 11- PND \\u2014 C\\u00f3pia|120247856081070647\",\"utm_content\":\"AD|120247856080720647\",\"utm_term\":\"Instagram_Stories\"},\"commission\":{\"totalPriceInCents\":\"8500\",\"gatewayFeeInCents\":0,\"userCommissionInCents\":\"8500\"},\"isTest\":false}"
}
----------------------------------------
[2026-06-25 00:22:01] 🔄 Processando dados recebidos
Dados: {
    "orderId": 8693243,
    "platform": "MinhaPlataforma",
    "paymentMethod": "pix",
    "status": "waiting_payment",
    "createdAt": "2026-06-24 21:22:01",
    "approvedDate": null,
    "refundedAt": null,
    "customer": {
        "name": "Arthur Lopes Carvalho",
        "email": "arthur.lopes.carvalho@email.com",
        "phone": "11999999999",
        "document": "11551353857",
        "country": "BR",
        "ip": "2804:214:818f:499b:24f6:fcce:eb59:91a5",
        "userAgent": "Mozilla\/5.0 (iPhone; CPU iPhone OS 18_7 like Mac OS X) AppleWebKit\/605.1.15 (KHTML, like Gecko) Version\/18.7.6 Mobile\/15E148 Safari\/604.1",
        "externalId": 8693243,
        "fbp": null,
        "fbc": null
    },
    "products": [
        {
            "id": "PROD_6a3c74a9b90e6",
            "name": "Produto 85",
            "planId": null,
            "planName": null,
            "quantity": 1,
            "priceInCents": "8500"
        }
    ],
    "trackingParameters": {
        "utm_source": "FBjLj6a3c60d67c488b572ec4a29d",
        "utm_medium": "ADV|120247856080700647",
        "utm_campaign": "CTV 11- PND \u2014 C\u00f3pia|120247856081070647",
        "utm_content": "AD|120247856080720647",
        "utm_term": "Instagram_Stories"
    },
    "commission": {
        "totalPriceInCents": "8500",
        "gatewayFeeInCents": 0,
        "userCommissionInCents": "8500"
    },
    "isTest": false
}
----------------------------------------
[2026-06-25 00:22:01] 📤 Dados formatados para Utmify
Dados: {
    "orderId": 8693243,
    "platform": "PayHubr",
    "paymentMethod": "pix",
    "status": "waiting_payment",
    "createdAt": "2026-06-25 00:22:01",
    "approvedDate": null,
    "refundedAt": null,
    "customer": {
        "name": "Arthur Lopes Carvalho",
        "email": "arthur.lopes.carvalho@email.com",
        "phone": null,
        "document": "11551353857",
        "country": "BR",
        "ip": "78.40.143.130"
    },
    "products": [
        {
            "id": "PROD_6a3c74a9b90e6",
            "name": "Produto 85",
            "planId": null,
            "planName": null,
            "quantity": 1,
            "priceInCents": "8500"
        }
    ],
    "trackingParameters": {
        "src": null,
        "sck": null,
        "utm_source": "FBjLj6a3c60d67c488b572ec4a29d",
        "utm_campaign": "CTV 11- PND \u2014 C\u00f3pia|120247856081070647",
        "utm_medium": "ADV|120247856080700647",
        "utm_content": "AD|120247856080720647",
        "utm_term": "Instagram_Stories",
        "xcod": null,
        "fbclid": null,
        "gclid": null,
        "ttclid": null
    },
    "commission": {
        "totalPriceInCents": "8500",
        "gatewayFeeInCents": 0,
        "userCommissionInCents": "8500"
    },
    "isTest": false
}
----------------------------------------
[2026-06-25 00:22:01] 📡 Enviando requisição para Utmify
Dados: {
    "url": "https:\/\/api.utmify.com.br\/api-credentials\/orders",
    "headers": [
        "Content-Type: application\/json",
        "x-api-token: [REDACTED]"
    ]
}
----------------------------------------
[2026-06-25 00:22:02] ✅ Resposta da API Utmify
Dados: {
    "http_code": 404,
    "response": {
        "OK": false,
        "data": {
            "type": "API_CREDENTIAL"
        },
        "result": "ERROR",
        "statusCode": 404,
        "message": "API_CREDENTIAL_NOT_FOUND"
    }
}
----------------------------------------
[2026-06-25 00:22:02] ❌ Erro
Dados: {
    "message": "Erro na API Utmify. HTTP Code: 404"
}
----------------------------------------
[2026-06-25 00:22:11] 📥 Dados recebidos do PayHubr
Dados: {
    "raw": "{\"orderId\":8693247,\"platform\":\"MinhaPlataforma\",\"paymentMethod\":\"pix\",\"status\":\"waiting_payment\",\"createdAt\":\"2026-06-24 21:22:11\",\"approvedDate\":null,\"refundedAt\":null,\"customer\":{\"name\":\"Helena Vieira Soares\",\"email\":\"helena.vieira.soares@email.com\",\"phone\":\"11999999999\",\"document\":\"70373395558\",\"country\":\"BR\",\"ip\":\"2804:18:157:c93:18bc:adb:3431:f8a1\",\"userAgent\":\"Mozilla\\\/5.0 (Linux; Android 16; SM-A546E Build\\\/BP2A.250605.031.A3; wv) AppleWebKit\\\/537.36 (KHTML, like Gecko) Version\\\/4.0 Chrome\\\/149.0.7827.87 Mobile Safari\\\/537.36 Instagram 433.0.0.47.68 Android (36\\\/16; 540dpi; 1080x2340; samsung; SM-A546E; a54x; s5e8835; pt_BR; 990700999; IABMV\\\/1)\",\"externalId\":8693247,\"fbp\":null,\"fbc\":null},\"products\":[{\"id\":\"PROD_6a3c74b31e219\",\"name\":\"Produto 85\",\"planId\":null,\"planName\":null,\"quantity\":1,\"priceInCents\":\"8500\"}],\"trackingParameters\":{\"utm_source\":\"FBjLj6a3c721f098c1ec6094c5b51\",\"utm_medium\":\"ADV|120252229294470045\",\"utm_campaign\":\"CTV 01 PND \\u2014 C\\u00f3pia|120252229293670045\",\"utm_content\":\"AD|120252229294250045\",\"utm_term\":\"Instagram_Feed\"},\"commission\":{\"totalPriceInCents\":\"8500\",\"gatewayFeeInCents\":0,\"userCommissionInCents\":\"8500\"},\"isTest\":false}"
}
----------------------------------------
[2026-06-25 00:22:11] 🔄 Processando dados recebidos
Dados: {
    "orderId": 8693247,
    "platform": "MinhaPlataforma",
    "paymentMethod": "pix",
    "status": "waiting_payment",
    "createdAt": "2026-06-24 21:22:11",
    "approvedDate": null,
    "refundedAt": null,
    "customer": {
        "name": "Helena Vieira Soares",
        "email": "helena.vieira.soares@email.com",
        "phone": "11999999999",
        "document": "70373395558",
        "country": "BR",
        "ip": "2804:18:157:c93:18bc:adb:3431:f8a1",
        "userAgent": "Mozilla\/5.0 (Linux; Android 16; SM-A546E Build\/BP2A.250605.031.A3; wv) AppleWebKit\/537.36 (KHTML, like Gecko) Version\/4.0 Chrome\/149.0.7827.87 Mobile Safari\/537.36 Instagram 433.0.0.47.68 Android (36\/16; 540dpi; 1080x2340; samsung; SM-A546E; a54x; s5e8835; pt_BR; 990700999; IABMV\/1)",
        "externalId": 8693247,
        "fbp": null,
        "fbc": null
    },
    "products": [
        {
            "id": "PROD_6a3c74b31e219",
            "name": "Produto 85",
            "planId": null,
            "planName": null,
            "quantity": 1,
            "priceInCents": "8500"
        }
    ],
    "trackingParameters": {
        "utm_source": "FBjLj6a3c721f098c1ec6094c5b51",
        "utm_medium": "ADV|120252229294470045",
        "utm_campaign": "CTV 01 PND \u2014 C\u00f3pia|120252229293670045",
        "utm_content": "AD|120252229294250045",
        "utm_term": "Instagram_Feed"
    },
    "commission": {
        "totalPriceInCents": "8500",
        "gatewayFeeInCents": 0,
        "userCommissionInCents": "8500"
    },
    "isTest": false
}
----------------------------------------
[2026-06-25 00:22:11] 📤 Dados formatados para Utmify
Dados: {
    "orderId": 8693247,
    "platform": "PayHubr",
    "paymentMethod": "pix",
    "status": "waiting_payment",
    "createdAt": "2026-06-25 00:22:11",
    "approvedDate": null,
    "refundedAt": null,
    "customer": {
        "name": "Helena Vieira Soares",
        "email": "helena.vieira.soares@email.com",
        "phone": null,
        "document": "70373395558",
        "country": "BR",
        "ip": "78.40.143.130"
    },
    "products": [
        {
            "id": "PROD_6a3c74b31e219",
            "name": "Produto 85",
            "planId": null,
            "planName": null,
            "quantity": 1,
            "priceInCents": "8500"
        }
    ],
    "trackingParameters": {
        "src": null,
        "sck": null,
        "utm_source": "FBjLj6a3c721f098c1ec6094c5b51",
        "utm_campaign": "CTV 01 PND \u2014 C\u00f3pia|120252229293670045",
        "utm_medium": "ADV|120252229294470045",
        "utm_content": "AD|120252229294250045",
        "utm_term": "Instagram_Feed",
        "xcod": null,
        "fbclid": null,
        "gclid": null,
        "ttclid": null
    },
    "commission": {
        "totalPriceInCents": "8500",
        "gatewayFeeInCents": 0,
        "userCommissionInCents": "8500"
    },
    "isTest": false
}
----------------------------------------
[2026-06-25 00:22:11] 📡 Enviando requisição para Utmify
Dados: {
    "url": "https:\/\/api.utmify.com.br\/api-credentials\/orders",
    "headers": [
        "Content-Type: application\/json",
        "x-api-token: [REDACTED]"
    ]
}
----------------------------------------
[2026-06-25 00:22:11] ✅ Resposta da API Utmify
Dados: {
    "http_code": 404,
    "response": {
        "OK": false,
        "data": {
            "type": "API_CREDENTIAL"
        },
        "result": "ERROR",
        "statusCode": 404,
        "message": "API_CREDENTIAL_NOT_FOUND"
    }
}
----------------------------------------
[2026-06-25 00:22:11] ❌ Erro
Dados: {
    "message": "Erro na API Utmify. HTTP Code: 404"
}
----------------------------------------
[2026-06-25 00:22:33] 📥 Dados recebidos do PayHubr
Dados: {
    "raw": "{\"orderId\":8693253,\"platform\":\"MinhaPlataforma\",\"paymentMethod\":\"pix\",\"status\":\"waiting_payment\",\"createdAt\":\"2026-06-24 21:22:33\",\"approvedDate\":null,\"refundedAt\":null,\"customer\":{\"name\":\"Alice Pereira Fernandes\",\"email\":\"alice.pereira.fernandes@email.com\",\"phone\":\"11999999999\",\"document\":\"17643781303\",\"country\":\"BR\",\"ip\":\"2804:214:818f:499b:24f6:fcce:eb59:91a5\",\"userAgent\":\"Mozilla\\\/5.0 (iPhone; CPU iPhone OS 18_7 like Mac OS X) AppleWebKit\\\/605.1.15 (KHTML, like Gecko) Version\\\/18.7.6 Mobile\\\/15E148 Safari\\\/604.1\",\"externalId\":8693253,\"fbp\":null,\"fbc\":null},\"products\":[{\"id\":\"PROD_6a3c74c98dcf9\",\"name\":\"Produto 85\",\"planId\":null,\"planName\":null,\"quantity\":1,\"priceInCents\":\"8500\"}],\"trackingParameters\":{\"utm_source\":\"FBjLj6a3c60d67c488b572ec4a29d\",\"utm_medium\":\"ADV|120247856080700647\",\"utm_campaign\":\"CTV 11- PND \\u2014 C\\u00f3pia|120247856081070647\",\"utm_content\":\"AD|120247856080720647\",\"utm_term\":\"Instagram_Stories\"},\"commission\":{\"totalPriceInCents\":\"8500\",\"gatewayFeeInCents\":0,\"userCommissionInCents\":\"8500\"},\"isTest\":false}"
}
----------------------------------------
[2026-06-25 00:22:33] 🔄 Processando dados recebidos
Dados: {
    "orderId": 8693253,
    "platform": "MinhaPlataforma",
    "paymentMethod": "pix",
    "status": "waiting_payment",
    "createdAt": "2026-06-24 21:22:33",
    "approvedDate": null,
    "refundedAt": null,
    "customer": {
        "name": "Alice Pereira Fernandes",
        "email": "alice.pereira.fernandes@email.com",
        "phone": "11999999999",
        "document": "17643781303",
        "country": "BR",
        "ip": "2804:214:818f:499b:24f6:fcce:eb59:91a5",
        "userAgent": "Mozilla\/5.0 (iPhone; CPU iPhone OS 18_7 like Mac OS X) AppleWebKit\/605.1.15 (KHTML, like Gecko) Version\/18.7.6 Mobile\/15E148 Safari\/604.1",
        "externalId": 8693253,
        "fbp": null,
        "fbc": null
    },
    "products": [
        {
            "id": "PROD_6a3c74c98dcf9",
            "name": "Produto 85",
            "planId": null,
            "planName": null,
            "quantity": 1,
            "priceInCents": "8500"
        }
    ],
    "trackingParameters": {
        "utm_source": "FBjLj6a3c60d67c488b572ec4a29d",
        "utm_medium": "ADV|120247856080700647",
        "utm_campaign": "CTV 11- PND \u2014 C\u00f3pia|120247856081070647",
        "utm_content": "AD|120247856080720647",
        "utm_term": "Instagram_Stories"
    },
    "commission": {
        "totalPriceInCents": "8500",
        "gatewayFeeInCents": 0,
        "userCommissionInCents": "8500"
    },
    "isTest": false
}
----------------------------------------
[2026-06-25 00:22:33] 📤 Dados formatados para Utmify
Dados: {
    "orderId": 8693253,
    "platform": "PayHubr",
    "paymentMethod": "pix",
    "status": "waiting_payment",
    "createdAt": "2026-06-25 00:22:33",
    "approvedDate": null,
    "refundedAt": null,
    "customer": {
        "name": "Alice Pereira Fernandes",
        "email": "alice.pereira.fernandes@email.com",
        "phone": null,
        "document": "17643781303",
        "country": "BR",
        "ip": "78.40.143.130"
    },
    "products": [
        {
            "id": "PROD_6a3c74c98dcf9",
            "name": "Produto 85",
            "planId": null,
            "planName": null,
            "quantity": 1,
            "priceInCents": "8500"
        }
    ],
    "trackingParameters": {
        "src": null,
        "sck": null,
        "utm_source": "FBjLj6a3c60d67c488b572ec4a29d",
        "utm_campaign": "CTV 11- PND \u2014 C\u00f3pia|120247856081070647",
        "utm_medium": "ADV|120247856080700647",
        "utm_content": "AD|120247856080720647",
        "utm_term": "Instagram_Stories",
        "xcod": null,
        "fbclid": null,
        "gclid": null,
        "ttclid": null
    },
    "commission": {
        "totalPriceInCents": "8500",
        "gatewayFeeInCents": 0,
        "userCommissionInCents": "8500"
    },
    "isTest": false
}
----------------------------------------
[2026-06-25 00:22:33] 📡 Enviando requisição para Utmify
Dados: {
    "url": "https:\/\/api.utmify.com.br\/api-credentials\/orders",
    "headers": [
        "Content-Type: application\/json",
        "x-api-token: [REDACTED]"
    ]
}
----------------------------------------
[2026-06-25 00:22:33] ✅ Resposta da API Utmify
Dados: {
    "http_code": 404,
    "response": {
        "OK": false,
        "data": {
            "type": "API_CREDENTIAL"
        },
        "result": "ERROR",
        "statusCode": 404,
        "message": "API_CREDENTIAL_NOT_FOUND"
    }
}
----------------------------------------
[2026-06-25 00:22:33] ❌ Erro
Dados: {
    "message": "Erro na API Utmify. HTTP Code: 404"
}
----------------------------------------
[2026-06-25 00:23:10] 📥 Dados recebidos do PayHubr
Dados: {
    "raw": "{\"orderId\":8693265,\"platform\":\"MinhaPlataforma\",\"paymentMethod\":\"pix\",\"status\":\"waiting_payment\",\"createdAt\":\"2026-06-24 21:23:10\",\"approvedDate\":null,\"refundedAt\":null,\"customer\":{\"name\":\"Laura Ferreira Barbosa\",\"email\":\"laura.ferreira.barbosa@email.com\",\"phone\":\"11999999999\",\"document\":\"01363060473\",\"country\":\"BR\",\"ip\":\"2804:14c:6572:40b6:b4f0:8a51:76b:902e\",\"userAgent\":\"Mozilla\\\/5.0 (iPhone; CPU iPhone OS 26_5_1 like Mac OS X) AppleWebKit\\\/605.1.15 (KHTML, like Gecko) Mobile\\\/23F81 Safari\\\/604.1 [FBAN\\\/FBIOS;FBAV\\\/566.1.0.59.72;FBBV\\\/998154334;FBDV\\\/iPhone18,2;FBMD\\\/iPhone;FBSN\\\/iOS;FBSV\\\/26.5.1;FBSS\\\/3;FBID\\\/phone;FBLC\\\/pt_BR;FBOP\\\/5;FBRV\\\/1002330082;IABMV\\\/1]\",\"externalId\":8693265,\"fbp\":null,\"fbc\":null},\"products\":[{\"id\":\"PROD_6a3c74ee0827a\",\"name\":\"Produto 85\",\"planId\":null,\"planName\":null,\"quantity\":1,\"priceInCents\":\"8500\"}],\"trackingParameters\":{\"utm_source\":\"FBjLj6a3c741337617be68e63b74d\",\"utm_medium\":\"ADV|120252229293900045\",\"utm_campaign\":\"CTV 01 PND \\u2014 C\\u00f3pia|120252229294360045\",\"utm_content\":\"AD|120252229294570045\",\"utm_term\":\"Facebook_Mobile_Feed\"},\"commission\":{\"totalPriceInCents\":\"8500\",\"gatewayFeeInCents\":0,\"userCommissionInCents\":\"8500\"},\"isTest\":false}"
}
----------------------------------------
[2026-06-25 00:23:10] 🔄 Processando dados recebidos
Dados: {
    "orderId": 8693265,
    "platform": "MinhaPlataforma",
    "paymentMethod": "pix",
    "status": "waiting_payment",
    "createdAt": "2026-06-24 21:23:10",
    "approvedDate": null,
    "refundedAt": null,
    "customer": {
        "name": "Laura Ferreira Barbosa",
        "email": "laura.ferreira.barbosa@email.com",
        "phone": "11999999999",
        "document": "01363060473",
        "country": "BR",
        "ip": "2804:14c:6572:40b6:b4f0:8a51:76b:902e",
        "userAgent": "Mozilla\/5.0 (iPhone; CPU iPhone OS 26_5_1 like Mac OS X) AppleWebKit\/605.1.15 (KHTML, like Gecko) Mobile\/23F81 Safari\/604.1 [FBAN\/FBIOS;FBAV\/566.1.0.59.72;FBBV\/998154334;FBDV\/iPhone18,2;FBMD\/iPhone;FBSN\/iOS;FBSV\/26.5.1;FBSS\/3;FBID\/phone;FBLC\/pt_BR;FBOP\/5;FBRV\/1002330082;IABMV\/1]",
        "externalId": 8693265,
        "fbp": null,
        "fbc": null
    },
    "products": [
        {
            "id": "PROD_6a3c74ee0827a",
            "name": "Produto 85",
            "planId": null,
            "planName": null,
            "quantity": 1,
            "priceInCents": "8500"
        }
    ],
    "trackingParameters": {
        "utm_source": "FBjLj6a3c741337617be68e63b74d",
        "utm_medium": "ADV|120252229293900045",
        "utm_campaign": "CTV 01 PND \u2014 C\u00f3pia|120252229294360045",
        "utm_content": "AD|120252229294570045",
        "utm_term": "Facebook_Mobile_Feed"
    },
    "commission": {
        "totalPriceInCents": "8500",
        "gatewayFeeInCents": 0,
        "userCommissionInCents": "8500"
    },
    "isTest": false
}
----------------------------------------
[2026-06-25 00:23:10] 📤 Dados formatados para Utmify
Dados: {
    "orderId": 8693265,
    "platform": "PayHubr",
    "paymentMethod": "pix",
    "status": "waiting_payment",
    "createdAt": "2026-06-25 00:23:10",
    "approvedDate": null,
    "refundedAt": null,
    "customer": {
        "name": "Laura Ferreira Barbosa",
        "email": "laura.ferreira.barbosa@email.com",
        "phone": null,
        "document": "01363060473",
        "country": "BR",
        "ip": "78.40.143.130"
    },
    "products": [
        {
            "id": "PROD_6a3c74ee0827a",
            "name": "Produto 85",
            "planId": null,
            "planName": null,
            "quantity": 1,
            "priceInCents": "8500"
        }
    ],
    "trackingParameters": {
        "src": null,
        "sck": null,
        "utm_source": "FBjLj6a3c741337617be68e63b74d",
        "utm_campaign": "CTV 01 PND \u2014 C\u00f3pia|120252229294360045",
        "utm_medium": "ADV|120252229293900045",
        "utm_content": "AD|120252229294570045",
        "utm_term": "Facebook_Mobile_Feed",
        "xcod": null,
        "fbclid": null,
        "gclid": null,
        "ttclid": null
    },
    "commission": {
        "totalPriceInCents": "8500",
        "gatewayFeeInCents": 0,
        "userCommissionInCents": "8500"
    },
    "isTest": false
}
----------------------------------------
[2026-06-25 00:23:10] 📡 Enviando requisição para Utmify
Dados: {
    "url": "https:\/\/api.utmify.com.br\/api-credentials\/orders",
    "headers": [
        "Content-Type: application\/json",
        "x-api-token: [REDACTED]"
    ]
}
----------------------------------------
[2026-06-25 00:23:10] ✅ Resposta da API Utmify
Dados: {
    "http_code": 404,
    "response": {
        "OK": false,
        "data": {
            "type": "API_CREDENTIAL"
        },
        "result": "ERROR",
        "statusCode": 404,
        "message": "API_CREDENTIAL_NOT_FOUND"
    }
}
----------------------------------------
[2026-06-25 00:23:10] ❌ Erro
Dados: {
    "message": "Erro na API Utmify. HTTP Code: 404"
}
----------------------------------------
[2026-06-25 00:24:01] 📥 Dados recebidos do PayHubr
Dados: {
    "raw": "{\"orderId\":8693279,\"platform\":\"MinhaPlataforma\",\"paymentMethod\":\"pix\",\"status\":\"waiting_payment\",\"createdAt\":\"2026-06-24 21:24:01\",\"approvedDate\":null,\"refundedAt\":null,\"customer\":{\"name\":\"Felipe Carvalho Alves\",\"email\":\"felipe.carvalho.alves@email.com\",\"phone\":\"11999999999\",\"document\":\"19814339881\",\"country\":\"BR\",\"ip\":\"2803:9810:7038:4c08:6098:d7e:fb3d:8549\",\"userAgent\":\"Mozilla\\\/5.0 (Linux; Android 14; SM-A235M Build\\\/UP1A.231005.007; wv) AppleWebKit\\\/537.36 (KHTML, like Gecko) Version\\\/4.0 Chrome\\\/149.0.7827.150 Mobile Safari\\\/537.36 [FB_IAB\\\/FB4A;FBAV\\\/566.0.0.48.73;IABMV\\\/1;]\",\"externalId\":8693279,\"fbp\":null,\"fbc\":null},\"products\":[{\"id\":\"PROD_6a3c75217ab3c\",\"name\":\"Produto 85\",\"planId\":null,\"planName\":null,\"quantity\":1,\"priceInCents\":\"8500\"}],\"trackingParameters\":{\"utm_source\":\"FBjLj6a3c7490098c1ec6094d5e9d\",\"utm_medium\":\"ADV|120252150072920045\",\"utm_campaign\":\"CTV 11 PND \\u2014 C\\u00f3pia|120252150072980045\",\"utm_content\":\"AD|120252150072940045\",\"utm_term\":\"Facebook_Mobile_Reels\"},\"commission\":{\"totalPriceInCents\":\"8500\",\"gatewayFeeInCents\":0,\"userCommissionInCents\":\"8500\"},\"isTest\":false}"
}
----------------------------------------
[2026-06-25 00:24:01] 🔄 Processando dados recebidos
Dados: {
    "orderId": 8693279,
    "platform": "MinhaPlataforma",
    "paymentMethod": "pix",
    "status": "waiting_payment",
    "createdAt": "2026-06-24 21:24:01",
    "approvedDate": null,
    "refundedAt": null,
    "customer": {
        "name": "Felipe Carvalho Alves",
        "email": "felipe.carvalho.alves@email.com",
        "phone": "11999999999",
        "document": "19814339881",
        "country": "BR",
        "ip": "2803:9810:7038:4c08:6098:d7e:fb3d:8549",
        "userAgent": "Mozilla\/5.0 (Linux; Android 14; SM-A235M Build\/UP1A.231005.007; wv) AppleWebKit\/537.36 (KHTML, like Gecko) Version\/4.0 Chrome\/149.0.7827.150 Mobile Safari\/537.36 [FB_IAB\/FB4A;FBAV\/566.0.0.48.73;IABMV\/1;]",
        "externalId": 8693279,
        "fbp": null,
        "fbc": null
    },
    "products": [
        {
            "id": "PROD_6a3c75217ab3c",
            "name": "Produto 85",
            "planId": null,
            "planName": null,
            "quantity": 1,
            "priceInCents": "8500"
        }
    ],
    "trackingParameters": {
        "utm_source": "FBjLj6a3c7490098c1ec6094d5e9d",
        "utm_medium": "ADV|120252150072920045",
        "utm_campaign": "CTV 11 PND \u2014 C\u00f3pia|120252150072980045",
        "utm_content": "AD|120252150072940045",
        "utm_term": "Facebook_Mobile_Reels"
    },
    "commission": {
        "totalPriceInCents": "8500",
        "gatewayFeeInCents": 0,
        "userCommissionInCents": "8500"
    },
    "isTest": false
}
----------------------------------------
[2026-06-25 00:24:01] 📤 Dados formatados para Utmify
Dados: {
    "orderId": 8693279,
    "platform": "PayHubr",
    "paymentMethod": "pix",
    "status": "waiting_payment",
    "createdAt": "2026-06-25 00:24:01",
    "approvedDate": null,
    "refundedAt": null,
    "customer": {
        "name": "Felipe Carvalho Alves",
        "email": "felipe.carvalho.alves@email.com",
        "phone": null,
        "document": "19814339881",
        "country": "BR",
        "ip": "78.40.143.130"
    },
    "products": [
        {
            "id": "PROD_6a3c75217ab3c",
            "name": "Produto 85",
            "planId": null,
            "planName": null,
            "quantity": 1,
            "priceInCents": "8500"
        }
    ],
    "trackingParameters": {
        "src": null,
        "sck": null,
        "utm_source": "FBjLj6a3c7490098c1ec6094d5e9d",
        "utm_campaign": "CTV 11 PND \u2014 C\u00f3pia|120252150072980045",
        "utm_medium": "ADV|120252150072920045",
        "utm_content": "AD|120252150072940045",
        "utm_term": "Facebook_Mobile_Reels",
        "xcod": null,
        "fbclid": null,
        "gclid": null,
        "ttclid": null
    },
    "commission": {
        "totalPriceInCents": "8500",
        "gatewayFeeInCents": 0,
        "userCommissionInCents": "8500"
    },
    "isTest": false
}
----------------------------------------
[2026-06-25 00:24:01] 📡 Enviando requisição para Utmify
Dados: {
    "url": "https:\/\/api.utmify.com.br\/api-credentials\/orders",
    "headers": [
        "Content-Type: application\/json",
        "x-api-token: [REDACTED]"
    ]
}
----------------------------------------
[2026-06-25 00:24:02] ✅ Resposta da API Utmify
Dados: {
    "http_code": 404,
    "response": {
        "OK": false,
        "data": {
            "type": "API_CREDENTIAL"
        },
        "result": "ERROR",
        "statusCode": 404,
        "message": "API_CREDENTIAL_NOT_FOUND"
    }
}
----------------------------------------
[2026-06-25 00:24:02] ❌ Erro
Dados: {
    "message": "Erro na API Utmify. HTTP Code: 404"
}
----------------------------------------
[2026-06-25 00:24:10] 📥 Dados recebidos do PayHubr
Dados: {
    "raw": "{\"orderId\":8693281,\"platform\":\"MinhaPlataforma\",\"paymentMethod\":\"pix\",\"status\":\"waiting_payment\",\"createdAt\":\"2026-06-24 21:24:10\",\"approvedDate\":null,\"refundedAt\":null,\"customer\":{\"name\":\"Rafael Rodrigues Ribeiro\",\"email\":\"rafael.rodrigues.ribeiro@email.com\",\"phone\":\"11999999999\",\"document\":\"64341619560\",\"country\":\"BR\",\"ip\":\"2804:250:1018:bc00:207a:97e9:8213:2dcf\",\"userAgent\":\"Mozilla\\\/5.0 (Linux; Android 15; SM-A146M Build\\\/AP3A.240905.015.A2; wv) AppleWebKit\\\/537.36 (KHTML, like Gecko) Version\\\/4.0 Chrome\\\/149.0.7827.91 Mobile Safari\\\/537.36 [FB_IAB\\\/FB4A;FBAV\\\/566.0.0.48.73;IABMV\\\/1;]\",\"externalId\":8693281,\"fbp\":null,\"fbc\":null},\"products\":[{\"id\":\"PROD_6a3c752a4c69a\",\"name\":\"Produto 85\",\"planId\":null,\"planName\":null,\"quantity\":1,\"priceInCents\":\"8500\"}],\"trackingParameters\":{\"utm_source\":\"FBjLj6a3c717b9cda8281ce6128b8\",\"utm_medium\":\"ADV|120252229294470045\",\"utm_campaign\":\"CTV 01 PND \\u2014 C\\u00f3pia|120252229293670045\",\"utm_content\":\"AD|120252229294250045\",\"utm_term\":\"Facebook_Mobile_Feed\"},\"commission\":{\"totalPriceInCents\":\"8500\",\"gatewayFeeInCents\":0,\"userCommissionInCents\":\"8500\"},\"isTest\":false}"
}
----------------------------------------
[2026-06-25 00:24:10] 🔄 Processando dados recebidos
Dados: {
    "orderId": 8693281,
    "platform": "MinhaPlataforma",
    "paymentMethod": "pix",
    "status": "waiting_payment",
    "createdAt": "2026-06-24 21:24:10",
    "approvedDate": null,
    "refundedAt": null,
    "customer": {
        "name": "Rafael Rodrigues Ribeiro",
        "email": "rafael.rodrigues.ribeiro@email.com",
        "phone": "11999999999",
        "document": "64341619560",
        "country": "BR",
        "ip": "2804:250:1018:bc00:207a:97e9:8213:2dcf",
        "userAgent": "Mozilla\/5.0 (Linux; Android 15; SM-A146M Build\/AP3A.240905.015.A2; wv) AppleWebKit\/537.36 (KHTML, like Gecko) Version\/4.0 Chrome\/149.0.7827.91 Mobile Safari\/537.36 [FB_IAB\/FB4A;FBAV\/566.0.0.48.73;IABMV\/1;]",
        "externalId": 8693281,
        "fbp": null,
        "fbc": null
    },
    "products": [
        {
            "id": "PROD_6a3c752a4c69a",
            "name": "Produto 85",
            "planId": null,
            "planName": null,
            "quantity": 1,
            "priceInCents": "8500"
        }
    ],
    "trackingParameters": {
        "utm_source": "FBjLj6a3c717b9cda8281ce6128b8",
        "utm_medium": "ADV|120252229294470045",
        "utm_campaign": "CTV 01 PND \u2014 C\u00f3pia|120252229293670045",
        "utm_content": "AD|120252229294250045",
        "utm_term": "Facebook_Mobile_Feed"
    },
    "commission": {
        "totalPriceInCents": "8500",
        "gatewayFeeInCents": 0,
        "userCommissionInCents": "8500"
    },
    "isTest": false
}
----------------------------------------
[2026-06-25 00:24:10] 📤 Dados formatados para Utmify
Dados: {
    "orderId": 8693281,
    "platform": "PayHubr",
    "paymentMethod": "pix",
    "status": "waiting_payment",
    "createdAt": "2026-06-25 00:24:10",
    "approvedDate": null,
    "refundedAt": null,
    "customer": {
        "name": "Rafael Rodrigues Ribeiro",
        "email": "rafael.rodrigues.ribeiro@email.com",
        "phone": null,
        "document": "64341619560",
        "country": "BR",
        "ip": "78.40.143.130"
    },
    "products": [
        {
            "id": "PROD_6a3c752a4c69a",
            "name": "Produto 85",
            "planId": null,
            "planName": null,
            "quantity": 1,
            "priceInCents": "8500"
        }
    ],
    "trackingParameters": {
        "src": null,
        "sck": null,
        "utm_source": "FBjLj6a3c717b9cda8281ce6128b8",
        "utm_campaign": "CTV 01 PND \u2014 C\u00f3pia|120252229293670045",
        "utm_medium": "ADV|120252229294470045",
        "utm_content": "AD|120252229294250045",
        "utm_term": "Facebook_Mobile_Feed",
        "xcod": null,
        "fbclid": null,
        "gclid": null,
        "ttclid": null
    },
    "commission": {
        "totalPriceInCents": "8500",
        "gatewayFeeInCents": 0,
        "userCommissionInCents": "8500"
    },
    "isTest": false
}
----------------------------------------
[2026-06-25 00:24:10] 📡 Enviando requisição para Utmify
Dados: {
    "url": "https:\/\/api.utmify.com.br\/api-credentials\/orders",
    "headers": [
        "Content-Type: application\/json",
        "x-api-token: [REDACTED]"
    ]
}
----------------------------------------
[2026-06-25 00:24:10] ✅ Resposta da API Utmify
Dados: {
    "http_code": 404,
    "response": {
        "OK": false,
        "data": {
            "type": "API_CREDENTIAL"
        },
        "result": "ERROR",
        "statusCode": 404,
        "message": "API_CREDENTIAL_NOT_FOUND"
    }
}
----------------------------------------
[2026-06-25 00:24:10] ❌ Erro
Dados: {
    "message": "Erro na API Utmify. HTTP Code: 404"
}
----------------------------------------
[2026-06-25 00:24:30] 📥 Dados recebidos do PayHubr
Dados: {
    "raw": "{\"orderId\":8693287,\"platform\":\"MinhaPlataforma\",\"paymentMethod\":\"pix\",\"status\":\"waiting_payment\",\"createdAt\":\"2026-06-24 21:24:30\",\"approvedDate\":null,\"refundedAt\":null,\"customer\":{\"name\":\"Clara Soares Silva\",\"email\":\"clara.soares.silva@email.com\",\"phone\":\"11999999999\",\"document\":\"63817147511\",\"country\":\"BR\",\"ip\":\"2804:7f0:a211:b4d9:c7f0:8fad:37b5:c9ba\",\"userAgent\":\"Mozilla\\\/5.0 (Linux; Android 16; 24095PCADG Build\\\/BP2A.250605.031.A3; wv) AppleWebKit\\\/537.36 (KHTML, like Gecko) Version\\\/4.0 Chrome\\\/149.0.7827.91 Mobile Safari\\\/537.36 Instagram 434.0.0.44.74 Android (36\\\/16; 520dpi; 1220x2712; Xiaomi\\\/POCO; 24095PCADG; malachite; mt6878; pt_BR; 996255481; IABMV\\\/1)\",\"externalId\":8693287,\"fbp\":null,\"fbc\":null},\"products\":[{\"id\":\"PROD_6a3c753e5fb84\",\"name\":\"Produto 85\",\"planId\":null,\"planName\":null,\"quantity\":1,\"priceInCents\":\"8500\"}],\"trackingParameters\":{\"utm_source\":\"FBjLj6a3c73ea098c1ec6094d1b37\",\"utm_medium\":\"ADV|120252229294410045\",\"utm_campaign\":\"CTV 01 PND \\u2014 C\\u00f3pia|120252229294530045\",\"utm_content\":\"AD|120252229293880045\",\"utm_term\":\"Instagram_Feed\"},\"commission\":{\"totalPriceInCents\":\"8500\",\"gatewayFeeInCents\":0,\"userCommissionInCents\":\"8500\"},\"isTest\":false}"
}
----------------------------------------
[2026-06-25 00:24:30] 🔄 Processando dados recebidos
Dados: {
    "orderId": 8693287,
    "platform": "MinhaPlataforma",
    "paymentMethod": "pix",
    "status": "waiting_payment",
    "createdAt": "2026-06-24 21:24:30",
    "approvedDate": null,
    "refundedAt": null,
    "customer": {
        "name": "Clara Soares Silva",
        "email": "clara.soares.silva@email.com",
        "phone": "11999999999",
        "document": "63817147511",
        "country": "BR",
        "ip": "2804:7f0:a211:b4d9:c7f0:8fad:37b5:c9ba",
        "userAgent": "Mozilla\/5.0 (Linux; Android 16; 24095PCADG Build\/BP2A.250605.031.A3; wv) AppleWebKit\/537.36 (KHTML, like Gecko) Version\/4.0 Chrome\/149.0.7827.91 Mobile Safari\/537.36 Instagram 434.0.0.44.74 Android (36\/16; 520dpi; 1220x2712; Xiaomi\/POCO; 24095PCADG; malachite; mt6878; pt_BR; 996255481; IABMV\/1)",
        "externalId": 8693287,
        "fbp": null,
        "fbc": null
    },
    "products": [
        {
            "id": "PROD_6a3c753e5fb84",
            "name": "Produto 85",
            "planId": null,
            "planName": null,
            "quantity": 1,
            "priceInCents": "8500"
        }
    ],
    "trackingParameters": {
        "utm_source": "FBjLj6a3c73ea098c1ec6094d1b37",
        "utm_medium": "ADV|120252229294410045",
        "utm_campaign": "CTV 01 PND \u2014 C\u00f3pia|120252229294530045",
        "utm_content": "AD|120252229293880045",
        "utm_term": "Instagram_Feed"
    },
    "commission": {
        "totalPriceInCents": "8500",
        "gatewayFeeInCents": 0,
        "userCommissionInCents": "8500"
    },
    "isTest": false
}
----------------------------------------
[2026-06-25 00:24:30] 📤 Dados formatados para Utmify
Dados: {
    "orderId": 8693287,
    "platform": "PayHubr",
    "paymentMethod": "pix",
    "status": "waiting_payment",
    "createdAt": "2026-06-25 00:24:30",
    "approvedDate": null,
    "refundedAt": null,
    "customer": {
        "name": "Clara Soares Silva",
        "email": "clara.soares.silva@email.com",
        "phone": null,
        "document": "63817147511",
        "country": "BR",
        "ip": "78.40.143.130"
    },
    "products": [
        {
            "id": "PROD_6a3c753e5fb84",
            "name": "Produto 85",
            "planId": null,
            "planName": null,
            "quantity": 1,
            "priceInCents": "8500"
        }
    ],
    "trackingParameters": {
        "src": null,
        "sck": null,
        "utm_source": "FBjLj6a3c73ea098c1ec6094d1b37",
        "utm_campaign": "CTV 01 PND \u2014 C\u00f3pia|120252229294530045",
        "utm_medium": "ADV|120252229294410045",
        "utm_content": "AD|120252229293880045",
        "utm_term": "Instagram_Feed",
        "xcod": null,
        "fbclid": null,
        "gclid": null,
        "ttclid": null
    },
    "commission": {
        "totalPriceInCents": "8500",
        "gatewayFeeInCents": 0,
        "userCommissionInCents": "8500"
    },
    "isTest": false
}
----------------------------------------
[2026-06-25 00:24:30] 📡 Enviando requisição para Utmify
Dados: {
    "url": "https:\/\/api.utmify.com.br\/api-credentials\/orders",
    "headers": [
        "Content-Type: application\/json",
        "x-api-token: [REDACTED]"
    ]
}
----------------------------------------
[2026-06-25 00:24:30] ✅ Resposta da API Utmify
Dados: {
    "http_code": 404,
    "response": {
        "OK": false,
        "data": {
            "type": "API_CREDENTIAL"
        },
        "result": "ERROR",
        "statusCode": 404,
        "message": "API_CREDENTIAL_NOT_FOUND"
    }
}
----------------------------------------
[2026-06-25 00:24:30] ❌ Erro
Dados: {
    "message": "Erro na API Utmify. HTTP Code: 404"
}
----------------------------------------
[2026-06-25 00:25:11] 📥 Dados recebidos do PayHubr
Dados: {
    "raw": "{\"orderId\":8693304,\"platform\":\"MinhaPlataforma\",\"paymentMethod\":\"pix\",\"status\":\"waiting_payment\",\"createdAt\":\"2026-06-24 21:25:11\",\"approvedDate\":null,\"refundedAt\":null,\"customer\":{\"name\":\"Isabella Gomes Rodrigues\",\"email\":\"isabella.gomes.rodrigues@email.com\",\"phone\":\"11999999999\",\"document\":\"79326612007\",\"country\":\"BR\",\"ip\":\"191.179.116.254\",\"userAgent\":\"Mozilla\\\/5.0 (Linux; Android 13; SM-A032M Build\\\/TP1A.220624.014; wv) AppleWebKit\\\/537.36 (KHTML, like Gecko) Version\\\/4.0 Chrome\\\/149.0.7827.91 Mobile Safari\\\/537.36 Instagram 434.0.0.44.74 Android (33\\\/13; 320dpi; 720x1600; samsung; SM-A032M; a3core; m168; pt_BR; 996255475; IABMV\\\/1)\",\"externalId\":8693304,\"fbp\":null,\"fbc\":null},\"products\":[{\"id\":\"PROD_6a3c75676f5dd\",\"name\":\"Produto 85\",\"planId\":null,\"planName\":null,\"quantity\":1,\"priceInCents\":\"8500\"}],\"trackingParameters\":{\"utm_source\":\"FBjLj6a3c74069cda8281ce622931\",\"utm_medium\":\"ADV|120252229294400045\",\"utm_campaign\":\"CTV 01 PND \\u2014 C\\u00f3pia|120252229294550045\",\"utm_content\":\"AD|120252229294240045\",\"utm_term\":\"Instagram_Reels\"},\"commission\":{\"totalPriceInCents\":\"8500\",\"gatewayFeeInCents\":0,\"userCommissionInCents\":\"8500\"},\"isTest\":false}"
}
----------------------------------------
[2026-06-25 00:25:11] 🔄 Processando dados recebidos
Dados: {
    "orderId": 8693304,
    "platform": "MinhaPlataforma",
    "paymentMethod": "pix",
    "status": "waiting_payment",
    "createdAt": "2026-06-24 21:25:11",
    "approvedDate": null,
    "refundedAt": null,
    "customer": {
        "name": "Isabella Gomes Rodrigues",
        "email": "isabella.gomes.rodrigues@email.com",
        "phone": "11999999999",
        "document": "79326612007",
        "country": "BR",
        "ip": "191.179.116.254",
        "userAgent": "Mozilla\/5.0 (Linux; Android 13; SM-A032M Build\/TP1A.220624.014; wv) AppleWebKit\/537.36 (KHTML, like Gecko) Version\/4.0 Chrome\/149.0.7827.91 Mobile Safari\/537.36 Instagram 434.0.0.44.74 Android (33\/13; 320dpi; 720x1600; samsung; SM-A032M; a3core; m168; pt_BR; 996255475; IABMV\/1)",
        "externalId": 8693304,
        "fbp": null,
        "fbc": null
    },
    "products": [
        {
            "id": "PROD_6a3c75676f5dd",
            "name": "Produto 85",
            "planId": null,
            "planName": null,
            "quantity": 1,
            "priceInCents": "8500"
        }
    ],
    "trackingParameters": {
        "utm_source": "FBjLj6a3c74069cda8281ce622931",
        "utm_medium": "ADV|120252229294400045",
        "utm_campaign": "CTV 01 PND \u2014 C\u00f3pia|120252229294550045",
        "utm_content": "AD|120252229294240045",
        "utm_term": "Instagram_Reels"
    },
    "commission": {
        "totalPriceInCents": "8500",
        "gatewayFeeInCents": 0,
        "userCommissionInCents": "8500"
    },
    "isTest": false
}
----------------------------------------
[2026-06-25 00:25:11] 📤 Dados formatados para Utmify
Dados: {
    "orderId": 8693304,
    "platform": "PayHubr",
    "paymentMethod": "pix",
    "status": "waiting_payment",
    "createdAt": "2026-06-25 00:25:11",
    "approvedDate": null,
    "refundedAt": null,
    "customer": {
        "name": "Isabella Gomes Rodrigues",
        "email": "isabella.gomes.rodrigues@email.com",
        "phone": null,
        "document": "79326612007",
        "country": "BR",
        "ip": "78.40.143.130"
    },
    "products": [
        {
            "id": "PROD_6a3c75676f5dd",
            "name": "Produto 85",
            "planId": null,
            "planName": null,
            "quantity": 1,
            "priceInCents": "8500"
        }
    ],
    "trackingParameters": {
        "src": null,
        "sck": null,
        "utm_source": "FBjLj6a3c74069cda8281ce622931",
        "utm_campaign": "CTV 01 PND \u2014 C\u00f3pia|120252229294550045",
        "utm_medium": "ADV|120252229294400045",
        "utm_content": "AD|120252229294240045",
        "utm_term": "Instagram_Reels",
        "xcod": null,
        "fbclid": null,
        "gclid": null,
        "ttclid": null
    },
    "commission": {
        "totalPriceInCents": "8500",
        "gatewayFeeInCents": 0,
        "userCommissionInCents": "8500"
    },
    "isTest": false
}
----------------------------------------
[2026-06-25 00:25:11] 📡 Enviando requisição para Utmify
Dados: {
    "url": "https:\/\/api.utmify.com.br\/api-credentials\/orders",
    "headers": [
        "Content-Type: application\/json",
        "x-api-token: [REDACTED]"
    ]
}
----------------------------------------
[2026-06-25 00:25:11] ✅ Resposta da API Utmify
Dados: {
    "http_code": 404,
    "response": {
        "OK": false,
        "data": {
            "type": "API_CREDENTIAL"
        },
        "result": "ERROR",
        "statusCode": 404,
        "message": "API_CREDENTIAL_NOT_FOUND"
    }
}
----------------------------------------
[2026-06-25 00:25:11] ❌ Erro
Dados: {
    "message": "Erro na API Utmify. HTTP Code: 404"
}
----------------------------------------
[2026-06-25 00:25:47] 📥 Dados recebidos do PayHubr
Dados: {
    "raw": "{\"orderId\":8693319,\"platform\":\"MinhaPlataforma\",\"paymentMethod\":\"pix\",\"status\":\"waiting_payment\",\"createdAt\":\"2026-06-24 21:25:47\",\"approvedDate\":null,\"refundedAt\":null,\"customer\":{\"name\":\"Thiago Silva Souza\",\"email\":\"thiago.silva.souza@email.com\",\"phone\":\"11999999999\",\"document\":\"74854376317\",\"country\":\"BR\",\"ip\":\"45.176.150.20\",\"userAgent\":\"Mozilla\\\/5.0 (Linux; Android 16; motorola edge 60 fusion Build\\\/W1VCS36H.14-20-19-4; wv) AppleWebKit\\\/537.36 (KHTML, like Gecko) Version\\\/4.0 Chrome\\\/149.0.7827.91 Mobile Safari\\\/537.36 Instagram 434.0.0.44.74 Android (36\\\/16; 450dpi; 1220x2712; motorola; motorola edge 60 fusion; scout; mt6878; pt_BR; 996255556; IABMV\\\/1)\",\"externalId\":8693319,\"fbp\":null,\"fbc\":null},\"products\":[{\"id\":\"PROD_6a3c758bc273b\",\"name\":\"Produto 85\",\"planId\":null,\"planName\":null,\"quantity\":1,\"priceInCents\":\"8500\"}],\"trackingParameters\":{\"utm_source\":\"FBjLj6a3c735f37617be68e6361e3\",\"utm_medium\":\"ADV|120252150072920045\",\"utm_campaign\":\"CTV 11 PND \\u2014 C\\u00f3pia|120252150072980045\",\"utm_content\":\"AD|120252150072940045\",\"utm_term\":\"Instagram_Feed\"},\"commission\":{\"totalPriceInCents\":\"8500\",\"gatewayFeeInCents\":0,\"userCommissionInCents\":\"8500\"},\"isTest\":false}"
}
----------------------------------------
[2026-06-25 00:25:47] 🔄 Processando dados recebidos
Dados: {
    "orderId": 8693319,
    "platform": "MinhaPlataforma",
    "paymentMethod": "pix",
    "status": "waiting_payment",
    "createdAt": "2026-06-24 21:25:47",
    "approvedDate": null,
    "refundedAt": null,
    "customer": {
        "name": "Thiago Silva Souza",
        "email": "thiago.silva.souza@email.com",
        "phone": "11999999999",
        "document": "74854376317",
        "country": "BR",
        "ip": "45.176.150.20",
        "userAgent": "Mozilla\/5.0 (Linux; Android 16; motorola edge 60 fusion Build\/W1VCS36H.14-20-19-4; wv) AppleWebKit\/537.36 (KHTML, like Gecko) Version\/4.0 Chrome\/149.0.7827.91 Mobile Safari\/537.36 Instagram 434.0.0.44.74 Android (36\/16; 450dpi; 1220x2712; motorola; motorola edge 60 fusion; scout; mt6878; pt_BR; 996255556; IABMV\/1)",
        "externalId": 8693319,
        "fbp": null,
        "fbc": null
    },
    "products": [
        {
            "id": "PROD_6a3c758bc273b",
            "name": "Produto 85",
            "planId": null,
            "planName": null,
            "quantity": 1,
            "priceInCents": "8500"
        }
    ],
    "trackingParameters": {
        "utm_source": "FBjLj6a3c735f37617be68e6361e3",
        "utm_medium": "ADV|120252150072920045",
        "utm_campaign": "CTV 11 PND \u2014 C\u00f3pia|120252150072980045",
        "utm_content": "AD|120252150072940045",
        "utm_term": "Instagram_Feed"
    },
    "commission": {
        "totalPriceInCents": "8500",
        "gatewayFeeInCents": 0,
        "userCommissionInCents": "8500"
    },
    "isTest": false
}
----------------------------------------
[2026-06-25 00:25:47] 📤 Dados formatados para Utmify
Dados: {
    "orderId": 8693319,
    "platform": "PayHubr",
    "paymentMethod": "pix",
    "status": "waiting_payment",
    "createdAt": "2026-06-25 00:25:47",
    "approvedDate": null,
    "refundedAt": null,
    "customer": {
        "name": "Thiago Silva Souza",
        "email": "thiago.silva.souza@email.com",
        "phone": null,
        "document": "74854376317",
        "country": "BR",
        "ip": "78.40.143.130"
    },
    "products": [
        {
            "id": "PROD_6a3c758bc273b",
            "name": "Produto 85",
            "planId": null,
            "planName": null,
            "quantity": 1,
            "priceInCents": "8500"
        }
    ],
    "trackingParameters": {
        "src": null,
        "sck": null,
        "utm_source": "FBjLj6a3c735f37617be68e6361e3",
        "utm_campaign": "CTV 11 PND \u2014 C\u00f3pia|120252150072980045",
        "utm_medium": "ADV|120252150072920045",
        "utm_content": "AD|120252150072940045",
        "utm_term": "Instagram_Feed",
        "xcod": null,
        "fbclid": null,
        "gclid": null,
        "ttclid": null
    },
    "commission": {
        "totalPriceInCents": "8500",
        "gatewayFeeInCents": 0,
        "userCommissionInCents": "8500"
    },
    "isTest": false
}
----------------------------------------
[2026-06-25 00:25:47] 📡 Enviando requisição para Utmify
Dados: {
    "url": "https:\/\/api.utmify.com.br\/api-credentials\/orders",
    "headers": [
        "Content-Type: application\/json",
        "x-api-token: [REDACTED]"
    ]
}
----------------------------------------
[2026-06-25 00:25:48] ✅ Resposta da API Utmify
Dados: {
    "http_code": 404,
    "response": {
        "OK": false,
        "data": {
            "type": "API_CREDENTIAL"
        },
        "result": "ERROR",
        "statusCode": 404,
        "message": "API_CREDENTIAL_NOT_FOUND"
    }
}
----------------------------------------
[2026-06-25 00:25:48] ❌ Erro
Dados: {
    "message": "Erro na API Utmify. HTTP Code: 404"
}
----------------------------------------
[2026-06-25 00:25:51] 📥 Dados recebidos do PayHubr
Dados: {
    "raw": "{\"orderId\":8693320,\"platform\":\"MinhaPlataforma\",\"paymentMethod\":\"pix\",\"status\":\"waiting_payment\",\"createdAt\":\"2026-06-24 21:25:51\",\"approvedDate\":null,\"refundedAt\":null,\"customer\":{\"name\":\"Clara Alves Barbosa\",\"email\":\"clara.alves.barbosa@email.com\",\"phone\":\"11999999999\",\"document\":\"12778687785\",\"country\":\"BR\",\"ip\":\"2804:214:82b5:b733:1:2:cf1a:86ac\",\"userAgent\":\"Mozilla\\\/5.0 (Linux; Android 16; SM-A156M Build\\\/BP2A.250605.031.A3) AppleWebKit\\\/537.36 (KHTML, like Gecko) Version\\\/4.0 Chrome\\\/149.0.7827.150 Mobile Safari\\\/537.36 [FB_IAB\\\/FB4A;FBAV\\\/566.0.0.48.73;IABMV\\\/1;]\",\"externalId\":8693320,\"fbp\":null,\"fbc\":null},\"products\":[{\"id\":\"PROD_6a3c758f617be\",\"name\":\"Produto 85\",\"planId\":null,\"planName\":null,\"quantity\":1,\"priceInCents\":\"8500\"}],\"trackingParameters\":{\"utm_source\":\"FBjLj6a3c750988be114dbd269417\",\"utm_medium\":\"ADV|120252229293920045\",\"utm_campaign\":\"CTV 01 PND \\u2014 C\\u00f3pia|120252229293710045\",\"utm_content\":\"AD|120252229294580045\",\"utm_term\":\"Facebook_Mobile_Feed\"},\"commission\":{\"totalPriceInCents\":\"8500\",\"gatewayFeeInCents\":0,\"userCommissionInCents\":\"8500\"},\"isTest\":false}"
}
----------------------------------------
[2026-06-25 00:25:51] 🔄 Processando dados recebidos
Dados: {
    "orderId": 8693320,
    "platform": "MinhaPlataforma",
    "paymentMethod": "pix",
    "status": "waiting_payment",
    "createdAt": "2026-06-24 21:25:51",
    "approvedDate": null,
    "refundedAt": null,
    "customer": {
        "name": "Clara Alves Barbosa",
        "email": "clara.alves.barbosa@email.com",
        "phone": "11999999999",
        "document": "12778687785",
        "country": "BR",
        "ip": "2804:214:82b5:b733:1:2:cf1a:86ac",
        "userAgent": "Mozilla\/5.0 (Linux; Android 16; SM-A156M Build\/BP2A.250605.031.A3) AppleWebKit\/537.36 (KHTML, like Gecko) Version\/4.0 Chrome\/149.0.7827.150 Mobile Safari\/537.36 [FB_IAB\/FB4A;FBAV\/566.0.0.48.73;IABMV\/1;]",
        "externalId": 8693320,
        "fbp": null,
        "fbc": null
    },
    "products": [
        {
            "id": "PROD_6a3c758f617be",
            "name": "Produto 85",
            "planId": null,
            "planName": null,
            "quantity": 1,
            "priceInCents": "8500"
        }
    ],
    "trackingParameters": {
        "utm_source": "FBjLj6a3c750988be114dbd269417",
        "utm_medium": "ADV|120252229293920045",
        "utm_campaign": "CTV 01 PND \u2014 C\u00f3pia|120252229293710045",
        "utm_content": "AD|120252229294580045",
        "utm_term": "Facebook_Mobile_Feed"
    },
    "commission": {
        "totalPriceInCents": "8500",
        "gatewayFeeInCents": 0,
        "userCommissionInCents": "8500"
    },
    "isTest": false
}
----------------------------------------
[2026-06-25 00:25:51] 📤 Dados formatados para Utmify
Dados: {
    "orderId": 8693320,
    "platform": "PayHubr",
    "paymentMethod": "pix",
    "status": "waiting_payment",
    "createdAt": "2026-06-25 00:25:51",
    "approvedDate": null,
    "refundedAt": null,
    "customer": {
        "name": "Clara Alves Barbosa",
        "email": "clara.alves.barbosa@email.com",
        "phone": null,
        "document": "12778687785",
        "country": "BR",
        "ip": "78.40.143.130"
    },
    "products": [
        {
            "id": "PROD_6a3c758f617be",
            "name": "Produto 85",
            "planId": null,
            "planName": null,
            "quantity": 1,
            "priceInCents": "8500"
        }
    ],
    "trackingParameters": {
        "src": null,
        "sck": null,
        "utm_source": "FBjLj6a3c750988be114dbd269417",
        "utm_campaign": "CTV 01 PND \u2014 C\u00f3pia|120252229293710045",
        "utm_medium": "ADV|120252229293920045",
        "utm_content": "AD|120252229294580045",
        "utm_term": "Facebook_Mobile_Feed",
        "xcod": null,
        "fbclid": null,
        "gclid": null,
        "ttclid": null
    },
    "commission": {
        "totalPriceInCents": "8500",
        "gatewayFeeInCents": 0,
        "userCommissionInCents": "8500"
    },
    "isTest": false
}
----------------------------------------
[2026-06-25 00:25:51] 📡 Enviando requisição para Utmify
Dados: {
    "url": "https:\/\/api.utmify.com.br\/api-credentials\/orders",
    "headers": [
        "Content-Type: application\/json",
        "x-api-token: [REDACTED]"
    ]
}
----------------------------------------
[2026-06-25 00:25:51] ✅ Resposta da API Utmify
Dados: {
    "http_code": 404,
    "response": {
        "OK": false,
        "data": {
            "type": "API_CREDENTIAL"
        },
        "result": "ERROR",
        "statusCode": 404,
        "message": "API_CREDENTIAL_NOT_FOUND"
    }
}
----------------------------------------
[2026-06-25 00:25:51] ❌ Erro
Dados: {
    "message": "Erro na API Utmify. HTTP Code: 404"
}
----------------------------------------
[2026-06-25 00:26:01] 📥 Dados recebidos do PayHubr
Dados: {
    "raw": "{\"orderId\":8693323,\"platform\":\"MinhaPlataforma\",\"paymentMethod\":\"pix\",\"status\":\"waiting_payment\",\"createdAt\":\"2026-06-24 21:26:01\",\"approvedDate\":null,\"refundedAt\":null,\"customer\":{\"name\":\"Arthur Ribeiro Souza\",\"email\":\"arthur.ribeiro.souza@email.com\",\"phone\":\"11999999999\",\"document\":\"88236818802\",\"country\":\"BR\",\"ip\":\"189.27.188.109\",\"userAgent\":\"Mozilla\\\/5.0 (Linux; Android 14; 22101316UG Build\\\/UP1A.231005.007; wv) AppleWebKit\\\/537.36 (KHTML, like Gecko) Version\\\/4.0 Chrome\\\/149.0.7827.91 Mobile Safari\\\/537.36 Instagram 434.0.0.44.74 Android (34\\\/14; 440dpi; 1080x2400; Xiaomi\\\/Redmi; 22101316UG; rubypro; mt6877; pt_BR; 996255556; IABMV\\\/1)\",\"externalId\":8693323,\"fbp\":null,\"fbc\":null},\"products\":[{\"id\":\"PROD_6a3c7599513c2\",\"name\":\"Produto 85\",\"planId\":null,\"planName\":null,\"quantity\":1,\"priceInCents\":\"8500\"}],\"trackingParameters\":{\"utm_source\":\"FBjLj6a3c7499c4559fd5ad45730d\",\"utm_medium\":\"ADV|120252150072880045\",\"utm_campaign\":\"CTV 01 PND \\u2014 C\\u00f3pia|120252150072990045\",\"utm_content\":\"AD|120252150072960045\",\"utm_term\":\"Instagram_Feed\"},\"commission\":{\"totalPriceInCents\":\"8500\",\"gatewayFeeInCents\":0,\"userCommissionInCents\":\"8500\"},\"isTest\":false}"
}
----------------------------------------
[2026-06-25 00:26:01] 🔄 Processando dados recebidos
Dados: {
    "orderId": 8693323,
    "platform": "MinhaPlataforma",
    "paymentMethod": "pix",
    "status": "waiting_payment",
    "createdAt": "2026-06-24 21:26:01",
    "approvedDate": null,
    "refundedAt": null,
    "customer": {
        "name": "Arthur Ribeiro Souza",
        "email": "arthur.ribeiro.souza@email.com",
        "phone": "11999999999",
        "document": "88236818802",
        "country": "BR",
        "ip": "189.27.188.109",
        "userAgent": "Mozilla\/5.0 (Linux; Android 14; 22101316UG Build\/UP1A.231005.007; wv) AppleWebKit\/537.36 (KHTML, like Gecko) Version\/4.0 Chrome\/149.0.7827.91 Mobile Safari\/537.36 Instagram 434.0.0.44.74 Android (34\/14; 440dpi; 1080x2400; Xiaomi\/Redmi; 22101316UG; rubypro; mt6877; pt_BR; 996255556; IABMV\/1)",
        "externalId": 8693323,
        "fbp": null,
        "fbc": null
    },
    "products": [
        {
            "id": "PROD_6a3c7599513c2",
            "name": "Produto 85",
            "planId": null,
            "planName": null,
            "quantity": 1,
            "priceInCents": "8500"
        }
    ],
    "trackingParameters": {
        "utm_source": "FBjLj6a3c7499c4559fd5ad45730d",
        "utm_medium": "ADV|120252150072880045",
        "utm_campaign": "CTV 01 PND \u2014 C\u00f3pia|120252150072990045",
        "utm_content": "AD|120252150072960045",
        "utm_term": "Instagram_Feed"
    },
    "commission": {
        "totalPriceInCents": "8500",
        "gatewayFeeInCents": 0,
        "userCommissionInCents": "8500"
    },
    "isTest": false
}
----------------------------------------
[2026-06-25 00:26:01] 📤 Dados formatados para Utmify
Dados: {
    "orderId": 8693323,
    "platform": "PayHubr",
    "paymentMethod": "pix",
    "status": "waiting_payment",
    "createdAt": "2026-06-25 00:26:01",
    "approvedDate": null,
    "refundedAt": null,
    "customer": {
        "name": "Arthur Ribeiro Souza",
        "email": "arthur.ribeiro.souza@email.com",
        "phone": null,
        "document": "88236818802",
        "country": "BR",
        "ip": "78.40.143.130"
    },
    "products": [
        {
            "id": "PROD_6a3c7599513c2",
            "name": "Produto 85",
            "planId": null,
            "planName": null,
            "quantity": 1,
            "priceInCents": "8500"
        }
    ],
    "trackingParameters": {
        "src": null,
        "sck": null,
        "utm_source": "FBjLj6a3c7499c4559fd5ad45730d",
        "utm_campaign": "CTV 01 PND \u2014 C\u00f3pia|120252150072990045",
        "utm_medium": "ADV|120252150072880045",
        "utm_content": "AD|120252150072960045",
        "utm_term": "Instagram_Feed",
        "xcod": null,
        "fbclid": null,
        "gclid": null,
        "ttclid": null
    },
    "commission": {
        "totalPriceInCents": "8500",
        "gatewayFeeInCents": 0,
        "userCommissionInCents": "8500"
    },
    "isTest": false
}
----------------------------------------
[2026-06-25 00:26:01] 📡 Enviando requisição para Utmify
Dados: {
    "url": "https:\/\/api.utmify.com.br\/api-credentials\/orders",
    "headers": [
        "Content-Type: application\/json",
        "x-api-token: [REDACTED]"
    ]
}
----------------------------------------
[2026-06-25 00:26:01] ✅ Resposta da API Utmify
Dados: {
    "http_code": 404,
    "response": {
        "OK": false,
        "data": {
            "type": "API_CREDENTIAL"
        },
        "result": "ERROR",
        "statusCode": 404,
        "message": "API_CREDENTIAL_NOT_FOUND"
    }
}
----------------------------------------
[2026-06-25 00:26:01] ❌ Erro
Dados: {
    "message": "Erro na API Utmify. HTTP Code: 404"
}
----------------------------------------
[2026-06-25 00:26:25] 📥 Dados recebidos do PayHubr
Dados: {
    "raw": "{\"orderId\":8693328,\"platform\":\"MinhaPlataforma\",\"paymentMethod\":\"pix\",\"status\":\"waiting_payment\",\"createdAt\":\"2026-06-24 21:26:25\",\"approvedDate\":null,\"refundedAt\":null,\"customer\":{\"name\":\"Clara Silva Martins\",\"email\":\"clara.silva.martins@email.com\",\"phone\":\"11999999999\",\"document\":\"96855672809\",\"country\":\"BR\",\"ip\":\"189.37.73.32\",\"userAgent\":\"Mozilla\\\/5.0 (Linux; Android 12; SM-A125M Build\\\/SP1A.210812.016; wv) AppleWebKit\\\/537.36 (KHTML, like Gecko) Version\\\/4.0 Chrome\\\/149.0.7827.107 Mobile Safari\\\/537.36 [FB_IAB\\\/FB4A;FBAV\\\/565.0.0.49.74;IABMV\\\/1;]\",\"externalId\":8693328,\"fbp\":null,\"fbc\":null},\"products\":[{\"id\":\"PROD_6a3c75b16fc2d\",\"name\":\"Produto 85\",\"planId\":null,\"planName\":null,\"quantity\":1,\"priceInCents\":\"8500\"}],\"trackingParameters\":{\"utm_source\":\"FBjLj6a3c43fdef61eb984e74347f\",\"utm_medium\":\"ADV|120252150072880045\",\"utm_campaign\":\"CTV 01 PND \\u2014 C\\u00f3pia|120252150072990045\",\"utm_content\":\"AD|120252150072960045\",\"utm_term\":\"Facebook_Mobile_Reels\"},\"commission\":{\"totalPriceInCents\":\"8500\",\"gatewayFeeInCents\":0,\"userCommissionInCents\":\"8500\"},\"isTest\":false}"
}
----------------------------------------
[2026-06-25 00:26:25] 🔄 Processando dados recebidos
Dados: {
    "orderId": 8693328,
    "platform": "MinhaPlataforma",
    "paymentMethod": "pix",
    "status": "waiting_payment",
    "createdAt": "2026-06-24 21:26:25",
    "approvedDate": null,
    "refundedAt": null,
    "customer": {
        "name": "Clara Silva Martins",
        "email": "clara.silva.martins@email.com",
        "phone": "11999999999",
        "document": "96855672809",
        "country": "BR",
        "ip": "189.37.73.32",
        "userAgent": "Mozilla\/5.0 (Linux; Android 12; SM-A125M Build\/SP1A.210812.016; wv) AppleWebKit\/537.36 (KHTML, like Gecko) Version\/4.0 Chrome\/149.0.7827.107 Mobile Safari\/537.36 [FB_IAB\/FB4A;FBAV\/565.0.0.49.74;IABMV\/1;]",
        "externalId": 8693328,
        "fbp": null,
        "fbc": null
    },
    "products": [
        {
            "id": "PROD_6a3c75b16fc2d",
            "name": "Produto 85",
            "planId": null,
            "planName": null,
            "quantity": 1,
            "priceInCents": "8500"
        }
    ],
    "trackingParameters": {
        "utm_source": "FBjLj6a3c43fdef61eb984e74347f",
        "utm_medium": "ADV|120252150072880045",
        "utm_campaign": "CTV 01 PND \u2014 C\u00f3pia|120252150072990045",
        "utm_content": "AD|120252150072960045",
        "utm_term": "Facebook_Mobile_Reels"
    },
    "commission": {
        "totalPriceInCents": "8500",
        "gatewayFeeInCents": 0,
        "userCommissionInCents": "8500"
    },
    "isTest": false
}
----------------------------------------
[2026-06-25 00:26:25] 📤 Dados formatados para Utmify
Dados: {
    "orderId": 8693328,
    "platform": "PayHubr",
    "paymentMethod": "pix",
    "status": "waiting_payment",
    "createdAt": "2026-06-25 00:26:25",
    "approvedDate": null,
    "refundedAt": null,
    "customer": {
        "name": "Clara Silva Martins",
        "email": "clara.silva.martins@email.com",
        "phone": null,
        "document": "96855672809",
        "country": "BR",
        "ip": "78.40.143.130"
    },
    "products": [
        {
            "id": "PROD_6a3c75b16fc2d",
            "name": "Produto 85",
            "planId": null,
            "planName": null,
            "quantity": 1,
            "priceInCents": "8500"
        }
    ],
    "trackingParameters": {
        "src": null,
        "sck": null,
        "utm_source": "FBjLj6a3c43fdef61eb984e74347f",
        "utm_campaign": "CTV 01 PND \u2014 C\u00f3pia|120252150072990045",
        "utm_medium": "ADV|120252150072880045",
        "utm_content": "AD|120252150072960045",
        "utm_term": "Facebook_Mobile_Reels",
        "xcod": null,
        "fbclid": null,
        "gclid": null,
        "ttclid": null
    },
    "commission": {
        "totalPriceInCents": "8500",
        "gatewayFeeInCents": 0,
        "userCommissionInCents": "8500"
    },
    "isTest": false
}
----------------------------------------
[2026-06-25 00:26:25] 📡 Enviando requisição para Utmify
Dados: {
    "url": "https:\/\/api.utmify.com.br\/api-credentials\/orders",
    "headers": [
        "Content-Type: application\/json",
        "x-api-token: [REDACTED]"
    ]
}
----------------------------------------
[2026-06-25 00:26:25] ✅ Resposta da API Utmify
Dados: {
    "http_code": 404,
    "response": {
        "OK": false,
        "data": {
            "type": "API_CREDENTIAL"
        },
        "result": "ERROR",
        "statusCode": 404,
        "message": "API_CREDENTIAL_NOT_FOUND"
    }
}
----------------------------------------
[2026-06-25 00:26:25] ❌ Erro
Dados: {
    "message": "Erro na API Utmify. HTTP Code: 404"
}
----------------------------------------
[2026-06-25 00:26:36] 📥 Dados recebidos do PayHubr
Dados: {
    "raw": "{\"orderId\":8693333,\"platform\":\"MinhaPlataforma\",\"paymentMethod\":\"pix\",\"status\":\"waiting_payment\",\"createdAt\":\"2026-06-24 21:26:36\",\"approvedDate\":null,\"refundedAt\":null,\"customer\":{\"name\":\"Matheus Barbosa Lima\",\"email\":\"matheus.barbosa.lima@email.com\",\"phone\":\"11999999999\",\"document\":\"84927298132\",\"country\":\"BR\",\"ip\":\"2804:d4b:7619:f300:87de:6612:99d:703b\",\"userAgent\":\"Mozilla\\\/5.0 (Linux; Android 15; moto g54 5G Build\\\/V1TD35H.83-20-5-8-2-1; wv) AppleWebKit\\\/537.36 (KHTML, like Gecko) Version\\\/4.0 Chrome\\\/149.0.7827.150 Mobile Safari\\\/537.36 [FB_IAB\\\/FB4A;FBAV\\\/566.0.0.48.73;IABMV\\\/1;]\",\"externalId\":8693333,\"fbp\":null,\"fbc\":null},\"products\":[{\"id\":\"PROD_6a3c75bcd2a59\",\"name\":\"Produto 85\",\"planId\":null,\"planName\":null,\"quantity\":1,\"priceInCents\":\"8500\"}],\"trackingParameters\":{\"utm_source\":\"FBjLj6a3c74da5278289032a6a212\",\"utm_medium\":\"ADV|120252229293970045\",\"utm_campaign\":\"CTV 11 PND \\u2014 C\\u00f3pia \\u2014 C\\u00f3pia|120252229294320045\",\"utm_content\":\"AD|120252229293810045\",\"utm_term\":\"Facebook_Mobile_Reels\"},\"commission\":{\"totalPriceInCents\":\"8500\",\"gatewayFeeInCents\":0,\"userCommissionInCents\":\"8500\"},\"isTest\":false}"
}
----------------------------------------
[2026-06-25 00:26:36] 🔄 Processando dados recebidos
Dados: {
    "orderId": 8693333,
    "platform": "MinhaPlataforma",
    "paymentMethod": "pix",
    "status": "waiting_payment",
    "createdAt": "2026-06-24 21:26:36",
    "approvedDate": null,
    "refundedAt": null,
    "customer": {
        "name": "Matheus Barbosa Lima",
        "email": "matheus.barbosa.lima@email.com",
        "phone": "11999999999",
        "document": "84927298132",
        "country": "BR",
        "ip": "2804:d4b:7619:f300:87de:6612:99d:703b",
        "userAgent": "Mozilla\/5.0 (Linux; Android 15; moto g54 5G Build\/V1TD35H.83-20-5-8-2-1; wv) AppleWebKit\/537.36 (KHTML, like Gecko) Version\/4.0 Chrome\/149.0.7827.150 Mobile Safari\/537.36 [FB_IAB\/FB4A;FBAV\/566.0.0.48.73;IABMV\/1;]",
        "externalId": 8693333,
        "fbp": null,
        "fbc": null
    },
    "products": [
        {
            "id": "PROD_6a3c75bcd2a59",
            "name": "Produto 85",
            "planId": null,
            "planName": null,
            "quantity": 1,
            "priceInCents": "8500"
        }
    ],
    "trackingParameters": {
        "utm_source": "FBjLj6a3c74da5278289032a6a212",
        "utm_medium": "ADV|120252229293970045",
        "utm_campaign": "CTV 11 PND \u2014 C\u00f3pia \u2014 C\u00f3pia|120252229294320045",
        "utm_content": "AD|120252229293810045",
        "utm_term": "Facebook_Mobile_Reels"
    },
    "commission": {
        "totalPriceInCents": "8500",
        "gatewayFeeInCents": 0,
        "userCommissionInCents": "8500"
    },
    "isTest": false
}
----------------------------------------
[2026-06-25 00:26:36] 📤 Dados formatados para Utmify
Dados: {
    "orderId": 8693333,
    "platform": "PayHubr",
    "paymentMethod": "pix",
    "status": "waiting_payment",
    "createdAt": "2026-06-25 00:26:36",
    "approvedDate": null,
    "refundedAt": null,
    "customer": {
        "name": "Matheus Barbosa Lima",
        "email": "matheus.barbosa.lima@email.com",
        "phone": null,
        "document": "84927298132",
        "country": "BR",
        "ip": "78.40.143.130"
    },
    "products": [
        {
            "id": "PROD_6a3c75bcd2a59",
            "name": "Produto 85",
            "planId": null,
            "planName": null,
            "quantity": 1,
            "priceInCents": "8500"
        }
    ],
    "trackingParameters": {
        "src": null,
        "sck": null,
        "utm_source": "FBjLj6a3c74da5278289032a6a212",
        "utm_campaign": "CTV 11 PND \u2014 C\u00f3pia \u2014 C\u00f3pia|120252229294320045",
        "utm_medium": "ADV|120252229293970045",
        "utm_content": "AD|120252229293810045",
        "utm_term": "Facebook_Mobile_Reels",
        "xcod": null,
        "fbclid": null,
        "gclid": null,
        "ttclid": null
    },
    "commission": {
        "totalPriceInCents": "8500",
        "gatewayFeeInCents": 0,
        "userCommissionInCents": "8500"
    },
    "isTest": false
}
----------------------------------------
[2026-06-25 00:26:36] 📡 Enviando requisição para Utmify
Dados: {
    "url": "https:\/\/api.utmify.com.br\/api-credentials\/orders",
    "headers": [
        "Content-Type: application\/json",
        "x-api-token: [REDACTED]"
    ]
}
----------------------------------------
[2026-06-25 00:26:37] ✅ Resposta da API Utmify
Dados: {
    "http_code": 404,
    "response": {
        "OK": false,
        "data": {
            "type": "API_CREDENTIAL"
        },
        "result": "ERROR",
        "statusCode": 404,
        "message": "API_CREDENTIAL_NOT_FOUND"
    }
}
----------------------------------------
[2026-06-25 00:26:37] ❌ Erro
Dados: {
    "message": "Erro na API Utmify. HTTP Code: 404"
}
----------------------------------------
[2026-06-25 00:27:43] 📥 Dados recebidos do PayHubr
Dados: {
    "raw": "{\"orderId\":8693362,\"platform\":\"MinhaPlataforma\",\"paymentMethod\":\"pix\",\"status\":\"waiting_payment\",\"createdAt\":\"2026-06-24 21:27:43\",\"approvedDate\":null,\"refundedAt\":null,\"customer\":{\"name\":\"Julia Gomes Alves\",\"email\":\"julia.gomes.alves@email.com\",\"phone\":\"11999999999\",\"document\":\"15323942096\",\"country\":\"BR\",\"ip\":\"2804:18:5047:af7b:b45f:4dff:fed0:82d0\",\"userAgent\":\"Mozilla\\\/5.0 (Linux; Android 15; RMX5303 Build\\\/AP3A.240905.015.A2; wv) AppleWebKit\\\/537.36 (KHTML, like Gecko) Version\\\/4.0 Chrome\\\/149.0.7827.150 Mobile Safari\\\/537.36 [FB_IAB\\\/FB4A;FBAV\\\/566.0.0.48.73;IABMV\\\/1;]\",\"externalId\":8693362,\"fbp\":null,\"fbc\":null},\"products\":[{\"id\":\"PROD_6a3c75ff5cd73\",\"name\":\"Produto 85\",\"planId\":null,\"planName\":null,\"quantity\":1,\"priceInCents\":\"8500\"}],\"trackingParameters\":{\"utm_source\":\"FBjLj6a3c74425278289032a65f18\",\"utm_medium\":\"ADV|120252204592360045\",\"utm_campaign\":\"CTV 07 PND \\u2014 C\\u00f3pia|120252204592650045\",\"utm_content\":\"AD|120252204592500045\",\"utm_term\":\"Facebook_Mobile_Feed\"},\"commission\":{\"totalPriceInCents\":\"8500\",\"gatewayFeeInCents\":0,\"userCommissionInCents\":\"8500\"},\"isTest\":false}"
}
----------------------------------------
[2026-06-25 00:27:43] 🔄 Processando dados recebidos
Dados: {
    "orderId": 8693362,
    "platform": "MinhaPlataforma",
    "paymentMethod": "pix",
    "status": "waiting_payment",
    "createdAt": "2026-06-24 21:27:43",
    "approvedDate": null,
    "refundedAt": null,
    "customer": {
        "name": "Julia Gomes Alves",
        "email": "julia.gomes.alves@email.com",
        "phone": "11999999999",
        "document": "15323942096",
        "country": "BR",
        "ip": "2804:18:5047:af7b:b45f:4dff:fed0:82d0",
        "userAgent": "Mozilla\/5.0 (Linux; Android 15; RMX5303 Build\/AP3A.240905.015.A2; wv) AppleWebKit\/537.36 (KHTML, like Gecko) Version\/4.0 Chrome\/149.0.7827.150 Mobile Safari\/537.36 [FB_IAB\/FB4A;FBAV\/566.0.0.48.73;IABMV\/1;]",
        "externalId": 8693362,
        "fbp": null,
        "fbc": null
    },
    "products": [
        {
            "id": "PROD_6a3c75ff5cd73",
            "name": "Produto 85",
            "planId": null,
            "planName": null,
            "quantity": 1,
            "priceInCents": "8500"
        }
    ],
    "trackingParameters": {
        "utm_source": "FBjLj6a3c74425278289032a65f18",
        "utm_medium": "ADV|120252204592360045",
        "utm_campaign": "CTV 07 PND \u2014 C\u00f3pia|120252204592650045",
        "utm_content": "AD|120252204592500045",
        "utm_term": "Facebook_Mobile_Feed"
    },
    "commission": {
        "totalPriceInCents": "8500",
        "gatewayFeeInCents": 0,
        "userCommissionInCents": "8500"
    },
    "isTest": false
}
----------------------------------------
[2026-06-25 00:27:43] 📤 Dados formatados para Utmify
Dados: {
    "orderId": 8693362,
    "platform": "PayHubr",
    "paymentMethod": "pix",
    "status": "waiting_payment",
    "createdAt": "2026-06-25 00:27:43",
    "approvedDate": null,
    "refundedAt": null,
    "customer": {
        "name": "Julia Gomes Alves",
        "email": "julia.gomes.alves@email.com",
        "phone": null,
        "document": "15323942096",
        "country": "BR",
        "ip": "78.40.143.130"
    },
    "products": [
        {
            "id": "PROD_6a3c75ff5cd73",
            "name": "Produto 85",
            "planId": null,
            "planName": null,
            "quantity": 1,
            "priceInCents": "8500"
        }
    ],
    "trackingParameters": {
        "src": null,
        "sck": null,
        "utm_source": "FBjLj6a3c74425278289032a65f18",
        "utm_campaign": "CTV 07 PND \u2014 C\u00f3pia|120252204592650045",
        "utm_medium": "ADV|120252204592360045",
        "utm_content": "AD|120252204592500045",
        "utm_term": "Facebook_Mobile_Feed",
        "xcod": null,
        "fbclid": null,
        "gclid": null,
        "ttclid": null
    },
    "commission": {
        "totalPriceInCents": "8500",
        "gatewayFeeInCents": 0,
        "userCommissionInCents": "8500"
    },
    "isTest": false
}
----------------------------------------
[2026-06-25 00:27:43] 📡 Enviando requisição para Utmify
Dados: {
    "url": "https:\/\/api.utmify.com.br\/api-credentials\/orders",
    "headers": [
        "Content-Type: application\/json",
        "x-api-token: [REDACTED]"
    ]
}
----------------------------------------
[2026-06-25 00:27:43] ✅ Resposta da API Utmify
Dados: {
    "http_code": 404,
    "response": {
        "OK": false,
        "data": {
            "type": "API_CREDENTIAL"
        },
        "result": "ERROR",
        "statusCode": 404,
        "message": "API_CREDENTIAL_NOT_FOUND"
    }
}
----------------------------------------
[2026-06-25 00:27:43] ❌ Erro
Dados: {
    "message": "Erro na API Utmify. HTTP Code: 404"
}
----------------------------------------
[2026-06-25 00:28:13] 📥 Dados recebidos do PayHubr
Dados: {
    "raw": "{\"orderId\":8693366,\"platform\":\"MinhaPlataforma\",\"paymentMethod\":\"pix\",\"status\":\"waiting_payment\",\"createdAt\":\"2026-06-24 21:28:13\",\"approvedDate\":null,\"refundedAt\":null,\"customer\":{\"name\":\"Manuela Santos Costa\",\"email\":\"manuela.santos.costa@email.com\",\"phone\":\"11999999999\",\"document\":\"89464669527\",\"country\":\"BR\",\"ip\":\"189.37.73.32\",\"userAgent\":\"Mozilla\\\/5.0 (Linux; Android 12; SM-A125M Build\\\/SP1A.210812.016; wv) AppleWebKit\\\/537.36 (KHTML, like Gecko) Version\\\/4.0 Chrome\\\/149.0.7827.107 Mobile Safari\\\/537.36 [FB_IAB\\\/FB4A;FBAV\\\/565.0.0.49.74;IABMV\\\/1;]\",\"externalId\":8693366,\"fbp\":null,\"fbc\":null},\"products\":[{\"id\":\"PROD_6a3c761da6e88\",\"name\":\"Produto 85\",\"planId\":null,\"planName\":null,\"quantity\":1,\"priceInCents\":\"8500\"}],\"trackingParameters\":{\"utm_source\":\"FBjLj6a3c43fdef61eb984e74347f\",\"utm_medium\":\"ADV|120252150072880045\",\"utm_campaign\":\"CTV 01 PND \\u2014 C\\u00f3pia|120252150072990045\",\"utm_content\":\"AD|120252150072960045\",\"utm_term\":\"Facebook_Mobile_Reels\"},\"commission\":{\"totalPriceInCents\":\"8500\",\"gatewayFeeInCents\":0,\"userCommissionInCents\":\"8500\"},\"isTest\":false}"
}
----------------------------------------
[2026-06-25 00:28:13] 🔄 Processando dados recebidos
Dados: {
    "orderId": 8693366,
    "platform": "MinhaPlataforma",
    "paymentMethod": "pix",
    "status": "waiting_payment",
    "createdAt": "2026-06-24 21:28:13",
    "approvedDate": null,
    "refundedAt": null,
    "customer": {
        "name": "Manuela Santos Costa",
        "email": "manuela.santos.costa@email.com",
        "phone": "11999999999",
        "document": "89464669527",
        "country": "BR",
        "ip": "189.37.73.32",
        "userAgent": "Mozilla\/5.0 (Linux; Android 12; SM-A125M Build\/SP1A.210812.016; wv) AppleWebKit\/537.36 (KHTML, like Gecko) Version\/4.0 Chrome\/149.0.7827.107 Mobile Safari\/537.36 [FB_IAB\/FB4A;FBAV\/565.0.0.49.74;IABMV\/1;]",
        "externalId": 8693366,
        "fbp": null,
        "fbc": null
    },
    "products": [
        {
            "id": "PROD_6a3c761da6e88",
            "name": "Produto 85",
            "planId": null,
            "planName": null,
            "quantity": 1,
            "priceInCents": "8500"
        }
    ],
    "trackingParameters": {
        "utm_source": "FBjLj6a3c43fdef61eb984e74347f",
        "utm_medium": "ADV|120252150072880045",
        "utm_campaign": "CTV 01 PND \u2014 C\u00f3pia|120252150072990045",
        "utm_content": "AD|120252150072960045",
        "utm_term": "Facebook_Mobile_Reels"
    },
    "commission": {
        "totalPriceInCents": "8500",
        "gatewayFeeInCents": 0,
        "userCommissionInCents": "8500"
    },
    "isTest": false
}
----------------------------------------
[2026-06-25 00:28:13] 📤 Dados formatados para Utmify
Dados: {
    "orderId": 8693366,
    "platform": "PayHubr",
    "paymentMethod": "pix",
    "status": "waiting_payment",
    "createdAt": "2026-06-25 00:28:13",
    "approvedDate": null,
    "refundedAt": null,
    "customer": {
        "name": "Manuela Santos Costa",
        "email": "manuela.santos.costa@email.com",
        "phone": null,
        "document": "89464669527",
        "country": "BR",
        "ip": "78.40.143.130"
    },
    "products": [
        {
            "id": "PROD_6a3c761da6e88",
            "name": "Produto 85",
            "planId": null,
            "planName": null,
            "quantity": 1,
            "priceInCents": "8500"
        }
    ],
    "trackingParameters": {
        "src": null,
        "sck": null,
        "utm_source": "FBjLj6a3c43fdef61eb984e74347f",
        "utm_campaign": "CTV 01 PND \u2014 C\u00f3pia|120252150072990045",
        "utm_medium": "ADV|120252150072880045",
        "utm_content": "AD|120252150072960045",
        "utm_term": "Facebook_Mobile_Reels",
        "xcod": null,
        "fbclid": null,
        "gclid": null,
        "ttclid": null
    },
    "commission": {
        "totalPriceInCents": "8500",
        "gatewayFeeInCents": 0,
        "userCommissionInCents": "8500"
    },
    "isTest": false
}
----------------------------------------
[2026-06-25 00:28:13] 📡 Enviando requisição para Utmify
Dados: {
    "url": "https:\/\/api.utmify.com.br\/api-credentials\/orders",
    "headers": [
        "Content-Type: application\/json",
        "x-api-token: [REDACTED]"
    ]
}
----------------------------------------
[2026-06-25 00:28:14] ✅ Resposta da API Utmify
Dados: {
    "http_code": 404,
    "response": {
        "OK": false,
        "data": {
            "type": "API_CREDENTIAL"
        },
        "result": "ERROR",
        "statusCode": 404,
        "message": "API_CREDENTIAL_NOT_FOUND"
    }
}
----------------------------------------
[2026-06-25 00:28:14] ❌ Erro
Dados: {
    "message": "Erro na API Utmify. HTTP Code: 404"
}
----------------------------------------
[2026-06-25 00:28:43] 📥 Dados recebidos do PayHubr
Dados: {
    "raw": "{\"orderId\":8693373,\"platform\":\"MinhaPlataforma\",\"paymentMethod\":\"pix\",\"status\":\"waiting_payment\",\"createdAt\":\"2026-06-24 21:28:42\",\"approvedDate\":null,\"refundedAt\":null,\"customer\":{\"name\":\"Gabriel Costa Carvalho\",\"email\":\"gabriel.costa.carvalho@email.com\",\"phone\":\"11999999999\",\"document\":\"14463969166\",\"country\":\"BR\",\"ip\":\"177.12.98.204\",\"userAgent\":\"Mozilla\\\/5.0 (Linux; Android 13; SM-M625F Build\\\/TP1A.220624.014; wv) AppleWebKit\\\/537.36 (KHTML, like Gecko) Version\\\/4.0 Chrome\\\/149.0.7827.150 Mobile Safari\\\/537.36 [FB_IAB\\\/FB4A;FBAV\\\/566.0.0.48.73;IABMV\\\/1;]\",\"externalId\":8693373,\"fbp\":null,\"fbc\":null},\"products\":[{\"id\":\"PROD_6a3c763ae06f2\",\"name\":\"Produto 85\",\"planId\":null,\"planName\":null,\"quantity\":1,\"priceInCents\":\"8500\"}],\"trackingParameters\":{\"utm_source\":\"FBjLj6a3c755240d53c0a6c5168cc\",\"utm_medium\":\"ADV|120252150072920045\",\"utm_campaign\":\"CTV 11 PND \\u2014 C\\u00f3pia|120252150072980045\",\"utm_content\":\"AD|120252150072940045\",\"utm_term\":\"Facebook_Mobile_Reels\"},\"commission\":{\"totalPriceInCents\":\"8500\",\"gatewayFeeInCents\":0,\"userCommissionInCents\":\"8500\"},\"isTest\":false}"
}
----------------------------------------
[2026-06-25 00:28:43] 🔄 Processando dados recebidos
Dados: {
    "orderId": 8693373,
    "platform": "MinhaPlataforma",
    "paymentMethod": "pix",
    "status": "waiting_payment",
    "createdAt": "2026-06-24 21:28:42",
    "approvedDate": null,
    "refundedAt": null,
    "customer": {
        "name": "Gabriel Costa Carvalho",
        "email": "gabriel.costa.carvalho@email.com",
        "phone": "11999999999",
        "document": "14463969166",
        "country": "BR",
        "ip": "177.12.98.204",
        "userAgent": "Mozilla\/5.0 (Linux; Android 13; SM-M625F Build\/TP1A.220624.014; wv) AppleWebKit\/537.36 (KHTML, like Gecko) Version\/4.0 Chrome\/149.0.7827.150 Mobile Safari\/537.36 [FB_IAB\/FB4A;FBAV\/566.0.0.48.73;IABMV\/1;]",
        "externalId": 8693373,
        "fbp": null,
        "fbc": null
    },
    "products": [
        {
            "id": "PROD_6a3c763ae06f2",
            "name": "Produto 85",
            "planId": null,
            "planName": null,
            "quantity": 1,
            "priceInCents": "8500"
        }
    ],
    "trackingParameters": {
        "utm_source": "FBjLj6a3c755240d53c0a6c5168cc",
        "utm_medium": "ADV|120252150072920045",
        "utm_campaign": "CTV 11 PND \u2014 C\u00f3pia|120252150072980045",
        "utm_content": "AD|120252150072940045",
        "utm_term": "Facebook_Mobile_Reels"
    },
    "commission": {
        "totalPriceInCents": "8500",
        "gatewayFeeInCents": 0,
        "userCommissionInCents": "8500"
    },
    "isTest": false
}
----------------------------------------
[2026-06-25 00:28:43] 📤 Dados formatados para Utmify
Dados: {
    "orderId": 8693373,
    "platform": "PayHubr",
    "paymentMethod": "pix",
    "status": "waiting_payment",
    "createdAt": "2026-06-25 00:28:43",
    "approvedDate": null,
    "refundedAt": null,
    "customer": {
        "name": "Gabriel Costa Carvalho",
        "email": "gabriel.costa.carvalho@email.com",
        "phone": null,
        "document": "14463969166",
        "country": "BR",
        "ip": "78.40.143.130"
    },
    "products": [
        {
            "id": "PROD_6a3c763ae06f2",
            "name": "Produto 85",
            "planId": null,
            "planName": null,
            "quantity": 1,
            "priceInCents": "8500"
        }
    ],
    "trackingParameters": {
        "src": null,
        "sck": null,
        "utm_source": "FBjLj6a3c755240d53c0a6c5168cc",
        "utm_campaign": "CTV 11 PND \u2014 C\u00f3pia|120252150072980045",
        "utm_medium": "ADV|120252150072920045",
        "utm_content": "AD|120252150072940045",
        "utm_term": "Facebook_Mobile_Reels",
        "xcod": null,
        "fbclid": null,
        "gclid": null,
        "ttclid": null
    },
    "commission": {
        "totalPriceInCents": "8500",
        "gatewayFeeInCents": 0,
        "userCommissionInCents": "8500"
    },
    "isTest": false
}
----------------------------------------
[2026-06-25 00:28:43] 📡 Enviando requisição para Utmify
Dados: {
    "url": "https:\/\/api.utmify.com.br\/api-credentials\/orders",
    "headers": [
        "Content-Type: application\/json",
        "x-api-token: [REDACTED]"
    ]
}
----------------------------------------
[2026-06-25 00:28:43] ✅ Resposta da API Utmify
Dados: {
    "http_code": 404,
    "response": {
        "OK": false,
        "data": {
            "type": "API_CREDENTIAL"
        },
        "result": "ERROR",
        "statusCode": 404,
        "message": "API_CREDENTIAL_NOT_FOUND"
    }
}
----------------------------------------
[2026-06-25 00:28:43] ❌ Erro
Dados: {
    "message": "Erro na API Utmify. HTTP Code: 404"
}
----------------------------------------
[2026-06-25 00:28:43] 📥 Dados recebidos do PayHubr
Dados: {
    "raw": "{\"orderId\":8693374,\"platform\":\"MinhaPlataforma\",\"paymentMethod\":\"pix\",\"status\":\"waiting_payment\",\"createdAt\":\"2026-06-24 21:28:43\",\"approvedDate\":null,\"refundedAt\":null,\"customer\":{\"name\":\"Arthur Carvalho Fernandes\",\"email\":\"arthur.carvalho.fernandes@email.com\",\"phone\":\"11999999999\",\"document\":\"73152110804\",\"country\":\"BR\",\"ip\":\"2804:1b94:6b5:df00:b5d9:1375:b9f1:2864\",\"userAgent\":\"Mozilla\\\/5.0 (Linux; Android 13; moto g32 Build\\\/T2SNS33.73-22-3-19) AppleWebKit\\\/537.36 (KHTML, like Gecko) Version\\\/4.0 Chrome\\\/149.0.7827.150 Mobile Safari\\\/537.36 [FB_IAB\\\/FB4A;FBAV\\\/566.0.0.48.73;IABMV\\\/1;]\",\"externalId\":8693374,\"fbp\":null,\"fbc\":null},\"products\":[{\"id\":\"PROD_6a3c763b6390d\",\"name\":\"Produto 85\",\"planId\":null,\"planName\":null,\"quantity\":1,\"priceInCents\":\"8500\"}],\"trackingParameters\":{\"utm_source\":\"FBjLj6a3c759cc4559fd5ad45ddf3\",\"utm_medium\":\"ADV|120252229294410045\",\"utm_campaign\":\"CTV 01 PND \\u2014 C\\u00f3pia|120252229294530045\",\"utm_content\":\"AD|120252229293880045\",\"utm_term\":\"Facebook_Mobile_Feed\"},\"commission\":{\"totalPriceInCents\":\"8500\",\"gatewayFeeInCents\":0,\"userCommissionInCents\":\"8500\"},\"isTest\":false}"
}
----------------------------------------
[2026-06-25 00:28:43] 🔄 Processando dados recebidos
Dados: {
    "orderId": 8693374,
    "platform": "MinhaPlataforma",
    "paymentMethod": "pix",
    "status": "waiting_payment",
    "createdAt": "2026-06-24 21:28:43",
    "approvedDate": null,
    "refundedAt": null,
    "customer": {
        "name": "Arthur Carvalho Fernandes",
        "email": "arthur.carvalho.fernandes@email.com",
        "phone": "11999999999",
        "document": "73152110804",
        "country": "BR",
        "ip": "2804:1b94:6b5:df00:b5d9:1375:b9f1:2864",
        "userAgent": "Mozilla\/5.0 (Linux; Android 13; moto g32 Build\/T2SNS33.73-22-3-19) AppleWebKit\/537.36 (KHTML, like Gecko) Version\/4.0 Chrome\/149.0.7827.150 Mobile Safari\/537.36 [FB_IAB\/FB4A;FBAV\/566.0.0.48.73;IABMV\/1;]",
        "externalId": 8693374,
        "fbp": null,
        "fbc": null
    },
    "products": [
        {
            "id": "PROD_6a3c763b6390d",
            "name": "Produto 85",
            "planId": null,
            "planName": null,
            "quantity": 1,
            "priceInCents": "8500"
        }
    ],
    "trackingParameters": {
        "utm_source": "FBjLj6a3c759cc4559fd5ad45ddf3",
        "utm_medium": "ADV|120252229294410045",
        "utm_campaign": "CTV 01 PND \u2014 C\u00f3pia|120252229294530045",
        "utm_content": "AD|120252229293880045",
        "utm_term": "Facebook_Mobile_Feed"
    },
    "commission": {
        "totalPriceInCents": "8500",
        "gatewayFeeInCents": 0,
        "userCommissionInCents": "8500"
    },
    "isTest": false
}
----------------------------------------
[2026-06-25 00:28:43] 📤 Dados formatados para Utmify
Dados: {
    "orderId": 8693374,
    "platform": "PayHubr",
    "paymentMethod": "pix",
    "status": "waiting_payment",
    "createdAt": "2026-06-25 00:28:43",
    "approvedDate": null,
    "refundedAt": null,
    "customer": {
        "name": "Arthur Carvalho Fernandes",
        "email": "arthur.carvalho.fernandes@email.com",
        "phone": null,
        "document": "73152110804",
        "country": "BR",
        "ip": "78.40.143.130"
    },
    "products": [
        {
            "id": "PROD_6a3c763b6390d",
            "name": "Produto 85",
            "planId": null,
            "planName": null,
            "quantity": 1,
            "priceInCents": "8500"
        }
    ],
    "trackingParameters": {
        "src": null,
        "sck": null,
        "utm_source": "FBjLj6a3c759cc4559fd5ad45ddf3",
        "utm_campaign": "CTV 01 PND \u2014 C\u00f3pia|120252229294530045",
        "utm_medium": "ADV|120252229294410045",
        "utm_content": "AD|120252229293880045",
        "utm_term": "Facebook_Mobile_Feed",
        "xcod": null,
        "fbclid": null,
        "gclid": null,
        "ttclid": null
    },
    "commission": {
        "totalPriceInCents": "8500",
        "gatewayFeeInCents": 0,
        "userCommissionInCents": "8500"
    },
    "isTest": false
}
----------------------------------------
[2026-06-25 00:28:43] 📡 Enviando requisição para Utmify
Dados: {
    "url": "https:\/\/api.utmify.com.br\/api-credentials\/orders",
    "headers": [
        "Content-Type: application\/json",
        "x-api-token: [REDACTED]"
    ]
}
----------------------------------------
[2026-06-25 00:28:43] ✅ Resposta da API Utmify
Dados: {
    "http_code": 404,
    "response": {
        "OK": false,
        "data": {
            "type": "API_CREDENTIAL"
        },
        "result": "ERROR",
        "statusCode": 404,
        "message": "API_CREDENTIAL_NOT_FOUND"
    }
}
----------------------------------------
[2026-06-25 00:28:43] ❌ Erro
Dados: {
    "message": "Erro na API Utmify. HTTP Code: 404"
}
----------------------------------------
[2026-06-25 00:29:50] 📥 Dados recebidos do PayHubr
Dados: {
    "raw": "{\"orderId\":8693397,\"platform\":\"MinhaPlataforma\",\"paymentMethod\":\"pix\",\"status\":\"waiting_payment\",\"createdAt\":\"2026-06-24 21:29:50\",\"approvedDate\":null,\"refundedAt\":null,\"customer\":{\"name\":\"Jo\\u00e3o Gomes Lima\",\"email\":\"jo\\u00e3o.gomes.lima@email.com\",\"phone\":\"11999999999\",\"document\":\"37118331600\",\"country\":\"BR\",\"ip\":\"177.12.98.204\",\"userAgent\":\"Mozilla\\\/5.0 (Linux; Android 13; SM-M625F Build\\\/TP1A.220624.014; wv) AppleWebKit\\\/537.36 (KHTML, like Gecko) Version\\\/4.0 Chrome\\\/149.0.7827.150 Mobile Safari\\\/537.36 [FB_IAB\\\/FB4A;FBAV\\\/566.0.0.48.73;IABMV\\\/1;]\",\"externalId\":8693397,\"fbp\":null,\"fbc\":null},\"products\":[{\"id\":\"PROD_6a3c767e1b959\",\"name\":\"Produto 85\",\"planId\":null,\"planName\":null,\"quantity\":1,\"priceInCents\":\"8500\"}],\"trackingParameters\":{\"utm_source\":\"FBjLj6a3c755240d53c0a6c5168cc\",\"utm_medium\":\"ADV|120252150072920045\",\"utm_campaign\":\"CTV 11 PND \\u2014 C\\u00f3pia|120252150072980045\",\"utm_content\":\"AD|120252150072940045\",\"utm_term\":\"Facebook_Mobile_Reels\"},\"commission\":{\"totalPriceInCents\":\"8500\",\"gatewayFeeInCents\":0,\"userCommissionInCents\":\"8500\"},\"isTest\":false}"
}
----------------------------------------
[2026-06-25 00:29:50] 🔄 Processando dados recebidos
Dados: {
    "orderId": 8693397,
    "platform": "MinhaPlataforma",
    "paymentMethod": "pix",
    "status": "waiting_payment",
    "createdAt": "2026-06-24 21:29:50",
    "approvedDate": null,
    "refundedAt": null,
    "customer": {
        "name": "Jo\u00e3o Gomes Lima",
        "email": "jo\u00e3o.gomes.lima@email.com",
        "phone": "11999999999",
        "document": "37118331600",
        "country": "BR",
        "ip": "177.12.98.204",
        "userAgent": "Mozilla\/5.0 (Linux; Android 13; SM-M625F Build\/TP1A.220624.014; wv) AppleWebKit\/537.36 (KHTML, like Gecko) Version\/4.0 Chrome\/149.0.7827.150 Mobile Safari\/537.36 [FB_IAB\/FB4A;FBAV\/566.0.0.48.73;IABMV\/1;]",
        "externalId": 8693397,
        "fbp": null,
        "fbc": null
    },
    "products": [
        {
            "id": "PROD_6a3c767e1b959",
            "name": "Produto 85",
            "planId": null,
            "planName": null,
            "quantity": 1,
            "priceInCents": "8500"
        }
    ],
    "trackingParameters": {
        "utm_source": "FBjLj6a3c755240d53c0a6c5168cc",
        "utm_medium": "ADV|120252150072920045",
        "utm_campaign": "CTV 11 PND \u2014 C\u00f3pia|120252150072980045",
        "utm_content": "AD|120252150072940045",
        "utm_term": "Facebook_Mobile_Reels"
    },
    "commission": {
        "totalPriceInCents": "8500",
        "gatewayFeeInCents": 0,
        "userCommissionInCents": "8500"
    },
    "isTest": false
}
----------------------------------------
[2026-06-25 00:29:50] 📤 Dados formatados para Utmify
Dados: {
    "orderId": 8693397,
    "platform": "PayHubr",
    "paymentMethod": "pix",
    "status": "waiting_payment",
    "createdAt": "2026-06-25 00:29:50",
    "approvedDate": null,
    "refundedAt": null,
    "customer": {
        "name": "Jo\u00e3o Gomes Lima",
        "email": "jo\u00e3o.gomes.lima@email.com",
        "phone": null,
        "document": "37118331600",
        "country": "BR",
        "ip": "78.40.143.130"
    },
    "products": [
        {
            "id": "PROD_6a3c767e1b959",
            "name": "Produto 85",
            "planId": null,
            "planName": null,
            "quantity": 1,
            "priceInCents": "8500"
        }
    ],
    "trackingParameters": {
        "src": null,
        "sck": null,
        "utm_source": "FBjLj6a3c755240d53c0a6c5168cc",
        "utm_campaign": "CTV 11 PND \u2014 C\u00f3pia|120252150072980045",
        "utm_medium": "ADV|120252150072920045",
        "utm_content": "AD|120252150072940045",
        "utm_term": "Facebook_Mobile_Reels",
        "xcod": null,
        "fbclid": null,
        "gclid": null,
        "ttclid": null
    },
    "commission": {
        "totalPriceInCents": "8500",
        "gatewayFeeInCents": 0,
        "userCommissionInCents": "8500"
    },
    "isTest": false
}
----------------------------------------
[2026-06-25 00:29:50] 📡 Enviando requisição para Utmify
Dados: {
    "url": "https:\/\/api.utmify.com.br\/api-credentials\/orders",
    "headers": [
        "Content-Type: application\/json",
        "x-api-token: [REDACTED]"
    ]
}
----------------------------------------
[2026-06-25 00:29:50] ✅ Resposta da API Utmify
Dados: {
    "http_code": 404,
    "response": {
        "OK": false,
        "data": {
            "type": "API_CREDENTIAL"
        },
        "result": "ERROR",
        "statusCode": 404,
        "message": "API_CREDENTIAL_NOT_FOUND"
    }
}
----------------------------------------
[2026-06-25 00:29:50] ❌ Erro
Dados: {
    "message": "Erro na API Utmify. HTTP Code: 404"
}
----------------------------------------
[2026-06-25 00:29:57] 📥 Dados recebidos do PayHubr
Dados: {
    "raw": "{\"orderId\":8693402,\"platform\":\"MinhaPlataforma\",\"paymentMethod\":\"pix\",\"status\":\"waiting_payment\",\"createdAt\":\"2026-06-24 21:29:56\",\"approvedDate\":null,\"refundedAt\":null,\"customer\":{\"name\":\"Felipe Lima Ferreira\",\"email\":\"felipe.lima.ferreira@email.com\",\"phone\":\"11999999999\",\"document\":\"06078314807\",\"country\":\"BR\",\"ip\":\"45.238.120.194\",\"userAgent\":\"Mozilla\\\/5.0 (Linux; Android 16; SM-A075M Build\\\/BP2A.250605.031.A3; wv) AppleWebKit\\\/537.36 (KHTML, like Gecko) Version\\\/4.0 Chrome\\\/149.0.7827.91 Mobile Safari\\\/537.36 [FB_IAB\\\/FB4A;FBAV\\\/566.0.0.48.73;IABMV\\\/1;]\",\"externalId\":8693402,\"fbp\":null,\"fbc\":null},\"products\":[{\"id\":\"PROD_6a3c7684f2428\",\"name\":\"Produto 85\",\"planId\":null,\"planName\":null,\"quantity\":1,\"priceInCents\":\"8500\"}],\"trackingParameters\":{\"utm_source\":\"FBjLj6a3c756cef61eb984e8637f9\",\"utm_medium\":\"ADV|120252229294400045\",\"utm_campaign\":\"CTV 01 PND \\u2014 C\\u00f3pia|120252229294550045\",\"utm_content\":\"AD|120252229294240045\",\"utm_term\":\"Facebook_Mobile_Feed\"},\"commission\":{\"totalPriceInCents\":\"8500\",\"gatewayFeeInCents\":0,\"userCommissionInCents\":\"8500\"},\"isTest\":false}"
}
----------------------------------------
[2026-06-25 00:29:57] 🔄 Processando dados recebidos
Dados: {
    "orderId": 8693402,
    "platform": "MinhaPlataforma",
    "paymentMethod": "pix",
    "status": "waiting_payment",
    "createdAt": "2026-06-24 21:29:56",
    "approvedDate": null,
    "refundedAt": null,
    "customer": {
        "name": "Felipe Lima Ferreira",
        "email": "felipe.lima.ferreira@email.com",
        "phone": "11999999999",
        "document": "06078314807",
        "country": "BR",
        "ip": "45.238.120.194",
        "userAgent": "Mozilla\/5.0 (Linux; Android 16; SM-A075M Build\/BP2A.250605.031.A3; wv) AppleWebKit\/537.36 (KHTML, like Gecko) Version\/4.0 Chrome\/149.0.7827.91 Mobile Safari\/537.36 [FB_IAB\/FB4A;FBAV\/566.0.0.48.73;IABMV\/1;]",
        "externalId": 8693402,
        "fbp": null,
        "fbc": null
    },
    "products": [
        {
            "id": "PROD_6a3c7684f2428",
            "name": "Produto 85",
            "planId": null,
            "planName": null,
            "quantity": 1,
            "priceInCents": "8500"
        }
    ],
    "trackingParameters": {
        "utm_source": "FBjLj6a3c756cef61eb984e8637f9",
        "utm_medium": "ADV|120252229294400045",
        "utm_campaign": "CTV 01 PND \u2014 C\u00f3pia|120252229294550045",
        "utm_content": "AD|120252229294240045",
        "utm_term": "Facebook_Mobile_Feed"
    },
    "commission": {
        "totalPriceInCents": "8500",
        "gatewayFeeInCents": 0,
        "userCommissionInCents": "8500"
    },
    "isTest": false
}
----------------------------------------
[2026-06-25 00:29:57] 📤 Dados formatados para Utmify
Dados: {
    "orderId": 8693402,
    "platform": "PayHubr",
    "paymentMethod": "pix",
    "status": "waiting_payment",
    "createdAt": "2026-06-25 00:29:57",
    "approvedDate": null,
    "refundedAt": null,
    "customer": {
        "name": "Felipe Lima Ferreira",
        "email": "felipe.lima.ferreira@email.com",
        "phone": null,
        "document": "06078314807",
        "country": "BR",
        "ip": "78.40.143.130"
    },
    "products": [
        {
            "id": "PROD_6a3c7684f2428",
            "name": "Produto 85",
            "planId": null,
            "planName": null,
            "quantity": 1,
            "priceInCents": "8500"
        }
    ],
    "trackingParameters": {
        "src": null,
        "sck": null,
        "utm_source": "FBjLj6a3c756cef61eb984e8637f9",
        "utm_campaign": "CTV 01 PND \u2014 C\u00f3pia|120252229294550045",
        "utm_medium": "ADV|120252229294400045",
        "utm_content": "AD|120252229294240045",
        "utm_term": "Facebook_Mobile_Feed",
        "xcod": null,
        "fbclid": null,
        "gclid": null,
        "ttclid": null
    },
    "commission": {
        "totalPriceInCents": "8500",
        "gatewayFeeInCents": 0,
        "userCommissionInCents": "8500"
    },
    "isTest": false
}
----------------------------------------
[2026-06-25 00:29:57] 📡 Enviando requisição para Utmify
Dados: {
    "url": "https:\/\/api.utmify.com.br\/api-credentials\/orders",
    "headers": [
        "Content-Type: application\/json",
        "x-api-token: [REDACTED]"
    ]
}
----------------------------------------
[2026-06-25 00:29:57] ✅ Resposta da API Utmify
Dados: {
    "http_code": 404,
    "response": {
        "OK": false,
        "data": {
            "type": "API_CREDENTIAL"
        },
        "result": "ERROR",
        "statusCode": 404,
        "message": "API_CREDENTIAL_NOT_FOUND"
    }
}
----------------------------------------
[2026-06-25 00:29:57] ❌ Erro
Dados: {
    "message": "Erro na API Utmify. HTTP Code: 404"
}
----------------------------------------
[2026-06-25 00:31:19] 📥 Dados recebidos do PayHubr
Dados: {
    "raw": "{\"orderId\":8693436,\"platform\":\"MinhaPlataforma\",\"paymentMethod\":\"pix\",\"status\":\"waiting_payment\",\"createdAt\":\"2026-06-24 21:31:18\",\"approvedDate\":null,\"refundedAt\":null,\"customer\":{\"name\":\"Thiago Fernandes Martins\",\"email\":\"thiago.fernandes.martins@email.com\",\"phone\":\"11999999999\",\"document\":\"03625289180\",\"country\":\"BR\",\"ip\":\"177.37.127.125\",\"userAgent\":\"Mozilla\\\/5.0 (Linux; Android 11; moto g 5G plus Build\\\/RPNS31.Q4U-39-27-5-23; wv) AppleWebKit\\\/537.36 (KHTML, like Gecko) Version\\\/4.0 Chrome\\\/149.0.7827.150 Mobile Safari\\\/537.36 [FB_IAB\\\/FB4A;FBAV\\\/566.0.0.48.73;IABMV\\\/1;]\",\"externalId\":8693436,\"fbp\":null,\"fbc\":null},\"products\":[{\"id\":\"PROD_6a3c76d6ee9d4\",\"name\":\"Produto 85\",\"planId\":null,\"planName\":null,\"quantity\":1,\"priceInCents\":\"8500\"}],\"trackingParameters\":{\"utm_source\":\"FBjLj6a3c75cdf7924caf3e28acfc\",\"utm_medium\":\"ADV|120252204592570045\",\"utm_campaign\":\"CTV 01 PND \\u2014 C\\u00f3pia|120252204592330045\",\"utm_content\":\"AD|120252204592620045\",\"utm_term\":\"Facebook_Mobile_Feed\"},\"commission\":{\"totalPriceInCents\":\"8500\",\"gatewayFeeInCents\":0,\"userCommissionInCents\":\"8500\"},\"isTest\":false}"
}
----------------------------------------
[2026-06-25 00:31:19] 🔄 Processando dados recebidos
Dados: {
    "orderId": 8693436,
    "platform": "MinhaPlataforma",
    "paymentMethod": "pix",
    "status": "waiting_payment",
    "createdAt": "2026-06-24 21:31:18",
    "approvedDate": null,
    "refundedAt": null,
    "customer": {
        "name": "Thiago Fernandes Martins",
        "email": "thiago.fernandes.martins@email.com",
        "phone": "11999999999",
        "document": "03625289180",
        "country": "BR",
        "ip": "177.37.127.125",
        "userAgent": "Mozilla\/5.0 (Linux; Android 11; moto g 5G plus Build\/RPNS31.Q4U-39-27-5-23; wv) AppleWebKit\/537.36 (KHTML, like Gecko) Version\/4.0 Chrome\/149.0.7827.150 Mobile Safari\/537.36 [FB_IAB\/FB4A;FBAV\/566.0.0.48.73;IABMV\/1;]",
        "externalId": 8693436,
        "fbp": null,
        "fbc": null
    },
    "products": [
        {
            "id": "PROD_6a3c76d6ee9d4",
            "name": "Produto 85",
            "planId": null,
            "planName": null,
            "quantity": 1,
            "priceInCents": "8500"
        }
    ],
    "trackingParameters": {
        "utm_source": "FBjLj6a3c75cdf7924caf3e28acfc",
        "utm_medium": "ADV|120252204592570045",
        "utm_campaign": "CTV 01 PND \u2014 C\u00f3pia|120252204592330045",
        "utm_content": "AD|120252204592620045",
        "utm_term": "Facebook_Mobile_Feed"
    },
    "commission": {
        "totalPriceInCents": "8500",
        "gatewayFeeInCents": 0,
        "userCommissionInCents": "8500"
    },
    "isTest": false
}
----------------------------------------
[2026-06-25 00:31:19] 📤 Dados formatados para Utmify
Dados: {
    "orderId": 8693436,
    "platform": "PayHubr",
    "paymentMethod": "pix",
    "status": "waiting_payment",
    "createdAt": "2026-06-25 00:31:19",
    "approvedDate": null,
    "refundedAt": null,
    "customer": {
        "name": "Thiago Fernandes Martins",
        "email": "thiago.fernandes.martins@email.com",
        "phone": null,
        "document": "03625289180",
        "country": "BR",
        "ip": "78.40.143.130"
    },
    "products": [
        {
            "id": "PROD_6a3c76d6ee9d4",
            "name": "Produto 85",
            "planId": null,
            "planName": null,
            "quantity": 1,
            "priceInCents": "8500"
        }
    ],
    "trackingParameters": {
        "src": null,
        "sck": null,
        "utm_source": "FBjLj6a3c75cdf7924caf3e28acfc",
        "utm_campaign": "CTV 01 PND \u2014 C\u00f3pia|120252204592330045",
        "utm_medium": "ADV|120252204592570045",
        "utm_content": "AD|120252204592620045",
        "utm_term": "Facebook_Mobile_Feed",
        "xcod": null,
        "fbclid": null,
        "gclid": null,
        "ttclid": null
    },
    "commission": {
        "totalPriceInCents": "8500",
        "gatewayFeeInCents": 0,
        "userCommissionInCents": "8500"
    },
    "isTest": false
}
----------------------------------------
[2026-06-25 00:31:19] 📡 Enviando requisição para Utmify
Dados: {
    "url": "https:\/\/api.utmify.com.br\/api-credentials\/orders",
    "headers": [
        "Content-Type: application\/json",
        "x-api-token: [REDACTED]"
    ]
}
----------------------------------------
[2026-06-25 00:31:19] ✅ Resposta da API Utmify
Dados: {
    "http_code": 404,
    "response": {
        "OK": false,
        "data": {
            "type": "API_CREDENTIAL"
        },
        "result": "ERROR",
        "statusCode": 404,
        "message": "API_CREDENTIAL_NOT_FOUND"
    }
}
----------------------------------------
[2026-06-25 00:31:19] ❌ Erro
Dados: {
    "message": "Erro na API Utmify. HTTP Code: 404"
}
----------------------------------------
[2026-06-25 00:31:43] 📥 Dados recebidos do PayHubr
Dados: {
    "raw": "{\"orderId\":8693443,\"platform\":\"MinhaPlataforma\",\"paymentMethod\":\"pix\",\"status\":\"waiting_payment\",\"createdAt\":\"2026-06-24 21:31:43\",\"approvedDate\":null,\"refundedAt\":null,\"customer\":{\"name\":\"Sofia Lopes Costa\",\"email\":\"sofia.lopes.costa@email.com\",\"phone\":\"11999999999\",\"document\":\"82920313088\",\"country\":\"BR\",\"ip\":\"189.37.73.32\",\"userAgent\":\"Mozilla\\\/5.0 (Linux; Android 12; SM-A125M Build\\\/SP1A.210812.016; wv) AppleWebKit\\\/537.36 (KHTML, like Gecko) Version\\\/4.0 Chrome\\\/149.0.7827.107 Mobile Safari\\\/537.36 [FB_IAB\\\/FB4A;FBAV\\\/565.0.0.49.74;IABMV\\\/1;]\",\"externalId\":8693443,\"fbp\":null,\"fbc\":null},\"products\":[{\"id\":\"PROD_6a3c76ef8d353\",\"name\":\"Produto 85\",\"planId\":null,\"planName\":null,\"quantity\":1,\"priceInCents\":\"8500\"}],\"trackingParameters\":{\"utm_source\":\"FBjLj6a3c43fdef61eb984e74347f\",\"utm_medium\":\"ADV|120252150072880045\",\"utm_campaign\":\"CTV 01 PND \\u2014 C\\u00f3pia|120252150072990045\",\"utm_content\":\"AD|120252150072960045\",\"utm_term\":\"Facebook_Mobile_Reels\"},\"commission\":{\"totalPriceInCents\":\"8500\",\"gatewayFeeInCents\":0,\"userCommissionInCents\":\"8500\"},\"isTest\":false}"
}
----------------------------------------
[2026-06-25 00:31:43] 🔄 Processando dados recebidos
Dados: {
    "orderId": 8693443,
    "platform": "MinhaPlataforma",
    "paymentMethod": "pix",
    "status": "waiting_payment",
    "createdAt": "2026-06-24 21:31:43",
    "approvedDate": null,
    "refundedAt": null,
    "customer": {
        "name": "Sofia Lopes Costa",
        "email": "sofia.lopes.costa@email.com",
        "phone": "11999999999",
        "document": "82920313088",
        "country": "BR",
        "ip": "189.37.73.32",
        "userAgent": "Mozilla\/5.0 (Linux; Android 12; SM-A125M Build\/SP1A.210812.016; wv) AppleWebKit\/537.36 (KHTML, like Gecko) Version\/4.0 Chrome\/149.0.7827.107 Mobile Safari\/537.36 [FB_IAB\/FB4A;FBAV\/565.0.0.49.74;IABMV\/1;]",
        "externalId": 8693443,
        "fbp": null,
        "fbc": null
    },
    "products": [
        {
            "id": "PROD_6a3c76ef8d353",
            "name": "Produto 85",
            "planId": null,
            "planName": null,
            "quantity": 1,
            "priceInCents": "8500"
        }
    ],
    "trackingParameters": {
        "utm_source": "FBjLj6a3c43fdef61eb984e74347f",
        "utm_medium": "ADV|120252150072880045",
        "utm_campaign": "CTV 01 PND \u2014 C\u00f3pia|120252150072990045",
        "utm_content": "AD|120252150072960045",
        "utm_term": "Facebook_Mobile_Reels"
    },
    "commission": {
        "totalPriceInCents": "8500",
        "gatewayFeeInCents": 0,
        "userCommissionInCents": "8500"
    },
    "isTest": false
}
----------------------------------------
[2026-06-25 00:31:43] 📤 Dados formatados para Utmify
Dados: {
    "orderId": 8693443,
    "platform": "PayHubr",
    "paymentMethod": "pix",
    "status": "waiting_payment",
    "createdAt": "2026-06-25 00:31:43",
    "approvedDate": null,
    "refundedAt": null,
    "customer": {
        "name": "Sofia Lopes Costa",
        "email": "sofia.lopes.costa@email.com",
        "phone": null,
        "document": "82920313088",
        "country": "BR",
        "ip": "78.40.143.130"
    },
    "products": [
        {
            "id": "PROD_6a3c76ef8d353",
            "name": "Produto 85",
            "planId": null,
            "planName": null,
            "quantity": 1,
            "priceInCents": "8500"
        }
    ],
    "trackingParameters": {
        "src": null,
        "sck": null,
        "utm_source": "FBjLj6a3c43fdef61eb984e74347f",
        "utm_campaign": "CTV 01 PND \u2014 C\u00f3pia|120252150072990045",
        "utm_medium": "ADV|120252150072880045",
        "utm_content": "AD|120252150072960045",
        "utm_term": "Facebook_Mobile_Reels",
        "xcod": null,
        "fbclid": null,
        "gclid": null,
        "ttclid": null
    },
    "commission": {
        "totalPriceInCents": "8500",
        "gatewayFeeInCents": 0,
        "userCommissionInCents": "8500"
    },
    "isTest": false
}
----------------------------------------
[2026-06-25 00:31:43] 📡 Enviando requisição para Utmify
Dados: {
    "url": "https:\/\/api.utmify.com.br\/api-credentials\/orders",
    "headers": [
        "Content-Type: application\/json",
        "x-api-token: [REDACTED]"
    ]
}
----------------------------------------
[2026-06-25 00:31:43] ✅ Resposta da API Utmify
Dados: {
    "http_code": 404,
    "response": {
        "OK": false,
        "data": {
            "type": "API_CREDENTIAL"
        },
        "result": "ERROR",
        "statusCode": 404,
        "message": "API_CREDENTIAL_NOT_FOUND"
    }
}
----------------------------------------
[2026-06-25 00:31:43] ❌ Erro
Dados: {
    "message": "Erro na API Utmify. HTTP Code: 404"
}
----------------------------------------
[2026-06-25 00:32:17] 📥 Dados recebidos do PayHubr
Dados: {
    "raw": "{\"orderId\":8693455,\"platform\":\"MinhaPlataforma\",\"paymentMethod\":\"pix\",\"status\":\"waiting_payment\",\"createdAt\":\"2026-06-24 21:32:16\",\"approvedDate\":null,\"refundedAt\":null,\"customer\":{\"name\":\"Alice Almeida Alves\",\"email\":\"alice.almeida.alves@email.com\",\"phone\":\"11999999999\",\"document\":\"84939300404\",\"country\":\"BR\",\"ip\":\"2804:214:82b8:ae40:403b:56ff:fe18:811d\",\"userAgent\":\"Mozilla\\\/5.0 (Linux; Android 15; 23129RA5FL Build\\\/AQ3A.240829.003) AppleWebKit\\\/537.36 (KHTML, like Gecko) Version\\\/4.0 Chrome\\\/149.0.7827.93 Mobile Safari\\\/537.36 [FB_IAB\\\/FB4A;FBAV\\\/566.0.0.48.73;IABMV\\\/1;]\",\"externalId\":8693455,\"fbp\":null,\"fbc\":null},\"products\":[{\"id\":\"PROD_6a3c7710e06b6\",\"name\":\"Produto 85\",\"planId\":null,\"planName\":null,\"quantity\":1,\"priceInCents\":\"8500\"}],\"trackingParameters\":{\"utm_source\":\"FBjLj6a3c75fc098c1ec6094ded56\",\"utm_medium\":\"ADV|120252229294400045\",\"utm_campaign\":\"CTV 01 PND \\u2014 C\\u00f3pia|120252229294550045\",\"utm_content\":\"AD|120252229294240045\",\"utm_term\":\"Facebook_Mobile_Feed\"},\"commission\":{\"totalPriceInCents\":\"8500\",\"gatewayFeeInCents\":0,\"userCommissionInCents\":\"8500\"},\"isTest\":false}"
}
----------------------------------------
[2026-06-25 00:32:17] 🔄 Processando dados recebidos
Dados: {
    "orderId": 8693455,
    "platform": "MinhaPlataforma",
    "paymentMethod": "pix",
    "status": "waiting_payment",
    "createdAt": "2026-06-24 21:32:16",
    "approvedDate": null,
    "refundedAt": null,
    "customer": {
        "name": "Alice Almeida Alves",
        "email": "alice.almeida.alves@email.com",
        "phone": "11999999999",
        "document": "84939300404",
        "country": "BR",
        "ip": "2804:214:82b8:ae40:403b:56ff:fe18:811d",
        "userAgent": "Mozilla\/5.0 (Linux; Android 15; 23129RA5FL Build\/AQ3A.240829.003) AppleWebKit\/537.36 (KHTML, like Gecko) Version\/4.0 Chrome\/149.0.7827.93 Mobile Safari\/537.36 [FB_IAB\/FB4A;FBAV\/566.0.0.48.73;IABMV\/1;]",
        "externalId": 8693455,
        "fbp": null,
        "fbc": null
    },
    "products": [
        {
            "id": "PROD_6a3c7710e06b6",
            "name": "Produto 85",
            "planId": null,
            "planName": null,
            "quantity": 1,
            "priceInCents": "8500"
        }
    ],
    "trackingParameters": {
        "utm_source": "FBjLj6a3c75fc098c1ec6094ded56",
        "utm_medium": "ADV|120252229294400045",
        "utm_campaign": "CTV 01 PND \u2014 C\u00f3pia|120252229294550045",
        "utm_content": "AD|120252229294240045",
        "utm_term": "Facebook_Mobile_Feed"
    },
    "commission": {
        "totalPriceInCents": "8500",
        "gatewayFeeInCents": 0,
        "userCommissionInCents": "8500"
    },
    "isTest": false
}
----------------------------------------
[2026-06-25 00:32:17] 📤 Dados formatados para Utmify
Dados: {
    "orderId": 8693455,
    "platform": "PayHubr",
    "paymentMethod": "pix",
    "status": "waiting_payment",
    "createdAt": "2026-06-25 00:32:17",
    "approvedDate": null,
    "refundedAt": null,
    "customer": {
        "name": "Alice Almeida Alves",
        "email": "alice.almeida.alves@email.com",
        "phone": null,
        "document": "84939300404",
        "country": "BR",
        "ip": "78.40.143.130"
    },
    "products": [
        {
            "id": "PROD_6a3c7710e06b6",
            "name": "Produto 85",
            "planId": null,
            "planName": null,
            "quantity": 1,
            "priceInCents": "8500"
        }
    ],
    "trackingParameters": {
        "src": null,
        "sck": null,
        "utm_source": "FBjLj6a3c75fc098c1ec6094ded56",
        "utm_campaign": "CTV 01 PND \u2014 C\u00f3pia|120252229294550045",
        "utm_medium": "ADV|120252229294400045",
        "utm_content": "AD|120252229294240045",
        "utm_term": "Facebook_Mobile_Feed",
        "xcod": null,
        "fbclid": null,
        "gclid": null,
        "ttclid": null
    },
    "commission": {
        "totalPriceInCents": "8500",
        "gatewayFeeInCents": 0,
        "userCommissionInCents": "8500"
    },
    "isTest": false
}
----------------------------------------
[2026-06-25 00:32:17] 📡 Enviando requisição para Utmify
Dados: {
    "url": "https:\/\/api.utmify.com.br\/api-credentials\/orders",
    "headers": [
        "Content-Type: application\/json",
        "x-api-token: [REDACTED]"
    ]
}
----------------------------------------
[2026-06-25 00:32:17] ✅ Resposta da API Utmify
Dados: {
    "http_code": 404,
    "response": {
        "OK": false,
        "data": {
            "type": "API_CREDENTIAL"
        },
        "result": "ERROR",
        "statusCode": 404,
        "message": "API_CREDENTIAL_NOT_FOUND"
    }
}
----------------------------------------
[2026-06-25 00:32:17] ❌ Erro
Dados: {
    "message": "Erro na API Utmify. HTTP Code: 404"
}
----------------------------------------
[2026-06-25 00:32:32] 📥 Dados recebidos do PayHubr
Dados: {
    "raw": "{\"orderId\":8693463,\"platform\":\"MinhaPlataforma\",\"paymentMethod\":\"pix\",\"status\":\"waiting_payment\",\"createdAt\":\"2026-06-24 21:32:32\",\"approvedDate\":null,\"refundedAt\":null,\"customer\":{\"name\":\"Rafael Gomes Barbosa\",\"email\":\"rafael.gomes.barbosa@email.com\",\"phone\":\"11999999999\",\"document\":\"50509419380\",\"country\":\"BR\",\"ip\":\"2804:d14:184:2d00:d5cc:4fc1:c55b:65b5\",\"userAgent\":\"Mozilla\\\/5.0 (Linux; Android 10; SM-A515F Build\\\/QP1A.190711.020; wv) AppleWebKit\\\/537.36 (KHTML, like Gecko) Version\\\/4.0 Chrome\\\/149.0.7827.91 Mobile Safari\\\/537.36 Instagram 434.0.0.44.74 Android (29\\\/10; 420dpi; 1080x2400; samsung; SM-A515F; a51; exynos9611; pt_BR; 996255556; IABMV\\\/1)\",\"externalId\":8693463,\"fbp\":null,\"fbc\":null},\"products\":[{\"id\":\"PROD_6a3c772002e42\",\"name\":\"Produto 85\",\"planId\":null,\"planName\":null,\"quantity\":1,\"priceInCents\":\"8500\"}],\"trackingParameters\":{\"utm_source\":\"FBjLj6a3c75f034263042b06ae72c\",\"utm_medium\":\"ADV|120252150072920045\",\"utm_campaign\":\"CTV 11 PND \\u2014 C\\u00f3pia|120252150072980045\",\"utm_content\":\"AD|120252150072940045\",\"utm_term\":\"Instagram_Stories\"},\"commission\":{\"totalPriceInCents\":\"8500\",\"gatewayFeeInCents\":0,\"userCommissionInCents\":\"8500\"},\"isTest\":false}"
}
----------------------------------------
[2026-06-25 00:32:32] 🔄 Processando dados recebidos
Dados: {
    "orderId": 8693463,
    "platform": "MinhaPlataforma",
    "paymentMethod": "pix",
    "status": "waiting_payment",
    "createdAt": "2026-06-24 21:32:32",
    "approvedDate": null,
    "refundedAt": null,
    "customer": {
        "name": "Rafael Gomes Barbosa",
        "email": "rafael.gomes.barbosa@email.com",
        "phone": "11999999999",
        "document": "50509419380",
        "country": "BR",
        "ip": "2804:d14:184:2d00:d5cc:4fc1:c55b:65b5",
        "userAgent": "Mozilla\/5.0 (Linux; Android 10; SM-A515F Build\/QP1A.190711.020; wv) AppleWebKit\/537.36 (KHTML, like Gecko) Version\/4.0 Chrome\/149.0.7827.91 Mobile Safari\/537.36 Instagram 434.0.0.44.74 Android (29\/10; 420dpi; 1080x2400; samsung; SM-A515F; a51; exynos9611; pt_BR; 996255556; IABMV\/1)",
        "externalId": 8693463,
        "fbp": null,
        "fbc": null
    },
    "products": [
        {
            "id": "PROD_6a3c772002e42",
            "name": "Produto 85",
            "planId": null,
            "planName": null,
            "quantity": 1,
            "priceInCents": "8500"
        }
    ],
    "trackingParameters": {
        "utm_source": "FBjLj6a3c75f034263042b06ae72c",
        "utm_medium": "ADV|120252150072920045",
        "utm_campaign": "CTV 11 PND \u2014 C\u00f3pia|120252150072980045",
        "utm_content": "AD|120252150072940045",
        "utm_term": "Instagram_Stories"
    },
    "commission": {
        "totalPriceInCents": "8500",
        "gatewayFeeInCents": 0,
        "userCommissionInCents": "8500"
    },
    "isTest": false
}
----------------------------------------
[2026-06-25 00:32:32] 📤 Dados formatados para Utmify
Dados: {
    "orderId": 8693463,
    "platform": "PayHubr",
    "paymentMethod": "pix",
    "status": "waiting_payment",
    "createdAt": "2026-06-25 00:32:32",
    "approvedDate": null,
    "refundedAt": null,
    "customer": {
        "name": "Rafael Gomes Barbosa",
        "email": "rafael.gomes.barbosa@email.com",
        "phone": null,
        "document": "50509419380",
        "country": "BR",
        "ip": "78.40.143.130"
    },
    "products": [
        {
            "id": "PROD_6a3c772002e42",
            "name": "Produto 85",
            "planId": null,
            "planName": null,
            "quantity": 1,
            "priceInCents": "8500"
        }
    ],
    "trackingParameters": {
        "src": null,
        "sck": null,
        "utm_source": "FBjLj6a3c75f034263042b06ae72c",
        "utm_campaign": "CTV 11 PND \u2014 C\u00f3pia|120252150072980045",
        "utm_medium": "ADV|120252150072920045",
        "utm_content": "AD|120252150072940045",
        "utm_term": "Instagram_Stories",
        "xcod": null,
        "fbclid": null,
        "gclid": null,
        "ttclid": null
    },
    "commission": {
        "totalPriceInCents": "8500",
        "gatewayFeeInCents": 0,
        "userCommissionInCents": "8500"
    },
    "isTest": false
}
----------------------------------------
[2026-06-25 00:32:32] 📡 Enviando requisição para Utmify
Dados: {
    "url": "https:\/\/api.utmify.com.br\/api-credentials\/orders",
    "headers": [
        "Content-Type: application\/json",
        "x-api-token: [REDACTED]"
    ]
}
----------------------------------------
[2026-06-25 00:32:32] ✅ Resposta da API Utmify
Dados: {
    "http_code": 404,
    "response": {
        "OK": false,
        "data": {
            "type": "API_CREDENTIAL"
        },
        "result": "ERROR",
        "statusCode": 404,
        "message": "API_CREDENTIAL_NOT_FOUND"
    }
}
----------------------------------------
[2026-06-25 00:32:32] ❌ Erro
Dados: {
    "message": "Erro na API Utmify. HTTP Code: 404"
}
----------------------------------------
[2026-06-25 00:32:51] 📥 Dados recebidos do PayHubr
Dados: {
    "raw": "{\"orderId\":8693471,\"platform\":\"MinhaPlataforma\",\"paymentMethod\":\"pix\",\"status\":\"waiting_payment\",\"createdAt\":\"2026-06-24 21:32:51\",\"approvedDate\":null,\"refundedAt\":null,\"customer\":{\"name\":\"Bruno Alves Vieira\",\"email\":\"bruno.alves.vieira@email.com\",\"phone\":\"11999999999\",\"document\":\"40960682090\",\"country\":\"BR\",\"ip\":\"200.213.114.176\",\"userAgent\":\"Mozilla\\\/5.0 (Linux; Android 14; moto g23 Build\\\/UHAS34.29-41; wv) AppleWebKit\\\/537.36 (KHTML, like Gecko) Version\\\/4.0 Chrome\\\/149.0.7827.150 Mobile Safari\\\/537.36 [FB_IAB\\\/FB4A;FBAV\\\/566.0.0.48.73;IABMV\\\/1;]\",\"externalId\":8693471,\"fbp\":null,\"fbc\":null},\"products\":[{\"id\":\"PROD_6a3c77339af9d\",\"name\":\"Produto 85\",\"planId\":null,\"planName\":null,\"quantity\":1,\"priceInCents\":\"8500\"}],\"trackingParameters\":{\"utm_source\":\"FBjLj6a3c75e25278289032a70609\",\"utm_medium\":\"ADV|120252150072920045\",\"utm_campaign\":\"CTV 11 PND \\u2014 C\\u00f3pia|120252150072980045\",\"utm_content\":\"AD|120252150072940045\",\"utm_term\":\"Facebook_Mobile_Feed\"},\"commission\":{\"totalPriceInCents\":\"8500\",\"gatewayFeeInCents\":0,\"userCommissionInCents\":\"8500\"},\"isTest\":false}"
}
----------------------------------------
[2026-06-25 00:32:51] 🔄 Processando dados recebidos
Dados: {
    "orderId": 8693471,
    "platform": "MinhaPlataforma",
    "paymentMethod": "pix",
    "status": "waiting_payment",
    "createdAt": "2026-06-24 21:32:51",
    "approvedDate": null,
    "refundedAt": null,
    "customer": {
        "name": "Bruno Alves Vieira",
        "email": "bruno.alves.vieira@email.com",
        "phone": "11999999999",
        "document": "40960682090",
        "country": "BR",
        "ip": "200.213.114.176",
        "userAgent": "Mozilla\/5.0 (Linux; Android 14; moto g23 Build\/UHAS34.29-41; wv) AppleWebKit\/537.36 (KHTML, like Gecko) Version\/4.0 Chrome\/149.0.7827.150 Mobile Safari\/537.36 [FB_IAB\/FB4A;FBAV\/566.0.0.48.73;IABMV\/1;]",
        "externalId": 8693471,
        "fbp": null,
        "fbc": null
    },
    "products": [
        {
            "id": "PROD_6a3c77339af9d",
            "name": "Produto 85",
            "planId": null,
            "planName": null,
            "quantity": 1,
            "priceInCents": "8500"
        }
    ],
    "trackingParameters": {
        "utm_source": "FBjLj6a3c75e25278289032a70609",
        "utm_medium": "ADV|120252150072920045",
        "utm_campaign": "CTV 11 PND \u2014 C\u00f3pia|120252150072980045",
        "utm_content": "AD|120252150072940045",
        "utm_term": "Facebook_Mobile_Feed"
    },
    "commission": {
        "totalPriceInCents": "8500",
        "gatewayFeeInCents": 0,
        "userCommissionInCents": "8500"
    },
    "isTest": false
}
----------------------------------------
[2026-06-25 00:32:51] 📤 Dados formatados para Utmify
Dados: {
    "orderId": 8693471,
    "platform": "PayHubr",
    "paymentMethod": "pix",
    "status": "waiting_payment",
    "createdAt": "2026-06-25 00:32:51",
    "approvedDate": null,
    "refundedAt": null,
    "customer": {
        "name": "Bruno Alves Vieira",
        "email": "bruno.alves.vieira@email.com",
        "phone": null,
        "document": "40960682090",
        "country": "BR",
        "ip": "78.40.143.130"
    },
    "products": [
        {
            "id": "PROD_6a3c77339af9d",
            "name": "Produto 85",
            "planId": null,
            "planName": null,
            "quantity": 1,
            "priceInCents": "8500"
        }
    ],
    "trackingParameters": {
        "src": null,
        "sck": null,
        "utm_source": "FBjLj6a3c75e25278289032a70609",
        "utm_campaign": "CTV 11 PND \u2014 C\u00f3pia|120252150072980045",
        "utm_medium": "ADV|120252150072920045",
        "utm_content": "AD|120252150072940045",
        "utm_term": "Facebook_Mobile_Feed",
        "xcod": null,
        "fbclid": null,
        "gclid": null,
        "ttclid": null
    },
    "commission": {
        "totalPriceInCents": "8500",
        "gatewayFeeInCents": 0,
        "userCommissionInCents": "8500"
    },
    "isTest": false
}
----------------------------------------
[2026-06-25 00:32:51] 📡 Enviando requisição para Utmify
Dados: {
    "url": "https:\/\/api.utmify.com.br\/api-credentials\/orders",
    "headers": [
        "Content-Type: application\/json",
        "x-api-token: [REDACTED]"
    ]
}
----------------------------------------
[2026-06-25 00:32:51] ✅ Resposta da API Utmify
Dados: {
    "http_code": 404,
    "response": {
        "OK": false,
        "data": {
            "type": "API_CREDENTIAL"
        },
        "result": "ERROR",
        "statusCode": 404,
        "message": "API_CREDENTIAL_NOT_FOUND"
    }
}
----------------------------------------
[2026-06-25 00:32:51] ❌ Erro
Dados: {
    "message": "Erro na API Utmify. HTTP Code: 404"
}
----------------------------------------
[2026-06-25 00:32:59] 📥 Dados recebidos do PayHubr
Dados: {
    "raw": "{\"orderId\":8693473,\"platform\":\"MinhaPlataforma\",\"paymentMethod\":\"pix\",\"status\":\"waiting_payment\",\"createdAt\":\"2026-06-24 21:32:59\",\"approvedDate\":null,\"refundedAt\":null,\"customer\":{\"name\":\"Luiza Lima Ribeiro\",\"email\":\"luiza.lima.ribeiro@email.com\",\"phone\":\"11999999999\",\"document\":\"64695265273\",\"country\":\"BR\",\"ip\":\"2804:6eb8:802e:7200:40c8:8ed6:a12:3a2b\",\"userAgent\":\"Mozilla\\\/5.0 (Linux; Android 10; M2010J19SL Build\\\/QKQ1.200830.002; wv) AppleWebKit\\\/537.36 (KHTML, like Gecko) Version\\\/4.0 Chrome\\\/149.0.7827.147 Mobile Safari\\\/537.36 Instagram 434.0.0.44.74 Android (29\\\/10; 440dpi; 1080x2340; Xiaomi\\\/Redmi; M2010J19SL; pomelo; qcom; pt_BR; 996255440; IABMV\\\/1)\",\"externalId\":8693473,\"fbp\":null,\"fbc\":null},\"products\":[{\"id\":\"PROD_6a3c773b69099\",\"name\":\"Produto 85\",\"planId\":null,\"planName\":null,\"quantity\":1,\"priceInCents\":\"8500\"}],\"trackingParameters\":{\"utm_source\":\"FBjLj6a3c75975278289032a6e78b\",\"utm_medium\":\"ADV|120252229293920045\",\"utm_campaign\":\"CTV 01 PND \\u2014 C\\u00f3pia|120252229293710045\",\"utm_content\":\"AD|120252229294580045\",\"utm_term\":\"Instagram_Feed\"},\"commission\":{\"totalPriceInCents\":\"8500\",\"gatewayFeeInCents\":0,\"userCommissionInCents\":\"8500\"},\"isTest\":false}"
}
----------------------------------------
[2026-06-25 00:32:59] 🔄 Processando dados recebidos
Dados: {
    "orderId": 8693473,
    "platform": "MinhaPlataforma",
    "paymentMethod": "pix",
    "status": "waiting_payment",
    "createdAt": "2026-06-24 21:32:59",
    "approvedDate": null,
    "refundedAt": null,
    "customer": {
        "name": "Luiza Lima Ribeiro",
        "email": "luiza.lima.ribeiro@email.com",
        "phone": "11999999999",
        "document": "64695265273",
        "country": "BR",
        "ip": "2804:6eb8:802e:7200:40c8:8ed6:a12:3a2b",
        "userAgent": "Mozilla\/5.0 (Linux; Android 10; M2010J19SL Build\/QKQ1.200830.002; wv) AppleWebKit\/537.36 (KHTML, like Gecko) Version\/4.0 Chrome\/149.0.7827.147 Mobile Safari\/537.36 Instagram 434.0.0.44.74 Android (29\/10; 440dpi; 1080x2340; Xiaomi\/Redmi; M2010J19SL; pomelo; qcom; pt_BR; 996255440; IABMV\/1)",
        "externalId": 8693473,
        "fbp": null,
        "fbc": null
    },
    "products": [
        {
            "id": "PROD_6a3c773b69099",
            "name": "Produto 85",
            "planId": null,
            "planName": null,
            "quantity": 1,
            "priceInCents": "8500"
        }
    ],
    "trackingParameters": {
        "utm_source": "FBjLj6a3c75975278289032a6e78b",
        "utm_medium": "ADV|120252229293920045",
        "utm_campaign": "CTV 01 PND \u2014 C\u00f3pia|120252229293710045",
        "utm_content": "AD|120252229294580045",
        "utm_term": "Instagram_Feed"
    },
    "commission": {
        "totalPriceInCents": "8500",
        "gatewayFeeInCents": 0,
        "userCommissionInCents": "8500"
    },
    "isTest": false
}
----------------------------------------
[2026-06-25 00:32:59] 📤 Dados formatados para Utmify
Dados: {
    "orderId": 8693473,
    "platform": "PayHubr",
    "paymentMethod": "pix",
    "status": "waiting_payment",
    "createdAt": "2026-06-25 00:32:59",
    "approvedDate": null,
    "refundedAt": null,
    "customer": {
        "name": "Luiza Lima Ribeiro",
        "email": "luiza.lima.ribeiro@email.com",
        "phone": null,
        "document": "64695265273",
        "country": "BR",
        "ip": "78.40.143.130"
    },
    "products": [
        {
            "id": "PROD_6a3c773b69099",
            "name": "Produto 85",
            "planId": null,
            "planName": null,
            "quantity": 1,
            "priceInCents": "8500"
        }
    ],
    "trackingParameters": {
        "src": null,
        "sck": null,
        "utm_source": "FBjLj6a3c75975278289032a6e78b",
        "utm_campaign": "CTV 01 PND \u2014 C\u00f3pia|120252229293710045",
        "utm_medium": "ADV|120252229293920045",
        "utm_content": "AD|120252229294580045",
        "utm_term": "Instagram_Feed",
        "xcod": null,
        "fbclid": null,
        "gclid": null,
        "ttclid": null
    },
    "commission": {
        "totalPriceInCents": "8500",
        "gatewayFeeInCents": 0,
        "userCommissionInCents": "8500"
    },
    "isTest": false
}
----------------------------------------
[2026-06-25 00:32:59] 📡 Enviando requisição para Utmify
Dados: {
    "url": "https:\/\/api.utmify.com.br\/api-credentials\/orders",
    "headers": [
        "Content-Type: application\/json",
        "x-api-token: [REDACTED]"
    ]
}
----------------------------------------
[2026-06-25 00:32:59] ✅ Resposta da API Utmify
Dados: {
    "http_code": 404,
    "response": {
        "OK": false,
        "data": {
            "type": "API_CREDENTIAL"
        },
        "result": "ERROR",
        "statusCode": 404,
        "message": "API_CREDENTIAL_NOT_FOUND"
    }
}
----------------------------------------
[2026-06-25 00:32:59] ❌ Erro
Dados: {
    "message": "Erro na API Utmify. HTTP Code: 404"
}
----------------------------------------
[2026-06-25 00:33:18] 📥 Dados recebidos do PayHubr
Dados: {
    "raw": "{\"orderId\":8693483,\"platform\":\"MinhaPlataforma\",\"paymentMethod\":\"pix\",\"status\":\"waiting_payment\",\"createdAt\":\"2026-06-24 21:33:18\",\"approvedDate\":null,\"refundedAt\":null,\"customer\":{\"name\":\"Mariana Soares Oliveira\",\"email\":\"mariana.soares.oliveira@email.com\",\"phone\":\"11999999999\",\"document\":\"36776850879\",\"country\":\"BR\",\"ip\":\"2804:2984:995e:7400:f80e:4633:649a:69cd\",\"userAgent\":\"Mozilla\\\/5.0 (iPhone; CPU iPhone OS 26_5 like Mac OS X) AppleWebKit\\\/605.1.15 (KHTML, like Gecko) Mobile\\\/23F77 Instagram 434.0.0.28.78 (iPhone13,2; iOS 26_5; pt_BR; pt; scale=3.00; 1170x2532; IABMV\\\/1; 994860828) Safari\\\/604.1\",\"externalId\":8693483,\"fbp\":null,\"fbc\":null},\"products\":[{\"id\":\"PROD_6a3c774e03166\",\"name\":\"Produto 85\",\"planId\":null,\"planName\":null,\"quantity\":1,\"priceInCents\":\"8500\"}],\"trackingParameters\":{\"utm_source\":\"FB\",\"utm_medium\":\"ADV|120252150072920045\",\"utm_campaign\":\"CTV 11 PND \\u2014 C\\u00f3pia|120252150072980045\",\"utm_content\":\"AD|120252150072940045\",\"utm_term\":\"Instagram_Stories\"},\"commission\":{\"totalPriceInCents\":\"8500\",\"gatewayFeeInCents\":0,\"userCommissionInCents\":\"8500\"},\"isTest\":false}"
}
----------------------------------------
[2026-06-25 00:33:18] 🔄 Processando dados recebidos
Dados: {
    "orderId": 8693483,
    "platform": "MinhaPlataforma",
    "paymentMethod": "pix",
    "status": "waiting_payment",
    "createdAt": "2026-06-24 21:33:18",
    "approvedDate": null,
    "refundedAt": null,
    "customer": {
        "name": "Mariana Soares Oliveira",
        "email": "mariana.soares.oliveira@email.com",
        "phone": "11999999999",
        "document": "36776850879",
        "country": "BR",
        "ip": "2804:2984:995e:7400:f80e:4633:649a:69cd",
        "userAgent": "Mozilla\/5.0 (iPhone; CPU iPhone OS 26_5 like Mac OS X) AppleWebKit\/605.1.15 (KHTML, like Gecko) Mobile\/23F77 Instagram 434.0.0.28.78 (iPhone13,2; iOS 26_5; pt_BR; pt; scale=3.00; 1170x2532; IABMV\/1; 994860828) Safari\/604.1",
        "externalId": 8693483,
        "fbp": null,
        "fbc": null
    },
    "products": [
        {
            "id": "PROD_6a3c774e03166",
            "name": "Produto 85",
            "planId": null,
            "planName": null,
            "quantity": 1,
            "priceInCents": "8500"
        }
    ],
    "trackingParameters": {
        "utm_source": "FB",
        "utm_medium": "ADV|120252150072920045",
        "utm_campaign": "CTV 11 PND \u2014 C\u00f3pia|120252150072980045",
        "utm_content": "AD|120252150072940045",
        "utm_term": "Instagram_Stories"
    },
    "commission": {
        "totalPriceInCents": "8500",
        "gatewayFeeInCents": 0,
        "userCommissionInCents": "8500"
    },
    "isTest": false
}
----------------------------------------
[2026-06-25 00:33:18] 📤 Dados formatados para Utmify
Dados: {
    "orderId": 8693483,
    "platform": "PayHubr",
    "paymentMethod": "pix",
    "status": "waiting_payment",
    "createdAt": "2026-06-25 00:33:18",
    "approvedDate": null,
    "refundedAt": null,
    "customer": {
        "name": "Mariana Soares Oliveira",
        "email": "mariana.soares.oliveira@email.com",
        "phone": null,
        "document": "36776850879",
        "country": "BR",
        "ip": "78.40.143.130"
    },
    "products": [
        {
            "id": "PROD_6a3c774e03166",
            "name": "Produto 85",
            "planId": null,
            "planName": null,
            "quantity": 1,
            "priceInCents": "8500"
        }
    ],
    "trackingParameters": {
        "src": null,
        "sck": null,
        "utm_source": "FB",
        "utm_campaign": "CTV 11 PND \u2014 C\u00f3pia|120252150072980045",
        "utm_medium": "ADV|120252150072920045",
        "utm_content": "AD|120252150072940045",
        "utm_term": "Instagram_Stories",
        "xcod": null,
        "fbclid": null,
        "gclid": null,
        "ttclid": null
    },
    "commission": {
        "totalPriceInCents": "8500",
        "gatewayFeeInCents": 0,
        "userCommissionInCents": "8500"
    },
    "isTest": false
}
----------------------------------------
[2026-06-25 00:33:18] 📡 Enviando requisição para Utmify
Dados: {
    "url": "https:\/\/api.utmify.com.br\/api-credentials\/orders",
    "headers": [
        "Content-Type: application\/json",
        "x-api-token: [REDACTED]"
    ]
}
----------------------------------------
[2026-06-25 00:33:18] ✅ Resposta da API Utmify
Dados: {
    "http_code": 404,
    "response": {
        "OK": false,
        "data": {
            "type": "API_CREDENTIAL"
        },
        "result": "ERROR",
        "statusCode": 404,
        "message": "API_CREDENTIAL_NOT_FOUND"
    }
}
----------------------------------------
[2026-06-25 00:33:18] ❌ Erro
Dados: {
    "message": "Erro na API Utmify. HTTP Code: 404"
}
----------------------------------------
[2026-06-25 00:33:38] 📥 Dados recebidos do PayHubr
Dados: {
    "raw": "{\"orderId\":8693485,\"platform\":\"MinhaPlataforma\",\"paymentMethod\":\"pix\",\"status\":\"waiting_payment\",\"createdAt\":\"2026-06-24 21:33:37\",\"approvedDate\":null,\"refundedAt\":null,\"customer\":{\"name\":\"Gabriel Gomes Lopes\",\"email\":\"gabriel.gomes.lopes@email.com\",\"phone\":\"11999999999\",\"document\":\"73323237617\",\"country\":\"BR\",\"ip\":\"170.83.136.10\",\"userAgent\":\"Mozilla\\\/5.0 (Linux; Android 13; M2101K7BL Build\\\/TP1A.220624.014; wv) AppleWebKit\\\/537.36 (KHTML, like Gecko) Version\\\/4.0 Chrome\\\/149.0.7827.91 Mobile Safari\\\/537.36 Instagram 434.0.0.44.74 Android (33\\\/13; 540dpi; 1080x2400; Xiaomi\\\/Redmi; M2101K7BL; maltose; mt6785; pt_BR; 996255559; IABMV\\\/1)\",\"externalId\":8693485,\"fbp\":null,\"fbc\":null},\"products\":[{\"id\":\"PROD_6a3c7761e1bda\",\"name\":\"Produto 85\",\"planId\":null,\"planName\":null,\"quantity\":1,\"priceInCents\":\"8500\"}],\"trackingParameters\":{\"utm_source\":\"FBjLj6a3c75e9cefed09e0b37cb88\",\"utm_medium\":\"ADV|120252229294410045\",\"utm_campaign\":\"CTV 01 PND \\u2014 C\\u00f3pia|120252229294530045\",\"utm_content\":\"AD|120252229293880045\",\"utm_term\":\"Instagram_Reels\"},\"commission\":{\"totalPriceInCents\":\"8500\",\"gatewayFeeInCents\":0,\"userCommissionInCents\":\"8500\"},\"isTest\":false}"
}
----------------------------------------
[2026-06-25 00:33:38] 🔄 Processando dados recebidos
Dados: {
    "orderId": 8693485,
    "platform": "MinhaPlataforma",
    "paymentMethod": "pix",
    "status": "waiting_payment",
    "createdAt": "2026-06-24 21:33:37",
    "approvedDate": null,
    "refundedAt": null,
    "customer": {
        "name": "Gabriel Gomes Lopes",
        "email": "gabriel.gomes.lopes@email.com",
        "phone": "11999999999",
        "document": "73323237617",
        "country": "BR",
        "ip": "170.83.136.10",
        "userAgent": "Mozilla\/5.0 (Linux; Android 13; M2101K7BL Build\/TP1A.220624.014; wv) AppleWebKit\/537.36 (KHTML, like Gecko) Version\/4.0 Chrome\/149.0.7827.91 Mobile Safari\/537.36 Instagram 434.0.0.44.74 Android (33\/13; 540dpi; 1080x2400; Xiaomi\/Redmi; M2101K7BL; maltose; mt6785; pt_BR; 996255559; IABMV\/1)",
        "externalId": 8693485,
        "fbp": null,
        "fbc": null
    },
    "products": [
        {
            "id": "PROD_6a3c7761e1bda",
            "name": "Produto 85",
            "planId": null,
            "planName": null,
            "quantity": 1,
            "priceInCents": "8500"
        }
    ],
    "trackingParameters": {
        "utm_source": "FBjLj6a3c75e9cefed09e0b37cb88",
        "utm_medium": "ADV|120252229294410045",
        "utm_campaign": "CTV 01 PND \u2014 C\u00f3pia|120252229294530045",
        "utm_content": "AD|120252229293880045",
        "utm_term": "Instagram_Reels"
    },
    "commission": {
        "totalPriceInCents": "8500",
        "gatewayFeeInCents": 0,
        "userCommissionInCents": "8500"
    },
    "isTest": false
}
----------------------------------------
[2026-06-25 00:33:38] 📤 Dados formatados para Utmify
Dados: {
    "orderId": 8693485,
    "platform": "PayHubr",
    "paymentMethod": "pix",
    "status": "waiting_payment",
    "createdAt": "2026-06-25 00:33:38",
    "approvedDate": null,
    "refundedAt": null,
    "customer": {
        "name": "Gabriel Gomes Lopes",
        "email": "gabriel.gomes.lopes@email.com",
        "phone": null,
        "document": "73323237617",
        "country": "BR",
        "ip": "78.40.143.130"
    },
    "products": [
        {
            "id": "PROD_6a3c7761e1bda",
            "name": "Produto 85",
            "planId": null,
            "planName": null,
            "quantity": 1,
            "priceInCents": "8500"
        }
    ],
    "trackingParameters": {
        "src": null,
        "sck": null,
        "utm_source": "FBjLj6a3c75e9cefed09e0b37cb88",
        "utm_campaign": "CTV 01 PND \u2014 C\u00f3pia|120252229294530045",
        "utm_medium": "ADV|120252229294410045",
        "utm_content": "AD|120252229293880045",
        "utm_term": "Instagram_Reels",
        "xcod": null,
        "fbclid": null,
        "gclid": null,
        "ttclid": null
    },
    "commission": {
        "totalPriceInCents": "8500",
        "gatewayFeeInCents": 0,
        "userCommissionInCents": "8500"
    },
    "isTest": false
}
----------------------------------------
[2026-06-25 00:33:38] 📡 Enviando requisição para Utmify
Dados: {
    "url": "https:\/\/api.utmify.com.br\/api-credentials\/orders",
    "headers": [
        "Content-Type: application\/json",
        "x-api-token: [REDACTED]"
    ]
}
----------------------------------------
[2026-06-25 00:33:38] ✅ Resposta da API Utmify
Dados: {
    "http_code": 404,
    "response": {
        "OK": false,
        "data": {
            "type": "API_CREDENTIAL"
        },
        "result": "ERROR",
        "statusCode": 404,
        "message": "API_CREDENTIAL_NOT_FOUND"
    }
}
----------------------------------------
[2026-06-25 00:33:38] ❌ Erro
Dados: {
    "message": "Erro na API Utmify. HTTP Code: 404"
}
----------------------------------------
[2026-06-25 00:34:44] 📥 Dados recebidos do PayHubr
Dados: {
    "raw": "{\"orderId\":8693507,\"platform\":\"MinhaPlataforma\",\"paymentMethod\":\"pix\",\"status\":\"waiting_payment\",\"createdAt\":\"2026-06-24 21:34:44\",\"approvedDate\":null,\"refundedAt\":null,\"customer\":{\"name\":\"Ana Martins Vieira\",\"email\":\"ana.martins.vieira@email.com\",\"phone\":\"11999999999\",\"document\":\"93746279062\",\"country\":\"BR\",\"ip\":\"2804:14d:789c:8108:eccc:ac1:c94d:ec55\",\"userAgent\":\"Mozilla\\\/5.0 (Linux; Android 16; SM-A256E Build\\\/BP2A.250605.031.A3; wv) AppleWebKit\\\/537.36 (KHTML, like Gecko) Version\\\/4.0 Chrome\\\/149.0.7827.147 Mobile Safari\\\/537.36 Instagram 434.0.0.44.74 Android (36\\\/16; 450dpi; 1080x2340; samsung; SM-A256E; a25x; s5e8825; pt_BR; 996255556; IABMV\\\/1)\",\"externalId\":8693507,\"fbp\":null,\"fbc\":null},\"products\":[{\"id\":\"PROD_6a3c77a436351\",\"name\":\"Produto 85\",\"planId\":null,\"planName\":null,\"quantity\":1,\"priceInCents\":\"8500\"}],\"trackingParameters\":{\"utm_source\":\"FBjLj6a3c7707098c1ec6094e5379\",\"utm_medium\":\"ADV|120252150072920045\",\"utm_campaign\":\"CTV 11 PND \\u2014 C\\u00f3pia|120252150072980045\",\"utm_content\":\"AD|120252150072940045\",\"utm_term\":\"Instagram_Feed\"},\"commission\":{\"totalPriceInCents\":\"8500\",\"gatewayFeeInCents\":0,\"userCommissionInCents\":\"8500\"},\"isTest\":false}"
}
----------------------------------------
[2026-06-25 00:34:44] 🔄 Processando dados recebidos
Dados: {
    "orderId": 8693507,
    "platform": "MinhaPlataforma",
    "paymentMethod": "pix",
    "status": "waiting_payment",
    "createdAt": "2026-06-24 21:34:44",
    "approvedDate": null,
    "refundedAt": null,
    "customer": {
        "name": "Ana Martins Vieira",
        "email": "ana.martins.vieira@email.com",
        "phone": "11999999999",
        "document": "93746279062",
        "country": "BR",
        "ip": "2804:14d:789c:8108:eccc:ac1:c94d:ec55",
        "userAgent": "Mozilla\/5.0 (Linux; Android 16; SM-A256E Build\/BP2A.250605.031.A3; wv) AppleWebKit\/537.36 (KHTML, like Gecko) Version\/4.0 Chrome\/149.0.7827.147 Mobile Safari\/537.36 Instagram 434.0.0.44.74 Android (36\/16; 450dpi; 1080x2340; samsung; SM-A256E; a25x; s5e8825; pt_BR; 996255556; IABMV\/1)",
        "externalId": 8693507,
        "fbp": null,
        "fbc": null
    },
    "products": [
        {
            "id": "PROD_6a3c77a436351",
            "name": "Produto 85",
            "planId": null,
            "planName": null,
            "quantity": 1,
            "priceInCents": "8500"
        }
    ],
    "trackingParameters": {
        "utm_source": "FBjLj6a3c7707098c1ec6094e5379",
        "utm_medium": "ADV|120252150072920045",
        "utm_campaign": "CTV 11 PND \u2014 C\u00f3pia|120252150072980045",
        "utm_content": "AD|120252150072940045",
        "utm_term": "Instagram_Feed"
    },
    "commission": {
        "totalPriceInCents": "8500",
        "gatewayFeeInCents": 0,
        "userCommissionInCents": "8500"
    },
    "isTest": false
}
----------------------------------------
[2026-06-25 00:34:44] 📤 Dados formatados para Utmify
Dados: {
    "orderId": 8693507,
    "platform": "PayHubr",
    "paymentMethod": "pix",
    "status": "waiting_payment",
    "createdAt": "2026-06-25 00:34:44",
    "approvedDate": null,
    "refundedAt": null,
    "customer": {
        "name": "Ana Martins Vieira",
        "email": "ana.martins.vieira@email.com",
        "phone": null,
        "document": "93746279062",
        "country": "BR",
        "ip": "78.40.143.130"
    },
    "products": [
        {
            "id": "PROD_6a3c77a436351",
            "name": "Produto 85",
            "planId": null,
            "planName": null,
            "quantity": 1,
            "priceInCents": "8500"
        }
    ],
    "trackingParameters": {
        "src": null,
        "sck": null,
        "utm_source": "FBjLj6a3c7707098c1ec6094e5379",
        "utm_campaign": "CTV 11 PND \u2014 C\u00f3pia|120252150072980045",
        "utm_medium": "ADV|120252150072920045",
        "utm_content": "AD|120252150072940045",
        "utm_term": "Instagram_Feed",
        "xcod": null,
        "fbclid": null,
        "gclid": null,
        "ttclid": null
    },
    "commission": {
        "totalPriceInCents": "8500",
        "gatewayFeeInCents": 0,
        "userCommissionInCents": "8500"
    },
    "isTest": false
}
----------------------------------------
[2026-06-25 00:34:44] 📡 Enviando requisição para Utmify
Dados: {
    "url": "https:\/\/api.utmify.com.br\/api-credentials\/orders",
    "headers": [
        "Content-Type: application\/json",
        "x-api-token: [REDACTED]"
    ]
}
----------------------------------------
[2026-06-25 00:34:44] ✅ Resposta da API Utmify
Dados: {
    "http_code": 404,
    "response": {
        "OK": false,
        "data": {
            "type": "API_CREDENTIAL"
        },
        "result": "ERROR",
        "statusCode": 404,
        "message": "API_CREDENTIAL_NOT_FOUND"
    }
}
----------------------------------------
[2026-06-25 00:34:44] ❌ Erro
Dados: {
    "message": "Erro na API Utmify. HTTP Code: 404"
}
----------------------------------------
[2026-06-25 00:34:54] 📥 Dados recebidos do PayHubr
Dados: {
    "raw": "{\"orderId\":8693511,\"platform\":\"MinhaPlataforma\",\"paymentMethod\":\"pix\",\"status\":\"waiting_payment\",\"createdAt\":\"2026-06-24 21:34:54\",\"approvedDate\":null,\"refundedAt\":null,\"customer\":{\"name\":\"Sofia Martins Alves\",\"email\":\"sofia.martins.alves@email.com\",\"phone\":\"11999999999\",\"document\":\"44199694900\",\"country\":\"BR\",\"ip\":\"2804:fc:8d7b:3c00:b8ac:131a:74cf:4105\",\"userAgent\":\"Mozilla\\\/5.0 (Linux; Android 14; SM-A065M Build\\\/UP1A.231005.007) AppleWebKit\\\/537.36 (KHTML, like Gecko) Version\\\/4.0 Chrome\\\/149.0.7827.150 Mobile Safari\\\/537.36 [FB_IAB\\\/FB4A;FBAV\\\/566.0.0.48.73;IABMV\\\/1;]\",\"externalId\":8693511,\"fbp\":null,\"fbc\":null},\"products\":[{\"id\":\"PROD_6a3c77aea13d7\",\"name\":\"Produto 85\",\"planId\":null,\"planName\":null,\"quantity\":1,\"priceInCents\":\"8500\"}],\"trackingParameters\":{\"utm_source\":\"FBjLj6a3c7707d5ee016d31cda3fb\",\"utm_medium\":\"ADV|120252229293900045\",\"utm_campaign\":\"CTV 01 PND \\u2014 C\\u00f3pia|120252229294360045\",\"utm_content\":\"AD|120252229294570045\",\"utm_term\":\"Facebook_Mobile_Reels\"},\"commission\":{\"totalPriceInCents\":\"8500\",\"gatewayFeeInCents\":0,\"userCommissionInCents\":\"8500\"},\"isTest\":false}"
}
----------------------------------------
[2026-06-25 00:34:54] 🔄 Processando dados recebidos
Dados: {
    "orderId": 8693511,
    "platform": "MinhaPlataforma",
    "paymentMethod": "pix",
    "status": "waiting_payment",
    "createdAt": "2026-06-24 21:34:54",
    "approvedDate": null,
    "refundedAt": null,
    "customer": {
        "name": "Sofia Martins Alves",
        "email": "sofia.martins.alves@email.com",
        "phone": "11999999999",
        "document": "44199694900",
        "country": "BR",
        "ip": "2804:fc:8d7b:3c00:b8ac:131a:74cf:4105",
        "userAgent": "Mozilla\/5.0 (Linux; Android 14; SM-A065M Build\/UP1A.231005.007) AppleWebKit\/537.36 (KHTML, like Gecko) Version\/4.0 Chrome\/149.0.7827.150 Mobile Safari\/537.36 [FB_IAB\/FB4A;FBAV\/566.0.0.48.73;IABMV\/1;]",
        "externalId": 8693511,
        "fbp": null,
        "fbc": null
    },
    "products": [
        {
            "id": "PROD_6a3c77aea13d7",
            "name": "Produto 85",
            "planId": null,
            "planName": null,
            "quantity": 1,
            "priceInCents": "8500"
        }
    ],
    "trackingParameters": {
        "utm_source": "FBjLj6a3c7707d5ee016d31cda3fb",
        "utm_medium": "ADV|120252229293900045",
        "utm_campaign": "CTV 01 PND \u2014 C\u00f3pia|120252229294360045",
        "utm_content": "AD|120252229294570045",
        "utm_term": "Facebook_Mobile_Reels"
    },
    "commission": {
        "totalPriceInCents": "8500",
        "gatewayFeeInCents": 0,
        "userCommissionInCents": "8500"
    },
    "isTest": false
}
----------------------------------------
[2026-06-25 00:34:54] 📤 Dados formatados para Utmify
Dados: {
    "orderId": 8693511,
    "platform": "PayHubr",
    "paymentMethod": "pix",
    "status": "waiting_payment",
    "createdAt": "2026-06-25 00:34:54",
    "approvedDate": null,
    "refundedAt": null,
    "customer": {
        "name": "Sofia Martins Alves",
        "email": "sofia.martins.alves@email.com",
        "phone": null,
        "document": "44199694900",
        "country": "BR",
        "ip": "78.40.143.130"
    },
    "products": [
        {
            "id": "PROD_6a3c77aea13d7",
            "name": "Produto 85",
            "planId": null,
            "planName": null,
            "quantity": 1,
            "priceInCents": "8500"
        }
    ],
    "trackingParameters": {
        "src": null,
        "sck": null,
        "utm_source": "FBjLj6a3c7707d5ee016d31cda3fb",
        "utm_campaign": "CTV 01 PND \u2014 C\u00f3pia|120252229294360045",
        "utm_medium": "ADV|120252229293900045",
        "utm_content": "AD|120252229294570045",
        "utm_term": "Facebook_Mobile_Reels",
        "xcod": null,
        "fbclid": null,
        "gclid": null,
        "ttclid": null
    },
    "commission": {
        "totalPriceInCents": "8500",
        "gatewayFeeInCents": 0,
        "userCommissionInCents": "8500"
    },
    "isTest": false
}
----------------------------------------
[2026-06-25 00:34:54] 📡 Enviando requisição para Utmify
Dados: {
    "url": "https:\/\/api.utmify.com.br\/api-credentials\/orders",
    "headers": [
        "Content-Type: application\/json",
        "x-api-token: [REDACTED]"
    ]
}
----------------------------------------
[2026-06-25 00:34:54] ✅ Resposta da API Utmify
Dados: {
    "http_code": 404,
    "response": {
        "OK": false,
        "data": {
            "type": "API_CREDENTIAL"
        },
        "result": "ERROR",
        "statusCode": 404,
        "message": "API_CREDENTIAL_NOT_FOUND"
    }
}
----------------------------------------
[2026-06-25 00:34:54] ❌ Erro
Dados: {
    "message": "Erro na API Utmify. HTTP Code: 404"
}
----------------------------------------
[2026-06-25 00:34:59] 📥 Dados recebidos do PayHubr
Dados: {
    "raw": "{\"orderId\":8693513,\"platform\":\"MinhaPlataforma\",\"paymentMethod\":\"pix\",\"status\":\"waiting_payment\",\"createdAt\":\"2026-06-24 21:34:59\",\"approvedDate\":null,\"refundedAt\":null,\"customer\":{\"name\":\"Arthur Soares Santos\",\"email\":\"arthur.soares.santos@email.com\",\"phone\":\"11999999999\",\"document\":\"08827026290\",\"country\":\"BR\",\"ip\":\"2804:14d:ea84:8635:49d3:69bd:9c39:2360\",\"userAgent\":\"Mozilla\\\/5.0 (Linux; Android 14; moto g14 Build\\\/UTLBS34.102-91-4; wv) AppleWebKit\\\/537.36 (KHTML, like Gecko) Version\\\/4.0 Chrome\\\/149.0.7827.91 Mobile Safari\\\/537.36[FBAN\\\/EMA;FBLC\\\/pt_PT;FBAV\\\/516.0.0.10.103;FBCX\\\/modulariab;]\",\"externalId\":8693513,\"fbp\":null,\"fbc\":null},\"products\":[{\"id\":\"PROD_6a3c77b39ed70\",\"name\":\"Produto 85\",\"planId\":null,\"planName\":null,\"quantity\":1,\"priceInCents\":\"8500\"}],\"trackingParameters\":{\"utm_source\":\"FBjLj6a3c7512a2f084d0de78dc9f\",\"utm_medium\":\"ADV|120252229293830045\",\"utm_campaign\":\"CTV 01 PND \\u2014 C\\u00f3pia|120252229293660045\",\"utm_content\":\"AD|120252229294230045\",\"utm_term\":\"Facebook_Mobile_Feed\"},\"commission\":{\"totalPriceInCents\":\"8500\",\"gatewayFeeInCents\":0,\"userCommissionInCents\":\"8500\"},\"isTest\":false}"
}
----------------------------------------
[2026-06-25 00:34:59] 🔄 Processando dados recebidos
Dados: {
    "orderId": 8693513,
    "platform": "MinhaPlataforma",
    "paymentMethod": "pix",
    "status": "waiting_payment",
    "createdAt": "2026-06-24 21:34:59",
    "approvedDate": null,
    "refundedAt": null,
    "customer": {
        "name": "Arthur Soares Santos",
        "email": "arthur.soares.santos@email.com",
        "phone": "11999999999",
        "document": "08827026290",
        "country": "BR",
        "ip": "2804:14d:ea84:8635:49d3:69bd:9c39:2360",
        "userAgent": "Mozilla\/5.0 (Linux; Android 14; moto g14 Build\/UTLBS34.102-91-4; wv) AppleWebKit\/537.36 (KHTML, like Gecko) Version\/4.0 Chrome\/149.0.7827.91 Mobile Safari\/537.36[FBAN\/EMA;FBLC\/pt_PT;FBAV\/516.0.0.10.103;FBCX\/modulariab;]",
        "externalId": 8693513,
        "fbp": null,
        "fbc": null
    },
    "products": [
        {
            "id": "PROD_6a3c77b39ed70",
            "name": "Produto 85",
            "planId": null,
            "planName": null,
            "quantity": 1,
            "priceInCents": "8500"
        }
    ],
    "trackingParameters": {
        "utm_source": "FBjLj6a3c7512a2f084d0de78dc9f",
        "utm_medium": "ADV|120252229293830045",
        "utm_campaign": "CTV 01 PND \u2014 C\u00f3pia|120252229293660045",
        "utm_content": "AD|120252229294230045",
        "utm_term": "Facebook_Mobile_Feed"
    },
    "commission": {
        "totalPriceInCents": "8500",
        "gatewayFeeInCents": 0,
        "userCommissionInCents": "8500"
    },
    "isTest": false
}
----------------------------------------
[2026-06-25 00:34:59] 📤 Dados formatados para Utmify
Dados: {
    "orderId": 8693513,
    "platform": "PayHubr",
    "paymentMethod": "pix",
    "status": "waiting_payment",
    "createdAt": "2026-06-25 00:34:59",
    "approvedDate": null,
    "refundedAt": null,
    "customer": {
        "name": "Arthur Soares Santos",
        "email": "arthur.soares.santos@email.com",
        "phone": null,
        "document": "08827026290",
        "country": "BR",
        "ip": "78.40.143.130"
    },
    "products": [
        {
            "id": "PROD_6a3c77b39ed70",
            "name": "Produto 85",
            "planId": null,
            "planName": null,
            "quantity": 1,
            "priceInCents": "8500"
        }
    ],
    "trackingParameters": {
        "src": null,
        "sck": null,
        "utm_source": "FBjLj6a3c7512a2f084d0de78dc9f",
        "utm_campaign": "CTV 01 PND \u2014 C\u00f3pia|120252229293660045",
        "utm_medium": "ADV|120252229293830045",
        "utm_content": "AD|120252229294230045",
        "utm_term": "Facebook_Mobile_Feed",
        "xcod": null,
        "fbclid": null,
        "gclid": null,
        "ttclid": null
    },
    "commission": {
        "totalPriceInCents": "8500",
        "gatewayFeeInCents": 0,
        "userCommissionInCents": "8500"
    },
    "isTest": false
}
----------------------------------------
[2026-06-25 00:34:59] 📡 Enviando requisição para Utmify
Dados: {
    "url": "https:\/\/api.utmify.com.br\/api-credentials\/orders",
    "headers": [
        "Content-Type: application\/json",
        "x-api-token: [REDACTED]"
    ]
}
----------------------------------------
[2026-06-25 00:34:59] ✅ Resposta da API Utmify
Dados: {
    "http_code": 404,
    "response": {
        "OK": false,
        "data": {
            "type": "API_CREDENTIAL"
        },
        "result": "ERROR",
        "statusCode": 404,
        "message": "API_CREDENTIAL_NOT_FOUND"
    }
}
----------------------------------------
[2026-06-25 00:34:59] ❌ Erro
Dados: {
    "message": "Erro na API Utmify. HTTP Code: 404"
}
----------------------------------------
[2026-06-25 00:35:27] 📥 Dados recebidos do PayHubr
Dados: {
    "raw": "{\"orderId\":8693524,\"platform\":\"MinhaPlataforma\",\"paymentMethod\":\"pix\",\"status\":\"waiting_payment\",\"createdAt\":\"2026-06-24 21:35:27\",\"approvedDate\":null,\"refundedAt\":null,\"customer\":{\"name\":\"Maria Lopes Lima\",\"email\":\"maria.lopes.lima@email.com\",\"phone\":\"11999999999\",\"document\":\"17798763279\",\"country\":\"BR\",\"ip\":\"170.150.93.167\",\"userAgent\":\"Mozilla\\\/5.0 (Linux; Android 16; SM-A576B Build\\\/BP4A.251205.006; wv) AppleWebKit\\\/537.36 (KHTML, like Gecko) Version\\\/4.0 Chrome\\\/149.0.7827.91 Mobile Safari\\\/537.36 [FB_IAB\\\/FB4A;FBAV\\\/566.0.0.48.73;IABMV\\\/1;]\",\"externalId\":8693524,\"fbp\":null,\"fbc\":null},\"products\":[{\"id\":\"PROD_6a3c77cf40741\",\"name\":\"Produto 85\",\"planId\":null,\"planName\":null,\"quantity\":1,\"priceInCents\":\"8500\"}],\"trackingParameters\":{\"utm_source\":\"FBjLj6a3c72429cda8281ce617825\",\"utm_medium\":\"ADV|120252149656440045\",\"utm_campaign\":\"CTV 01 PND|120252149656460045\",\"utm_content\":\"AD|120252149656450045\",\"utm_term\":\"Facebook_Mobile_Reels\"},\"commission\":{\"totalPriceInCents\":\"8500\",\"gatewayFeeInCents\":0,\"userCommissionInCents\":\"8500\"},\"isTest\":false}"
}
----------------------------------------
[2026-06-25 00:35:27] 🔄 Processando dados recebidos
Dados: {
    "orderId": 8693524,
    "platform": "MinhaPlataforma",
    "paymentMethod": "pix",
    "status": "waiting_payment",
    "createdAt": "2026-06-24 21:35:27",
    "approvedDate": null,
    "refundedAt": null,
    "customer": {
        "name": "Maria Lopes Lima",
        "email": "maria.lopes.lima@email.com",
        "phone": "11999999999",
        "document": "17798763279",
        "country": "BR",
        "ip": "170.150.93.167",
        "userAgent": "Mozilla\/5.0 (Linux; Android 16; SM-A576B Build\/BP4A.251205.006; wv) AppleWebKit\/537.36 (KHTML, like Gecko) Version\/4.0 Chrome\/149.0.7827.91 Mobile Safari\/537.36 [FB_IAB\/FB4A;FBAV\/566.0.0.48.73;IABMV\/1;]",
        "externalId": 8693524,
        "fbp": null,
        "fbc": null
    },
    "products": [
        {
            "id": "PROD_6a3c77cf40741",
            "name": "Produto 85",
            "planId": null,
            "planName": null,
            "quantity": 1,
            "priceInCents": "8500"
        }
    ],
    "trackingParameters": {
        "utm_source": "FBjLj6a3c72429cda8281ce617825",
        "utm_medium": "ADV|120252149656440045",
        "utm_campaign": "CTV 01 PND|120252149656460045",
        "utm_content": "AD|120252149656450045",
        "utm_term": "Facebook_Mobile_Reels"
    },
    "commission": {
        "totalPriceInCents": "8500",
        "gatewayFeeInCents": 0,
        "userCommissionInCents": "8500"
    },
    "isTest": false
}
----------------------------------------
[2026-06-25 00:35:27] 📤 Dados formatados para Utmify
Dados: {
    "orderId": 8693524,
    "platform": "PayHubr",
    "paymentMethod": "pix",
    "status": "waiting_payment",
    "createdAt": "2026-06-25 00:35:27",
    "approvedDate": null,
    "refundedAt": null,
    "customer": {
        "name": "Maria Lopes Lima",
        "email": "maria.lopes.lima@email.com",
        "phone": null,
        "document": "17798763279",
        "country": "BR",
        "ip": "78.40.143.130"
    },
    "products": [
        {
            "id": "PROD_6a3c77cf40741",
            "name": "Produto 85",
            "planId": null,
            "planName": null,
            "quantity": 1,
            "priceInCents": "8500"
        }
    ],
    "trackingParameters": {
        "src": null,
        "sck": null,
        "utm_source": "FBjLj6a3c72429cda8281ce617825",
        "utm_campaign": "CTV 01 PND|120252149656460045",
        "utm_medium": "ADV|120252149656440045",
        "utm_content": "AD|120252149656450045",
        "utm_term": "Facebook_Mobile_Reels",
        "xcod": null,
        "fbclid": null,
        "gclid": null,
        "ttclid": null
    },
    "commission": {
        "totalPriceInCents": "8500",
        "gatewayFeeInCents": 0,
        "userCommissionInCents": "8500"
    },
    "isTest": false
}
----------------------------------------
[2026-06-25 00:35:27] 📡 Enviando requisição para Utmify
Dados: {
    "url": "https:\/\/api.utmify.com.br\/api-credentials\/orders",
    "headers": [
        "Content-Type: application\/json",
        "x-api-token: [REDACTED]"
    ]
}
----------------------------------------
[2026-06-25 00:35:27] ✅ Resposta da API Utmify
Dados: {
    "http_code": 404,
    "response": {
        "OK": false,
        "data": {
            "type": "API_CREDENTIAL"
        },
        "result": "ERROR",
        "statusCode": 404,
        "message": "API_CREDENTIAL_NOT_FOUND"
    }
}
----------------------------------------
[2026-06-25 00:35:27] ❌ Erro
Dados: {
    "message": "Erro na API Utmify. HTTP Code: 404"
}
----------------------------------------
[2026-06-25 00:35:35] 📥 Dados recebidos do PayHubr
Dados: {
    "raw": "{\"orderId\":8693526,\"platform\":\"MinhaPlataforma\",\"paymentMethod\":\"pix\",\"status\":\"waiting_payment\",\"createdAt\":\"2026-06-24 21:35:35\",\"approvedDate\":null,\"refundedAt\":null,\"customer\":{\"name\":\"Luiza Silva Gomes\",\"email\":\"luiza.silva.gomes@email.com\",\"phone\":\"11999999999\",\"document\":\"57721452589\",\"country\":\"BR\",\"ip\":\"179.127.129.30\",\"userAgent\":\"Mozilla\\\/5.0 (Linux; Android 14; SM-A135M Build\\\/UP1A.231005.007) AppleWebKit\\\/537.36 (KHTML, like Gecko) Version\\\/4.0 Chrome\\\/149.0.7827.91 Mobile Safari\\\/537.36 [FB_IAB\\\/FB4A;FBAV\\\/566.0.0.48.73;IABMV\\\/1;]\",\"externalId\":8693526,\"fbp\":null,\"fbc\":null},\"products\":[{\"id\":\"PROD_6a3c77d78011e\",\"name\":\"Produto 85\",\"planId\":null,\"planName\":null,\"quantity\":1,\"priceInCents\":\"8500\"}],\"trackingParameters\":{\"utm_source\":\"FBjLj6a3c772e88be114dbd27798e\",\"utm_medium\":\"ADV|120252229294070045\",\"utm_campaign\":\"CTV 01 PND \\u2014 C\\u00f3pia|120252229293700045\",\"utm_content\":\"AD|120252229294270045\",\"utm_term\":\"Facebook_Mobile_Feed\"},\"commission\":{\"totalPriceInCents\":\"8500\",\"gatewayFeeInCents\":0,\"userCommissionInCents\":\"8500\"},\"isTest\":false}"
}
----------------------------------------
[2026-06-25 00:35:35] 🔄 Processando dados recebidos
Dados: {
    "orderId": 8693526,
    "platform": "MinhaPlataforma",
    "paymentMethod": "pix",
    "status": "waiting_payment",
    "createdAt": "2026-06-24 21:35:35",
    "approvedDate": null,
    "refundedAt": null,
    "customer": {
        "name": "Luiza Silva Gomes",
        "email": "luiza.silva.gomes@email.com",
        "phone": "11999999999",
        "document": "57721452589",
        "country": "BR",
        "ip": "179.127.129.30",
        "userAgent": "Mozilla\/5.0 (Linux; Android 14; SM-A135M Build\/UP1A.231005.007) AppleWebKit\/537.36 (KHTML, like Gecko) Version\/4.0 Chrome\/149.0.7827.91 Mobile Safari\/537.36 [FB_IAB\/FB4A;FBAV\/566.0.0.48.73;IABMV\/1;]",
        "externalId": 8693526,
        "fbp": null,
        "fbc": null
    },
    "products": [
        {
            "id": "PROD_6a3c77d78011e",
            "name": "Produto 85",
            "planId": null,
            "planName": null,
            "quantity": 1,
            "priceInCents": "8500"
        }
    ],
    "trackingParameters": {
        "utm_source": "FBjLj6a3c772e88be114dbd27798e",
        "utm_medium": "ADV|120252229294070045",
        "utm_campaign": "CTV 01 PND \u2014 C\u00f3pia|120252229293700045",
        "utm_content": "AD|120252229294270045",
        "utm_term": "Facebook_Mobile_Feed"
    },
    "commission": {
        "totalPriceInCents": "8500",
        "gatewayFeeInCents": 0,
        "userCommissionInCents": "8500"
    },
    "isTest": false
}
----------------------------------------
[2026-06-25 00:35:35] 📤 Dados formatados para Utmify
Dados: {
    "orderId": 8693526,
    "platform": "PayHubr",
    "paymentMethod": "pix",
    "status": "waiting_payment",
    "createdAt": "2026-06-25 00:35:35",
    "approvedDate": null,
    "refundedAt": null,
    "customer": {
        "name": "Luiza Silva Gomes",
        "email": "luiza.silva.gomes@email.com",
        "phone": null,
        "document": "57721452589",
        "country": "BR",
        "ip": "78.40.143.130"
    },
    "products": [
        {
            "id": "PROD_6a3c77d78011e",
            "name": "Produto 85",
            "planId": null,
            "planName": null,
            "quantity": 1,
            "priceInCents": "8500"
        }
    ],
    "trackingParameters": {
        "src": null,
        "sck": null,
        "utm_source": "FBjLj6a3c772e88be114dbd27798e",
        "utm_campaign": "CTV 01 PND \u2014 C\u00f3pia|120252229293700045",
        "utm_medium": "ADV|120252229294070045",
        "utm_content": "AD|120252229294270045",
        "utm_term": "Facebook_Mobile_Feed",
        "xcod": null,
        "fbclid": null,
        "gclid": null,
        "ttclid": null
    },
    "commission": {
        "totalPriceInCents": "8500",
        "gatewayFeeInCents": 0,
        "userCommissionInCents": "8500"
    },
    "isTest": false
}
----------------------------------------
[2026-06-25 00:35:35] 📡 Enviando requisição para Utmify
Dados: {
    "url": "https:\/\/api.utmify.com.br\/api-credentials\/orders",
    "headers": [
        "Content-Type: application\/json",
        "x-api-token: [REDACTED]"
    ]
}
----------------------------------------
[2026-06-25 00:35:35] ✅ Resposta da API Utmify
Dados: {
    "http_code": 404,
    "response": {
        "OK": false,
        "data": {
            "type": "API_CREDENTIAL"
        },
        "result": "ERROR",
        "statusCode": 404,
        "message": "API_CREDENTIAL_NOT_FOUND"
    }
}
----------------------------------------
[2026-06-25 00:35:35] ❌ Erro
Dados: {
    "message": "Erro na API Utmify. HTTP Code: 404"
}
----------------------------------------
[2026-06-25 00:36:59] 📥 Dados recebidos do PayHubr
Dados: {
    "raw": "{\"orderId\":8693571,\"platform\":\"MinhaPlataforma\",\"paymentMethod\":\"pix\",\"status\":\"waiting_payment\",\"createdAt\":\"2026-06-24 21:36:59\",\"approvedDate\":null,\"refundedAt\":null,\"customer\":{\"name\":\"Beatriz Martins Carvalho\",\"email\":\"beatriz.martins.carvalho@email.com\",\"phone\":\"11999999999\",\"document\":\"85858897053\",\"country\":\"BR\",\"ip\":\"2804:14d:5c65:62ea:5099:eb86:7fbb:2444\",\"userAgent\":\"Mozilla\\\/5.0 (Linux; Android 10; K) AppleWebKit\\\/537.36 (KHTML, like Gecko) Chrome\\\/149.0.0.0 Mobile Safari\\\/537.36\",\"externalId\":8693571,\"fbp\":null,\"fbc\":null},\"products\":[{\"id\":\"PROD_6a3c782b09341\",\"name\":\"Produto 85\",\"planId\":null,\"planName\":null,\"quantity\":1,\"priceInCents\":\"8500\"}],\"trackingParameters\":{\"utm_source\":\"FBjLj6a3c63f3a2f084d0de72af54\",\"utm_medium\":\"ADV|120252149656440045\",\"utm_campaign\":\"CTV 01 PND|120252149656460045\",\"utm_content\":\"AD|120252149656450045\",\"utm_term\":\"Instagram_Stories\"},\"commission\":{\"totalPriceInCents\":\"8500\",\"gatewayFeeInCents\":0,\"userCommissionInCents\":\"8500\"},\"isTest\":false}"
}
----------------------------------------
[2026-06-25 00:36:59] 🔄 Processando dados recebidos
Dados: {
    "orderId": 8693571,
    "platform": "MinhaPlataforma",
    "paymentMethod": "pix",
    "status": "waiting_payment",
    "createdAt": "2026-06-24 21:36:59",
    "approvedDate": null,
    "refundedAt": null,
    "customer": {
        "name": "Beatriz Martins Carvalho",
        "email": "beatriz.martins.carvalho@email.com",
        "phone": "11999999999",
        "document": "85858897053",
        "country": "BR",
        "ip": "2804:14d:5c65:62ea:5099:eb86:7fbb:2444",
        "userAgent": "Mozilla\/5.0 (Linux; Android 10; K) AppleWebKit\/537.36 (KHTML, like Gecko) Chrome\/149.0.0.0 Mobile Safari\/537.36",
        "externalId": 8693571,
        "fbp": null,
        "fbc": null
    },
    "products": [
        {
            "id": "PROD_6a3c782b09341",
            "name": "Produto 85",
            "planId": null,
            "planName": null,
            "quantity": 1,
            "priceInCents": "8500"
        }
    ],
    "trackingParameters": {
        "utm_source": "FBjLj6a3c63f3a2f084d0de72af54",
        "utm_medium": "ADV|120252149656440045",
        "utm_campaign": "CTV 01 PND|120252149656460045",
        "utm_content": "AD|120252149656450045",
        "utm_term": "Instagram_Stories"
    },
    "commission": {
        "totalPriceInCents": "8500",
        "gatewayFeeInCents": 0,
        "userCommissionInCents": "8500"
    },
    "isTest": false
}
----------------------------------------
[2026-06-25 00:36:59] 📤 Dados formatados para Utmify
Dados: {
    "orderId": 8693571,
    "platform": "PayHubr",
    "paymentMethod": "pix",
    "status": "waiting_payment",
    "createdAt": "2026-06-25 00:36:59",
    "approvedDate": null,
    "refundedAt": null,
    "customer": {
        "name": "Beatriz Martins Carvalho",
        "email": "beatriz.martins.carvalho@email.com",
        "phone": null,
        "document": "85858897053",
        "country": "BR",
        "ip": "78.40.143.130"
    },
    "products": [
        {
            "id": "PROD_6a3c782b09341",
            "name": "Produto 85",
            "planId": null,
            "planName": null,
            "quantity": 1,
            "priceInCents": "8500"
        }
    ],
    "trackingParameters": {
        "src": null,
        "sck": null,
        "utm_source": "FBjLj6a3c63f3a2f084d0de72af54",
        "utm_campaign": "CTV 01 PND|120252149656460045",
        "utm_medium": "ADV|120252149656440045",
        "utm_content": "AD|120252149656450045",
        "utm_term": "Instagram_Stories",
        "xcod": null,
        "fbclid": null,
        "gclid": null,
        "ttclid": null
    },
    "commission": {
        "totalPriceInCents": "8500",
        "gatewayFeeInCents": 0,
        "userCommissionInCents": "8500"
    },
    "isTest": false
}
----------------------------------------
[2026-06-25 00:36:59] 📡 Enviando requisição para Utmify
Dados: {
    "url": "https:\/\/api.utmify.com.br\/api-credentials\/orders",
    "headers": [
        "Content-Type: application\/json",
        "x-api-token: [REDACTED]"
    ]
}
----------------------------------------
[2026-06-25 00:36:59] ✅ Resposta da API Utmify
Dados: {
    "http_code": 404,
    "response": {
        "OK": false,
        "data": {
            "type": "API_CREDENTIAL"
        },
        "result": "ERROR",
        "statusCode": 404,
        "message": "API_CREDENTIAL_NOT_FOUND"
    }
}
----------------------------------------
[2026-06-25 00:36:59] ❌ Erro
Dados: {
    "message": "Erro na API Utmify. HTTP Code: 404"
}
----------------------------------------
[2026-06-25 00:37:42] 📥 Dados recebidos do PayHubr
Dados: {
    "raw": "{\"orderId\":8693582,\"platform\":\"MinhaPlataforma\",\"paymentMethod\":\"pix\",\"status\":\"waiting_payment\",\"createdAt\":\"2026-06-24 21:37:42\",\"approvedDate\":null,\"refundedAt\":null,\"customer\":{\"name\":\"Maria Martins Costa\",\"email\":\"maria.martins.costa@email.com\",\"phone\":\"11999999999\",\"document\":\"71723239470\",\"country\":\"BR\",\"ip\":\"45.230.3.208\",\"userAgent\":\"Mozilla\\\/5.0 (Linux; Android 15; 24117RN76G Build\\\/AP3A.240905.015.A2; wv) AppleWebKit\\\/537.36 (KHTML, like Gecko) Version\\\/4.0 Chrome\\\/149.0.7827.150 Mobile Safari\\\/537.36 [FB_IAB\\\/FB4A;FBAV\\\/566.0.0.48.73;IABMV\\\/1;]\",\"externalId\":8693582,\"fbp\":null,\"fbc\":null},\"products\":[{\"id\":\"PROD_6a3c785688a7c\",\"name\":\"Produto 85\",\"planId\":null,\"planName\":null,\"quantity\":1,\"priceInCents\":\"8500\"}],\"trackingParameters\":{\"utm_source\":\"FBjLj6a3bf43bafc15bf1e4fb1126\",\"utm_medium\":\"ADV|120252204592360045\",\"utm_campaign\":\"CTV 07 PND \\u2014 C\\u00f3pia|120252204592650045\",\"utm_content\":\"AD|120252204592500045\",\"utm_term\":\"Facebook_Mobile_Feed\"},\"commission\":{\"totalPriceInCents\":\"8500\",\"gatewayFeeInCents\":0,\"userCommissionInCents\":\"8500\"},\"isTest\":false}"
}
----------------------------------------
[2026-06-25 00:37:42] 🔄 Processando dados recebidos
Dados: {
    "orderId": 8693582,
    "platform": "MinhaPlataforma",
    "paymentMethod": "pix",
    "status": "waiting_payment",
    "createdAt": "2026-06-24 21:37:42",
    "approvedDate": null,
    "refundedAt": null,
    "customer": {
        "name": "Maria Martins Costa",
        "email": "maria.martins.costa@email.com",
        "phone": "11999999999",
        "document": "71723239470",
        "country": "BR",
        "ip": "45.230.3.208",
        "userAgent": "Mozilla\/5.0 (Linux; Android 15; 24117RN76G Build\/AP3A.240905.015.A2; wv) AppleWebKit\/537.36 (KHTML, like Gecko) Version\/4.0 Chrome\/149.0.7827.150 Mobile Safari\/537.36 [FB_IAB\/FB4A;FBAV\/566.0.0.48.73;IABMV\/1;]",
        "externalId": 8693582,
        "fbp": null,
        "fbc": null
    },
    "products": [
        {
            "id": "PROD_6a3c785688a7c",
            "name": "Produto 85",
            "planId": null,
            "planName": null,
            "quantity": 1,
            "priceInCents": "8500"
        }
    ],
    "trackingParameters": {
        "utm_source": "FBjLj6a3bf43bafc15bf1e4fb1126",
        "utm_medium": "ADV|120252204592360045",
        "utm_campaign": "CTV 07 PND \u2014 C\u00f3pia|120252204592650045",
        "utm_content": "AD|120252204592500045",
        "utm_term": "Facebook_Mobile_Feed"
    },
    "commission": {
        "totalPriceInCents": "8500",
        "gatewayFeeInCents": 0,
        "userCommissionInCents": "8500"
    },
    "isTest": false
}
----------------------------------------
[2026-06-25 00:37:42] 📤 Dados formatados para Utmify
Dados: {
    "orderId": 8693582,
    "platform": "PayHubr",
    "paymentMethod": "pix",
    "status": "waiting_payment",
    "createdAt": "2026-06-25 00:37:42",
    "approvedDate": null,
    "refundedAt": null,
    "customer": {
        "name": "Maria Martins Costa",
        "email": "maria.martins.costa@email.com",
        "phone": null,
        "document": "71723239470",
        "country": "BR",
        "ip": "78.40.143.130"
    },
    "products": [
        {
            "id": "PROD_6a3c785688a7c",
            "name": "Produto 85",
            "planId": null,
            "planName": null,
            "quantity": 1,
            "priceInCents": "8500"
        }
    ],
    "trackingParameters": {
        "src": null,
        "sck": null,
        "utm_source": "FBjLj6a3bf43bafc15bf1e4fb1126",
        "utm_campaign": "CTV 07 PND \u2014 C\u00f3pia|120252204592650045",
        "utm_medium": "ADV|120252204592360045",
        "utm_content": "AD|120252204592500045",
        "utm_term": "Facebook_Mobile_Feed",
        "xcod": null,
        "fbclid": null,
        "gclid": null,
        "ttclid": null
    },
    "commission": {
        "totalPriceInCents": "8500",
        "gatewayFeeInCents": 0,
        "userCommissionInCents": "8500"
    },
    "isTest": false
}
----------------------------------------
[2026-06-25 00:37:42] 📡 Enviando requisição para Utmify
Dados: {
    "url": "https:\/\/api.utmify.com.br\/api-credentials\/orders",
    "headers": [
        "Content-Type: application\/json",
        "x-api-token: [REDACTED]"
    ]
}
----------------------------------------
[2026-06-25 00:37:42] ✅ Resposta da API Utmify
Dados: {
    "http_code": 404,
    "response": {
        "OK": false,
        "data": {
            "type": "API_CREDENTIAL"
        },
        "result": "ERROR",
        "statusCode": 404,
        "message": "API_CREDENTIAL_NOT_FOUND"
    }
}
----------------------------------------
[2026-06-25 00:37:42] ❌ Erro
Dados: {
    "message": "Erro na API Utmify. HTTP Code: 404"
}
----------------------------------------
[2026-06-25 00:38:22] 📥 Dados recebidos do PayHubr
Dados: {
    "raw": "{\"orderId\":8693601,\"platform\":\"MinhaPlataforma\",\"paymentMethod\":\"pix\",\"status\":\"waiting_payment\",\"createdAt\":\"2026-06-24 21:38:22\",\"approvedDate\":null,\"refundedAt\":null,\"customer\":{\"name\":\"Bernardo Ferreira Ferreira\",\"email\":\"bernardo.ferreira.ferreira@email.com\",\"phone\":\"11999999999\",\"document\":\"69374013029\",\"country\":\"BR\",\"ip\":\"2804:d14:184:2d00:d5cc:4fc1:c55b:65b5\",\"userAgent\":\"Mozilla\\\/5.0 (Linux; Android 10; SM-A515F Build\\\/QP1A.190711.020; wv) AppleWebKit\\\/537.36 (KHTML, like Gecko) Version\\\/4.0 Chrome\\\/149.0.7827.91 Mobile Safari\\\/537.36 Instagram 434.0.0.44.74 Android (29\\\/10; 420dpi; 1080x2400; samsung; SM-A515F; a51; exynos9611; pt_BR; 996255556; IABMV\\\/1)\",\"externalId\":8693601,\"fbp\":null,\"fbc\":null},\"products\":[{\"id\":\"PROD_6a3c787e431ab\",\"name\":\"Produto 85\",\"planId\":null,\"planName\":null,\"quantity\":1,\"priceInCents\":\"8500\"}],\"trackingParameters\":{\"utm_source\":\"FBjLj6a3c75f034263042b06ae72c\",\"utm_medium\":\"ADV|120252150072920045\",\"utm_campaign\":\"CTV 11 PND \\u2014 C\\u00f3pia|120252150072980045\",\"utm_content\":\"AD|120252150072940045\",\"utm_term\":\"Instagram_Stories\"},\"commission\":{\"totalPriceInCents\":\"8500\",\"gatewayFeeInCents\":0,\"userCommissionInCents\":\"8500\"},\"isTest\":false}"
}
----------------------------------------
[2026-06-25 00:38:22] 🔄 Processando dados recebidos
Dados: {
    "orderId": 8693601,
    "platform": "MinhaPlataforma",
    "paymentMethod": "pix",
    "status": "waiting_payment",
    "createdAt": "2026-06-24 21:38:22",
    "approvedDate": null,
    "refundedAt": null,
    "customer": {
        "name": "Bernardo Ferreira Ferreira",
        "email": "bernardo.ferreira.ferreira@email.com",
        "phone": "11999999999",
        "document": "69374013029",
        "country": "BR",
        "ip": "2804:d14:184:2d00:d5cc:4fc1:c55b:65b5",
        "userAgent": "Mozilla\/5.0 (Linux; Android 10; SM-A515F Build\/QP1A.190711.020; wv) AppleWebKit\/537.36 (KHTML, like Gecko) Version\/4.0 Chrome\/149.0.7827.91 Mobile Safari\/537.36 Instagram 434.0.0.44.74 Android (29\/10; 420dpi; 1080x2400; samsung; SM-A515F; a51; exynos9611; pt_BR; 996255556; IABMV\/1)",
        "externalId": 8693601,
        "fbp": null,
        "fbc": null
    },
    "products": [
        {
            "id": "PROD_6a3c787e431ab",
            "name": "Produto 85",
            "planId": null,
            "planName": null,
            "quantity": 1,
            "priceInCents": "8500"
        }
    ],
    "trackingParameters": {
        "utm_source": "FBjLj6a3c75f034263042b06ae72c",
        "utm_medium": "ADV|120252150072920045",
        "utm_campaign": "CTV 11 PND \u2014 C\u00f3pia|120252150072980045",
        "utm_content": "AD|120252150072940045",
        "utm_term": "Instagram_Stories"
    },
    "commission": {
        "totalPriceInCents": "8500",
        "gatewayFeeInCents": 0,
        "userCommissionInCents": "8500"
    },
    "isTest": false
}
----------------------------------------
[2026-06-25 00:38:22] 📤 Dados formatados para Utmify
Dados: {
    "orderId": 8693601,
    "platform": "PayHubr",
    "paymentMethod": "pix",
    "status": "waiting_payment",
    "createdAt": "2026-06-25 00:38:22",
    "approvedDate": null,
    "refundedAt": null,
    "customer": {
        "name": "Bernardo Ferreira Ferreira",
        "email": "bernardo.ferreira.ferreira@email.com",
        "phone": null,
        "document": "69374013029",
        "country": "BR",
        "ip": "78.40.143.130"
    },
    "products": [
        {
            "id": "PROD_6a3c787e431ab",
            "name": "Produto 85",
            "planId": null,
            "planName": null,
            "quantity": 1,
            "priceInCents": "8500"
        }
    ],
    "trackingParameters": {
        "src": null,
        "sck": null,
        "utm_source": "FBjLj6a3c75f034263042b06ae72c",
        "utm_campaign": "CTV 11 PND \u2014 C\u00f3pia|120252150072980045",
        "utm_medium": "ADV|120252150072920045",
        "utm_content": "AD|120252150072940045",
        "utm_term": "Instagram_Stories",
        "xcod": null,
        "fbclid": null,
        "gclid": null,
        "ttclid": null
    },
    "commission": {
        "totalPriceInCents": "8500",
        "gatewayFeeInCents": 0,
        "userCommissionInCents": "8500"
    },
    "isTest": false
}
----------------------------------------
[2026-06-25 00:38:22] 📡 Enviando requisição para Utmify
Dados: {
    "url": "https:\/\/api.utmify.com.br\/api-credentials\/orders",
    "headers": [
        "Content-Type: application\/json",
        "x-api-token: [REDACTED]"
    ]
}
----------------------------------------
[2026-06-25 00:38:22] ✅ Resposta da API Utmify
Dados: {
    "http_code": 404,
    "response": {
        "OK": false,
        "data": {
            "type": "API_CREDENTIAL"
        },
        "result": "ERROR",
        "statusCode": 404,
        "message": "API_CREDENTIAL_NOT_FOUND"
    }
}
----------------------------------------
[2026-06-25 00:38:22] ❌ Erro
Dados: {
    "message": "Erro na API Utmify. HTTP Code: 404"
}
----------------------------------------
[2026-06-25 00:38:28] 📥 Dados recebidos do PayHubr
Dados: {
    "raw": "{\"orderId\":8693602,\"platform\":\"MinhaPlataforma\",\"paymentMethod\":\"pix\",\"status\":\"waiting_payment\",\"createdAt\":\"2026-06-24 21:38:28\",\"approvedDate\":null,\"refundedAt\":null,\"customer\":{\"name\":\"Jo\\u00e3o Alves Ferreira\",\"email\":\"jo\\u00e3o.alves.ferreira@email.com\",\"phone\":\"11999999999\",\"document\":\"72175636747\",\"country\":\"BR\",\"ip\":\"170.83.136.10\",\"userAgent\":\"Mozilla\\\/5.0 (Linux; Android 13; M2101K7BL Build\\\/TP1A.220624.014; wv) AppleWebKit\\\/537.36 (KHTML, like Gecko) Version\\\/4.0 Chrome\\\/149.0.7827.91 Mobile Safari\\\/537.36 Instagram 434.0.0.44.74 Android (33\\\/13; 540dpi; 1080x2400; Xiaomi\\\/Redmi; M2101K7BL; maltose; mt6785; pt_BR; 996255559; IABMV\\\/1)\",\"externalId\":8693602,\"fbp\":null,\"fbc\":null},\"products\":[{\"id\":\"PROD_6a3c78848cd7d\",\"name\":\"Produto 85\",\"planId\":null,\"planName\":null,\"quantity\":1,\"priceInCents\":\"8500\"}],\"trackingParameters\":{\"utm_source\":\"FBjLj6a3c75e9cefed09e0b37cb88\",\"utm_medium\":\"ADV|120252229294410045\",\"utm_campaign\":\"CTV 01 PND \\u2014 C\\u00f3pia|120252229294530045\",\"utm_content\":\"AD|120252229293880045\",\"utm_term\":\"Instagram_Reels\"},\"commission\":{\"totalPriceInCents\":\"8500\",\"gatewayFeeInCents\":0,\"userCommissionInCents\":\"8500\"},\"isTest\":false}"
}
----------------------------------------
[2026-06-25 00:38:28] 🔄 Processando dados recebidos
Dados: {
    "orderId": 8693602,
    "platform": "MinhaPlataforma",
    "paymentMethod": "pix",
    "status": "waiting_payment",
    "createdAt": "2026-06-24 21:38:28",
    "approvedDate": null,
    "refundedAt": null,
    "customer": {
        "name": "Jo\u00e3o Alves Ferreira",
        "email": "jo\u00e3o.alves.ferreira@email.com",
        "phone": "11999999999",
        "document": "72175636747",
        "country": "BR",
        "ip": "170.83.136.10",
        "userAgent": "Mozilla\/5.0 (Linux; Android 13; M2101K7BL Build\/TP1A.220624.014; wv) AppleWebKit\/537.36 (KHTML, like Gecko) Version\/4.0 Chrome\/149.0.7827.91 Mobile Safari\/537.36 Instagram 434.0.0.44.74 Android (33\/13; 540dpi; 1080x2400; Xiaomi\/Redmi; M2101K7BL; maltose; mt6785; pt_BR; 996255559; IABMV\/1)",
        "externalId": 8693602,
        "fbp": null,
        "fbc": null
    },
    "products": [
        {
            "id": "PROD_6a3c78848cd7d",
            "name": "Produto 85",
            "planId": null,
            "planName": null,
            "quantity": 1,
            "priceInCents": "8500"
        }
    ],
    "trackingParameters": {
        "utm_source": "FBjLj6a3c75e9cefed09e0b37cb88",
        "utm_medium": "ADV|120252229294410045",
        "utm_campaign": "CTV 01 PND \u2014 C\u00f3pia|120252229294530045",
        "utm_content": "AD|120252229293880045",
        "utm_term": "Instagram_Reels"
    },
    "commission": {
        "totalPriceInCents": "8500",
        "gatewayFeeInCents": 0,
        "userCommissionInCents": "8500"
    },
    "isTest": false
}
----------------------------------------
[2026-06-25 00:38:28] 📤 Dados formatados para Utmify
Dados: {
    "orderId": 8693602,
    "platform": "PayHubr",
    "paymentMethod": "pix",
    "status": "waiting_payment",
    "createdAt": "2026-06-25 00:38:28",
    "approvedDate": null,
    "refundedAt": null,
    "customer": {
        "name": "Jo\u00e3o Alves Ferreira",
        "email": "jo\u00e3o.alves.ferreira@email.com",
        "phone": null,
        "document": "72175636747",
        "country": "BR",
        "ip": "78.40.143.130"
    },
    "products": [
        {
            "id": "PROD_6a3c78848cd7d",
            "name": "Produto 85",
            "planId": null,
            "planName": null,
            "quantity": 1,
            "priceInCents": "8500"
        }
    ],
    "trackingParameters": {
        "src": null,
        "sck": null,
        "utm_source": "FBjLj6a3c75e9cefed09e0b37cb88",
        "utm_campaign": "CTV 01 PND \u2014 C\u00f3pia|120252229294530045",
        "utm_medium": "ADV|120252229294410045",
        "utm_content": "AD|120252229293880045",
        "utm_term": "Instagram_Reels",
        "xcod": null,
        "fbclid": null,
        "gclid": null,
        "ttclid": null
    },
    "commission": {
        "totalPriceInCents": "8500",
        "gatewayFeeInCents": 0,
        "userCommissionInCents": "8500"
    },
    "isTest": false
}
----------------------------------------
[2026-06-25 00:38:28] 📡 Enviando requisição para Utmify
Dados: {
    "url": "https:\/\/api.utmify.com.br\/api-credentials\/orders",
    "headers": [
        "Content-Type: application\/json",
        "x-api-token: [REDACTED]"
    ]
}
----------------------------------------
[2026-06-25 00:38:28] ✅ Resposta da API Utmify
Dados: {
    "http_code": 404,
    "response": {
        "OK": false,
        "data": {
            "type": "API_CREDENTIAL"
        },
        "result": "ERROR",
        "statusCode": 404,
        "message": "API_CREDENTIAL_NOT_FOUND"
    }
}
----------------------------------------
[2026-06-25 00:38:28] ❌ Erro
Dados: {
    "message": "Erro na API Utmify. HTTP Code: 404"
}
----------------------------------------
[2026-06-25 00:38:39] 📥 Dados recebidos do PayHubr
Dados: {
    "raw": "{\"orderId\":8693606,\"platform\":\"MinhaPlataforma\",\"paymentMethod\":\"pix\",\"status\":\"waiting_payment\",\"createdAt\":\"2026-06-24 21:38:39\",\"approvedDate\":null,\"refundedAt\":null,\"customer\":{\"name\":\"Julia Rodrigues Souza\",\"email\":\"julia.rodrigues.souza@email.com\",\"phone\":\"11999999999\",\"document\":\"47894070122\",\"country\":\"BR\",\"ip\":\"2804:14c:87ca:cbcc:b5eb:7667:8630:416d\",\"userAgent\":\"Mozilla\\\/5.0 (Linux; Android 14; CPH2669 Build\\\/UP1A.231005.007; wv) AppleWebKit\\\/537.36 (KHTML, like Gecko) Version\\\/4.0 Chrome\\\/149.0.7827.150 Mobile Safari\\\/537.36 [FB_IAB\\\/FB4A;FBAV\\\/566.0.0.48.73;IABMV\\\/1;]\",\"externalId\":8693606,\"fbp\":null,\"fbc\":null},\"products\":[{\"id\":\"PROD_6a3c788f6615c\",\"name\":\"Produto 85\",\"planId\":null,\"planName\":null,\"quantity\":1,\"priceInCents\":\"8500\"}],\"trackingParameters\":{\"utm_source\":\"FBjLj6a3c776c37617be68e6521dc\",\"utm_medium\":\"ADV|120252150072880045\",\"utm_campaign\":\"CTV 01 PND \\u2014 C\\u00f3pia|120252150072990045\",\"utm_content\":\"AD|120252150072960045\",\"utm_term\":\"Facebook_Mobile_Feed\"},\"commission\":{\"totalPriceInCents\":\"8500\",\"gatewayFeeInCents\":0,\"userCommissionInCents\":\"8500\"},\"isTest\":false}"
}
----------------------------------------
[2026-06-25 00:38:39] 🔄 Processando dados recebidos
Dados: {
    "orderId": 8693606,
    "platform": "MinhaPlataforma",
    "paymentMethod": "pix",
    "status": "waiting_payment",
    "createdAt": "2026-06-24 21:38:39",
    "approvedDate": null,
    "refundedAt": null,
    "customer": {
        "name": "Julia Rodrigues Souza",
        "email": "julia.rodrigues.souza@email.com",
        "phone": "11999999999",
        "document": "47894070122",
        "country": "BR",
        "ip": "2804:14c:87ca:cbcc:b5eb:7667:8630:416d",
        "userAgent": "Mozilla\/5.0 (Linux; Android 14; CPH2669 Build\/UP1A.231005.007; wv) AppleWebKit\/537.36 (KHTML, like Gecko) Version\/4.0 Chrome\/149.0.7827.150 Mobile Safari\/537.36 [FB_IAB\/FB4A;FBAV\/566.0.0.48.73;IABMV\/1;]",
        "externalId": 8693606,
        "fbp": null,
        "fbc": null
    },
    "products": [
        {
            "id": "PROD_6a3c788f6615c",
            "name": "Produto 85",
            "planId": null,
            "planName": null,
            "quantity": 1,
            "priceInCents": "8500"
        }
    ],
    "trackingParameters": {
        "utm_source": "FBjLj6a3c776c37617be68e6521dc",
        "utm_medium": "ADV|120252150072880045",
        "utm_campaign": "CTV 01 PND \u2014 C\u00f3pia|120252150072990045",
        "utm_content": "AD|120252150072960045",
        "utm_term": "Facebook_Mobile_Feed"
    },
    "commission": {
        "totalPriceInCents": "8500",
        "gatewayFeeInCents": 0,
        "userCommissionInCents": "8500"
    },
    "isTest": false
}
----------------------------------------
[2026-06-25 00:38:39] 📤 Dados formatados para Utmify
Dados: {
    "orderId": 8693606,
    "platform": "PayHubr",
    "paymentMethod": "pix",
    "status": "waiting_payment",
    "createdAt": "2026-06-25 00:38:39",
    "approvedDate": null,
    "refundedAt": null,
    "customer": {
        "name": "Julia Rodrigues Souza",
        "email": "julia.rodrigues.souza@email.com",
        "phone": null,
        "document": "47894070122",
        "country": "BR",
        "ip": "78.40.143.130"
    },
    "products": [
        {
            "id": "PROD_6a3c788f6615c",
            "name": "Produto 85",
            "planId": null,
            "planName": null,
            "quantity": 1,
            "priceInCents": "8500"
        }
    ],
    "trackingParameters": {
        "src": null,
        "sck": null,
        "utm_source": "FBjLj6a3c776c37617be68e6521dc",
        "utm_campaign": "CTV 01 PND \u2014 C\u00f3pia|120252150072990045",
        "utm_medium": "ADV|120252150072880045",
        "utm_content": "AD|120252150072960045",
        "utm_term": "Facebook_Mobile_Feed",
        "xcod": null,
        "fbclid": null,
        "gclid": null,
        "ttclid": null
    },
    "commission": {
        "totalPriceInCents": "8500",
        "gatewayFeeInCents": 0,
        "userCommissionInCents": "8500"
    },
    "isTest": false
}
----------------------------------------
[2026-06-25 00:38:39] 📡 Enviando requisição para Utmify
Dados: {
    "url": "https:\/\/api.utmify.com.br\/api-credentials\/orders",
    "headers": [
        "Content-Type: application\/json",
        "x-api-token: [REDACTED]"
    ]
}
----------------------------------------
[2026-06-25 00:38:39] ✅ Resposta da API Utmify
Dados: {
    "http_code": 404,
    "response": {
        "OK": false,
        "data": {
            "type": "API_CREDENTIAL"
        },
        "result": "ERROR",
        "statusCode": 404,
        "message": "API_CREDENTIAL_NOT_FOUND"
    }
}
----------------------------------------
[2026-06-25 00:38:39] ❌ Erro
Dados: {
    "message": "Erro na API Utmify. HTTP Code: 404"
}
----------------------------------------
[2026-06-25 00:39:03] 📥 Dados recebidos do PayHubr
Dados: {
    "raw": "{\"orderId\":8693611,\"platform\":\"MinhaPlataforma\",\"paymentMethod\":\"pix\",\"status\":\"waiting_payment\",\"createdAt\":\"2026-06-24 21:39:03\",\"approvedDate\":null,\"refundedAt\":null,\"customer\":{\"name\":\"Beatriz Martins Ribeiro\",\"email\":\"beatriz.martins.ribeiro@email.com\",\"phone\":\"11999999999\",\"document\":\"91352147912\",\"country\":\"BR\",\"ip\":\"2804:81b4:4303:a829:39:cb4d:a0b0:79cf\",\"userAgent\":\"Mozilla\\\/5.0 (Linux; Android 11; SM-A205G Build\\\/RP1A.200720.012; wv) AppleWebKit\\\/537.36 (KHTML, like Gecko) Version\\\/4.0 Chrome\\\/149.0.7827.107 Mobile Safari\\\/537.36 [FB_IAB\\\/FB4A;FBAV\\\/565.0.0.49.74;IABMV\\\/1;]\",\"externalId\":8693611,\"fbp\":null,\"fbc\":null},\"products\":[{\"id\":\"PROD_6a3c78a759643\",\"name\":\"Produto 85\",\"planId\":null,\"planName\":null,\"quantity\":1,\"priceInCents\":\"8500\"}],\"trackingParameters\":{\"utm_source\":\"FBjLj6a3c77a79cda8281ce639ecb\",\"utm_medium\":\"ADV|120252150072920045\",\"utm_campaign\":\"CTV 11 PND \\u2014 C\\u00f3pia|120252150072980045\",\"utm_content\":\"AD|120252150072940045\",\"utm_term\":\"Facebook_Mobile_Reels\"},\"commission\":{\"totalPriceInCents\":\"8500\",\"gatewayFeeInCents\":0,\"userCommissionInCents\":\"8500\"},\"isTest\":false}"
}
----------------------------------------
[2026-06-25 00:39:03] 🔄 Processando dados recebidos
Dados: {
    "orderId": 8693611,
    "platform": "MinhaPlataforma",
    "paymentMethod": "pix",
    "status": "waiting_payment",
    "createdAt": "2026-06-24 21:39:03",
    "approvedDate": null,
    "refundedAt": null,
    "customer": {
        "name": "Beatriz Martins Ribeiro",
        "email": "beatriz.martins.ribeiro@email.com",
        "phone": "11999999999",
        "document": "91352147912",
        "country": "BR",
        "ip": "2804:81b4:4303:a829:39:cb4d:a0b0:79cf",
        "userAgent": "Mozilla\/5.0 (Linux; Android 11; SM-A205G Build\/RP1A.200720.012; wv) AppleWebKit\/537.36 (KHTML, like Gecko) Version\/4.0 Chrome\/149.0.7827.107 Mobile Safari\/537.36 [FB_IAB\/FB4A;FBAV\/565.0.0.49.74;IABMV\/1;]",
        "externalId": 8693611,
        "fbp": null,
        "fbc": null
    },
    "products": [
        {
            "id": "PROD_6a3c78a759643",
            "name": "Produto 85",
            "planId": null,
            "planName": null,
            "quantity": 1,
            "priceInCents": "8500"
        }
    ],
    "trackingParameters": {
        "utm_source": "FBjLj6a3c77a79cda8281ce639ecb",
        "utm_medium": "ADV|120252150072920045",
        "utm_campaign": "CTV 11 PND \u2014 C\u00f3pia|120252150072980045",
        "utm_content": "AD|120252150072940045",
        "utm_term": "Facebook_Mobile_Reels"
    },
    "commission": {
        "totalPriceInCents": "8500",
        "gatewayFeeInCents": 0,
        "userCommissionInCents": "8500"
    },
    "isTest": false
}
----------------------------------------
[2026-06-25 00:39:03] 📤 Dados formatados para Utmify
Dados: {
    "orderId": 8693611,
    "platform": "PayHubr",
    "paymentMethod": "pix",
    "status": "waiting_payment",
    "createdAt": "2026-06-25 00:39:03",
    "approvedDate": null,
    "refundedAt": null,
    "customer": {
        "name": "Beatriz Martins Ribeiro",
        "email": "beatriz.martins.ribeiro@email.com",
        "phone": null,
        "document": "91352147912",
        "country": "BR",
        "ip": "78.40.143.130"
    },
    "products": [
        {
            "id": "PROD_6a3c78a759643",
            "name": "Produto 85",
            "planId": null,
            "planName": null,
            "quantity": 1,
            "priceInCents": "8500"
        }
    ],
    "trackingParameters": {
        "src": null,
        "sck": null,
        "utm_source": "FBjLj6a3c77a79cda8281ce639ecb",
        "utm_campaign": "CTV 11 PND \u2014 C\u00f3pia|120252150072980045",
        "utm_medium": "ADV|120252150072920045",
        "utm_content": "AD|120252150072940045",
        "utm_term": "Facebook_Mobile_Reels",
        "xcod": null,
        "fbclid": null,
        "gclid": null,
        "ttclid": null
    },
    "commission": {
        "totalPriceInCents": "8500",
        "gatewayFeeInCents": 0,
        "userCommissionInCents": "8500"
    },
    "isTest": false
}
----------------------------------------
[2026-06-25 00:39:03] 📡 Enviando requisição para Utmify
Dados: {
    "url": "https:\/\/api.utmify.com.br\/api-credentials\/orders",
    "headers": [
        "Content-Type: application\/json",
        "x-api-token: [REDACTED]"
    ]
}
----------------------------------------
[2026-06-25 00:39:03] ✅ Resposta da API Utmify
Dados: {
    "http_code": 404,
    "response": {
        "OK": false,
        "data": {
            "type": "API_CREDENTIAL"
        },
        "result": "ERROR",
        "statusCode": 404,
        "message": "API_CREDENTIAL_NOT_FOUND"
    }
}
----------------------------------------
[2026-06-25 00:39:03] ❌ Erro
Dados: {
    "message": "Erro na API Utmify. HTTP Code: 404"
}
----------------------------------------
[2026-06-25 00:39:09] 📥 Dados recebidos do PayHubr
Dados: {
    "raw": "{\"orderId\":8693613,\"platform\":\"MinhaPlataforma\",\"paymentMethod\":\"pix\",\"status\":\"waiting_payment\",\"createdAt\":\"2026-06-24 21:39:08\",\"approvedDate\":null,\"refundedAt\":null,\"customer\":{\"name\":\"Luiza Santos Lopes\",\"email\":\"luiza.santos.lopes@email.com\",\"phone\":\"11999999999\",\"document\":\"78376781170\",\"country\":\"BR\",\"ip\":\"2804:4d3c:7040:fd01:18df:57c1:3757:3f94\",\"userAgent\":\"Mozilla\\\/5.0 (iPhone; CPU iPhone OS 17_5_1 like Mac OS X) AppleWebKit\\\/605.1.15 (KHTML, like Gecko) Mobile\\\/21F90 Safari\\\/604.1 [FBAN\\\/FBIOS;FBAV\\\/566.1.0.59.72;FBBV\\\/998154334;FBDV\\\/iPhone13,2;FBMD\\\/iPhone;FBSN\\\/iOS;FBSV\\\/17.5.1;FBSS\\\/3;FBID\\\/phone;FBLC\\\/pt_BR;FBOP\\\/5;FBRV\\\/1002709526;IABMV\\\/1]\",\"externalId\":8693613,\"fbp\":null,\"fbc\":null},\"products\":[{\"id\":\"PROD_6a3c78acdc9cf\",\"name\":\"Produto 85\",\"planId\":null,\"planName\":null,\"quantity\":1,\"priceInCents\":\"8500\"}],\"trackingParameters\":{\"utm_source\":\"FBjLj6a3c777188be114dbd2793b4\",\"utm_medium\":\"ADV|120252229293830045\",\"utm_campaign\":\"CTV 01 PND \\u2014 C\\u00f3pia|120252229293660045\",\"utm_content\":\"AD|120252229294230045\",\"utm_term\":\"Facebook_Mobile_Feed\"},\"commission\":{\"totalPriceInCents\":\"8500\",\"gatewayFeeInCents\":0,\"userCommissionInCents\":\"8500\"},\"isTest\":false}"
}
----------------------------------------
[2026-06-25 00:39:09] 🔄 Processando dados recebidos
Dados: {
    "orderId": 8693613,
    "platform": "MinhaPlataforma",
    "paymentMethod": "pix",
    "status": "waiting_payment",
    "createdAt": "2026-06-24 21:39:08",
    "approvedDate": null,
    "refundedAt": null,
    "customer": {
        "name": "Luiza Santos Lopes",
        "email": "luiza.santos.lopes@email.com",
        "phone": "11999999999",
        "document": "78376781170",
        "country": "BR",
        "ip": "2804:4d3c:7040:fd01:18df:57c1:3757:3f94",
        "userAgent": "Mozilla\/5.0 (iPhone; CPU iPhone OS 17_5_1 like Mac OS X) AppleWebKit\/605.1.15 (KHTML, like Gecko) Mobile\/21F90 Safari\/604.1 [FBAN\/FBIOS;FBAV\/566.1.0.59.72;FBBV\/998154334;FBDV\/iPhone13,2;FBMD\/iPhone;FBSN\/iOS;FBSV\/17.5.1;FBSS\/3;FBID\/phone;FBLC\/pt_BR;FBOP\/5;FBRV\/1002709526;IABMV\/1]",
        "externalId": 8693613,
        "fbp": null,
        "fbc": null
    },
    "products": [
        {
            "id": "PROD_6a3c78acdc9cf",
            "name": "Produto 85",
            "planId": null,
            "planName": null,
            "quantity": 1,
            "priceInCents": "8500"
        }
    ],
    "trackingParameters": {
        "utm_source": "FBjLj6a3c777188be114dbd2793b4",
        "utm_medium": "ADV|120252229293830045",
        "utm_campaign": "CTV 01 PND \u2014 C\u00f3pia|120252229293660045",
        "utm_content": "AD|120252229294230045",
        "utm_term": "Facebook_Mobile_Feed"
    },
    "commission": {
        "totalPriceInCents": "8500",
        "gatewayFeeInCents": 0,
        "userCommissionInCents": "8500"
    },
    "isTest": false
}
----------------------------------------
[2026-06-25 00:39:09] 📤 Dados formatados para Utmify
Dados: {
    "orderId": 8693613,
    "platform": "PayHubr",
    "paymentMethod": "pix",
    "status": "waiting_payment",
    "createdAt": "2026-06-25 00:39:09",
    "approvedDate": null,
    "refundedAt": null,
    "customer": {
        "name": "Luiza Santos Lopes",
        "email": "luiza.santos.lopes@email.com",
        "phone": null,
        "document": "78376781170",
        "country": "BR",
        "ip": "78.40.143.130"
    },
    "products": [
        {
            "id": "PROD_6a3c78acdc9cf",
            "name": "Produto 85",
            "planId": null,
            "planName": null,
            "quantity": 1,
            "priceInCents": "8500"
        }
    ],
    "trackingParameters": {
        "src": null,
        "sck": null,
        "utm_source": "FBjLj6a3c777188be114dbd2793b4",
        "utm_campaign": "CTV 01 PND \u2014 C\u00f3pia|120252229293660045",
        "utm_medium": "ADV|120252229293830045",
        "utm_content": "AD|120252229294230045",
        "utm_term": "Facebook_Mobile_Feed",
        "xcod": null,
        "fbclid": null,
        "gclid": null,
        "ttclid": null
    },
    "commission": {
        "totalPriceInCents": "8500",
        "gatewayFeeInCents": 0,
        "userCommissionInCents": "8500"
    },
    "isTest": false
}
----------------------------------------
[2026-06-25 00:39:09] 📡 Enviando requisição para Utmify
Dados: {
    "url": "https:\/\/api.utmify.com.br\/api-credentials\/orders",
    "headers": [
        "Content-Type: application\/json",
        "x-api-token: [REDACTED]"
    ]
}
----------------------------------------
[2026-06-25 00:39:09] ✅ Resposta da API Utmify
Dados: {
    "http_code": 404,
    "response": {
        "OK": false,
        "data": {
            "type": "API_CREDENTIAL"
        },
        "result": "ERROR",
        "statusCode": 404,
        "message": "API_CREDENTIAL_NOT_FOUND"
    }
}
----------------------------------------
[2026-06-25 00:39:09] ❌ Erro
Dados: {
    "message": "Erro na API Utmify. HTTP Code: 404"
}
----------------------------------------
[2026-06-25 00:39:21] 📥 Dados recebidos do PayHubr
Dados: {
    "raw": "{\"orderId\":8693616,\"platform\":\"MinhaPlataforma\",\"paymentMethod\":\"pix\",\"status\":\"waiting_payment\",\"createdAt\":\"2026-06-24 21:39:21\",\"approvedDate\":null,\"refundedAt\":null,\"customer\":{\"name\":\"Mariana Silva Silva\",\"email\":\"mariana.silva.silva@email.com\",\"phone\":\"11999999999\",\"document\":\"51155617193\",\"country\":\"BR\",\"ip\":\"2804:108c:d88c:b601:4872:7ca5:61c6:8d9b\",\"userAgent\":\"Mozilla\\\/5.0 (iPhone; CPU iPhone OS 26_5 like Mac OS X) AppleWebKit\\\/605.1.15 (KHTML, like Gecko) Mobile\\\/23F77 Instagram 434.0.0.28.78 (iPhone15,4; iOS 26_5; pt_BR; pt; scale=3.00; 1179x2556; IABMV\\\/1; 994860828) Safari\\\/604.1\",\"externalId\":8693616,\"fbp\":null,\"fbc\":null},\"products\":[{\"id\":\"PROD_6a3c78b939d24\",\"name\":\"Produto 85\",\"planId\":null,\"planName\":null,\"quantity\":1,\"priceInCents\":\"8500\"}],\"trackingParameters\":{\"utm_source\":\"FBjLj6a3c77edc4559fd5ad46d970\",\"utm_medium\":\"ADV|120252150072880045\",\"utm_campaign\":\"CTV 01 PND \\u2014 C\\u00f3pia|120252150072990045\",\"utm_content\":\"AD|120252150072960045\",\"utm_term\":\"Instagram_Feed\"},\"commission\":{\"totalPriceInCents\":\"8500\",\"gatewayFeeInCents\":0,\"userCommissionInCents\":\"8500\"},\"isTest\":false}"
}
----------------------------------------
[2026-06-25 00:39:21] 🔄 Processando dados recebidos
Dados: {
    "orderId": 8693616,
    "platform": "MinhaPlataforma",
    "paymentMethod": "pix",
    "status": "waiting_payment",
    "createdAt": "2026-06-24 21:39:21",
    "approvedDate": null,
    "refundedAt": null,
    "customer": {
        "name": "Mariana Silva Silva",
        "email": "mariana.silva.silva@email.com",
        "phone": "11999999999",
        "document": "51155617193",
        "country": "BR",
        "ip": "2804:108c:d88c:b601:4872:7ca5:61c6:8d9b",
        "userAgent": "Mozilla\/5.0 (iPhone; CPU iPhone OS 26_5 like Mac OS X) AppleWebKit\/605.1.15 (KHTML, like Gecko) Mobile\/23F77 Instagram 434.0.0.28.78 (iPhone15,4; iOS 26_5; pt_BR; pt; scale=3.00; 1179x2556; IABMV\/1; 994860828) Safari\/604.1",
        "externalId": 8693616,
        "fbp": null,
        "fbc": null
    },
    "products": [
        {
            "id": "PROD_6a3c78b939d24",
            "name": "Produto 85",
            "planId": null,
            "planName": null,
            "quantity": 1,
            "priceInCents": "8500"
        }
    ],
    "trackingParameters": {
        "utm_source": "FBjLj6a3c77edc4559fd5ad46d970",
        "utm_medium": "ADV|120252150072880045",
        "utm_campaign": "CTV 01 PND \u2014 C\u00f3pia|120252150072990045",
        "utm_content": "AD|120252150072960045",
        "utm_term": "Instagram_Feed"
    },
    "commission": {
        "totalPriceInCents": "8500",
        "gatewayFeeInCents": 0,
        "userCommissionInCents": "8500"
    },
    "isTest": false
}
----------------------------------------
[2026-06-25 00:39:21] 📤 Dados formatados para Utmify
Dados: {
    "orderId": 8693616,
    "platform": "PayHubr",
    "paymentMethod": "pix",
    "status": "waiting_payment",
    "createdAt": "2026-06-25 00:39:21",
    "approvedDate": null,
    "refundedAt": null,
    "customer": {
        "name": "Mariana Silva Silva",
        "email": "mariana.silva.silva@email.com",
        "phone": null,
        "document": "51155617193",
        "country": "BR",
        "ip": "78.40.143.130"
    },
    "products": [
        {
            "id": "PROD_6a3c78b939d24",
            "name": "Produto 85",
            "planId": null,
            "planName": null,
            "quantity": 1,
            "priceInCents": "8500"
        }
    ],
    "trackingParameters": {
        "src": null,
        "sck": null,
        "utm_source": "FBjLj6a3c77edc4559fd5ad46d970",
        "utm_campaign": "CTV 01 PND \u2014 C\u00f3pia|120252150072990045",
        "utm_medium": "ADV|120252150072880045",
        "utm_content": "AD|120252150072960045",
        "utm_term": "Instagram_Feed",
        "xcod": null,
        "fbclid": null,
        "gclid": null,
        "ttclid": null
    },
    "commission": {
        "totalPriceInCents": "8500",
        "gatewayFeeInCents": 0,
        "userCommissionInCents": "8500"
    },
    "isTest": false
}
----------------------------------------
[2026-06-25 00:39:21] 📡 Enviando requisição para Utmify
Dados: {
    "url": "https:\/\/api.utmify.com.br\/api-credentials\/orders",
    "headers": [
        "Content-Type: application\/json",
        "x-api-token: [REDACTED]"
    ]
}
----------------------------------------
[2026-06-25 00:39:21] ✅ Resposta da API Utmify
Dados: {
    "http_code": 404,
    "response": {
        "OK": false,
        "data": {
            "type": "API_CREDENTIAL"
        },
        "result": "ERROR",
        "statusCode": 404,
        "message": "API_CREDENTIAL_NOT_FOUND"
    }
}
----------------------------------------
[2026-06-25 00:39:21] ❌ Erro
Dados: {
    "message": "Erro na API Utmify. HTTP Code: 404"
}
----------------------------------------
[2026-06-25 00:39:43] 📥 Dados recebidos do PayHubr
Dados: {
    "raw": "{\"orderId\":8693628,\"platform\":\"MinhaPlataforma\",\"paymentMethod\":\"pix\",\"status\":\"waiting_payment\",\"createdAt\":\"2026-06-24 21:39:43\",\"approvedDate\":null,\"refundedAt\":null,\"customer\":{\"name\":\"Beatriz Soares Martins\",\"email\":\"beatriz.soares.martins@email.com\",\"phone\":\"11999999999\",\"document\":\"18473378482\",\"country\":\"BR\",\"ip\":\"200.213.114.176\",\"userAgent\":\"Mozilla\\\/5.0 (Linux; Android 14; moto g23 Build\\\/UHAS34.29-41; wv) AppleWebKit\\\/537.36 (KHTML, like Gecko) Version\\\/4.0 Chrome\\\/149.0.7827.150 Mobile Safari\\\/537.36 [FB_IAB\\\/FB4A;FBAV\\\/566.0.0.48.73;IABMV\\\/1;]\",\"externalId\":8693628,\"fbp\":null,\"fbc\":null},\"products\":[{\"id\":\"PROD_6a3c78cf563c2\",\"name\":\"Produto 85\",\"planId\":null,\"planName\":null,\"quantity\":1,\"priceInCents\":\"8500\"}],\"trackingParameters\":{\"utm_source\":\"FBjLj6a3c75e25278289032a70609\",\"utm_medium\":\"ADV|120252150072920045\",\"utm_campaign\":\"CTV 11 PND \\u2014 C\\u00f3pia|120252150072980045\",\"utm_content\":\"AD|120252150072940045\",\"utm_term\":\"Facebook_Mobile_Feed\"},\"commission\":{\"totalPriceInCents\":\"8500\",\"gatewayFeeInCents\":0,\"userCommissionInCents\":\"8500\"},\"isTest\":false}"
}
----------------------------------------
[2026-06-25 00:39:43] 🔄 Processando dados recebidos
Dados: {
    "orderId": 8693628,
    "platform": "MinhaPlataforma",
    "paymentMethod": "pix",
    "status": "waiting_payment",
    "createdAt": "2026-06-24 21:39:43",
    "approvedDate": null,
    "refundedAt": null,
    "customer": {
        "name": "Beatriz Soares Martins",
        "email": "beatriz.soares.martins@email.com",
        "phone": "11999999999",
        "document": "18473378482",
        "country": "BR",
        "ip": "200.213.114.176",
        "userAgent": "Mozilla\/5.0 (Linux; Android 14; moto g23 Build\/UHAS34.29-41; wv) AppleWebKit\/537.36 (KHTML, like Gecko) Version\/4.0 Chrome\/149.0.7827.150 Mobile Safari\/537.36 [FB_IAB\/FB4A;FBAV\/566.0.0.48.73;IABMV\/1;]",
        "externalId": 8693628,
        "fbp": null,
        "fbc": null
    },
    "products": [
        {
            "id": "PROD_6a3c78cf563c2",
            "name": "Produto 85",
            "planId": null,
            "planName": null,
            "quantity": 1,
            "priceInCents": "8500"
        }
    ],
    "trackingParameters": {
        "utm_source": "FBjLj6a3c75e25278289032a70609",
        "utm_medium": "ADV|120252150072920045",
        "utm_campaign": "CTV 11 PND \u2014 C\u00f3pia|120252150072980045",
        "utm_content": "AD|120252150072940045",
        "utm_term": "Facebook_Mobile_Feed"
    },
    "commission": {
        "totalPriceInCents": "8500",
        "gatewayFeeInCents": 0,
        "userCommissionInCents": "8500"
    },
    "isTest": false
}
----------------------------------------
[2026-06-25 00:39:43] 📤 Dados formatados para Utmify
Dados: {
    "orderId": 8693628,
    "platform": "PayHubr",
    "paymentMethod": "pix",
    "status": "waiting_payment",
    "createdAt": "2026-06-25 00:39:43",
    "approvedDate": null,
    "refundedAt": null,
    "customer": {
        "name": "Beatriz Soares Martins",
        "email": "beatriz.soares.martins@email.com",
        "phone": null,
        "document": "18473378482",
        "country": "BR",
        "ip": "78.40.143.130"
    },
    "products": [
        {
            "id": "PROD_6a3c78cf563c2",
            "name": "Produto 85",
            "planId": null,
            "planName": null,
            "quantity": 1,
            "priceInCents": "8500"
        }
    ],
    "trackingParameters": {
        "src": null,
        "sck": null,
        "utm_source": "FBjLj6a3c75e25278289032a70609",
        "utm_campaign": "CTV 11 PND \u2014 C\u00f3pia|120252150072980045",
        "utm_medium": "ADV|120252150072920045",
        "utm_content": "AD|120252150072940045",
        "utm_term": "Facebook_Mobile_Feed",
        "xcod": null,
        "fbclid": null,
        "gclid": null,
        "ttclid": null
    },
    "commission": {
        "totalPriceInCents": "8500",
        "gatewayFeeInCents": 0,
        "userCommissionInCents": "8500"
    },
    "isTest": false
}
----------------------------------------
[2026-06-25 00:39:43] 📡 Enviando requisição para Utmify
Dados: {
    "url": "https:\/\/api.utmify.com.br\/api-credentials\/orders",
    "headers": [
        "Content-Type: application\/json",
        "x-api-token: [REDACTED]"
    ]
}
----------------------------------------
[2026-06-25 00:39:43] ✅ Resposta da API Utmify
Dados: {
    "http_code": 404,
    "response": {
        "OK": false,
        "data": {
            "type": "API_CREDENTIAL"
        },
        "result": "ERROR",
        "statusCode": 404,
        "message": "API_CREDENTIAL_NOT_FOUND"
    }
}
----------------------------------------
[2026-06-25 00:39:43] ❌ Erro
Dados: {
    "message": "Erro na API Utmify. HTTP Code: 404"
}
----------------------------------------
[2026-06-25 00:39:52] 📥 Dados recebidos do PayHubr
Dados: {
    "raw": "{\"orderId\":8693634,\"platform\":\"MinhaPlataforma\",\"paymentMethod\":\"pix\",\"status\":\"waiting_payment\",\"createdAt\":\"2026-06-24 21:39:52\",\"approvedDate\":null,\"refundedAt\":null,\"customer\":{\"name\":\"Beatriz Rodrigues Lima\",\"email\":\"beatriz.rodrigues.lima@email.com\",\"phone\":\"11999999999\",\"document\":\"54081741743\",\"country\":\"BR\",\"ip\":\"2804:33cc:1403:8900:4573:f9ad:f676:7bae\",\"userAgent\":\"Mozilla\\\/5.0 (iPhone; CPU iPhone OS 18_7 like Mac OS X) AppleWebKit\\\/605.1.15 (KHTML, like Gecko) Version\\\/26.5 Mobile\\\/15E148 Safari\\\/604.1\",\"externalId\":8693634,\"fbp\":null,\"fbc\":null},\"products\":[{\"id\":\"PROD_6a3c78d8d997e\",\"name\":\"Produto 85\",\"planId\":null,\"planName\":null,\"quantity\":1,\"priceInCents\":\"8500\"}],\"trackingParameters\":{\"utm_source\":\"organic\"},\"commission\":{\"totalPriceInCents\":\"8500\",\"gatewayFeeInCents\":0,\"userCommissionInCents\":\"8500\"},\"isTest\":false}"
}
----------------------------------------
[2026-06-25 00:39:52] 🔄 Processando dados recebidos
Dados: {
    "orderId": 8693634,
    "platform": "MinhaPlataforma",
    "paymentMethod": "pix",
    "status": "waiting_payment",
    "createdAt": "2026-06-24 21:39:52",
    "approvedDate": null,
    "refundedAt": null,
    "customer": {
        "name": "Beatriz Rodrigues Lima",
        "email": "beatriz.rodrigues.lima@email.com",
        "phone": "11999999999",
        "document": "54081741743",
        "country": "BR",
        "ip": "2804:33cc:1403:8900:4573:f9ad:f676:7bae",
        "userAgent": "Mozilla\/5.0 (iPhone; CPU iPhone OS 18_7 like Mac OS X) AppleWebKit\/605.1.15 (KHTML, like Gecko) Version\/26.5 Mobile\/15E148 Safari\/604.1",
        "externalId": 8693634,
        "fbp": null,
        "fbc": null
    },
    "products": [
        {
            "id": "PROD_6a3c78d8d997e",
            "name": "Produto 85",
            "planId": null,
            "planName": null,
            "quantity": 1,
            "priceInCents": "8500"
        }
    ],
    "trackingParameters": {
        "utm_source": "organic"
    },
    "commission": {
        "totalPriceInCents": "8500",
        "gatewayFeeInCents": 0,
        "userCommissionInCents": "8500"
    },
    "isTest": false
}
----------------------------------------
[2026-06-25 00:39:52] 📤 Dados formatados para Utmify
Dados: {
    "orderId": 8693634,
    "platform": "PayHubr",
    "paymentMethod": "pix",
    "status": "waiting_payment",
    "createdAt": "2026-06-25 00:39:52",
    "approvedDate": null,
    "refundedAt": null,
    "customer": {
        "name": "Beatriz Rodrigues Lima",
        "email": "beatriz.rodrigues.lima@email.com",
        "phone": null,
        "document": "54081741743",
        "country": "BR",
        "ip": "78.40.143.130"
    },
    "products": [
        {
            "id": "PROD_6a3c78d8d997e",
            "name": "Produto 85",
            "planId": null,
            "planName": null,
            "quantity": 1,
            "priceInCents": "8500"
        }
    ],
    "trackingParameters": {
        "src": null,
        "sck": null,
        "utm_source": "organic",
        "utm_campaign": null,
        "utm_medium": null,
        "utm_content": null,
        "utm_term": null,
        "xcod": null,
        "fbclid": null,
        "gclid": null,
        "ttclid": null
    },
    "commission": {
        "totalPriceInCents": "8500",
        "gatewayFeeInCents": 0,
        "userCommissionInCents": "8500"
    },
    "isTest": false
}
----------------------------------------
[2026-06-25 00:39:52] 📡 Enviando requisição para Utmify
Dados: {
    "url": "https:\/\/api.utmify.com.br\/api-credentials\/orders",
    "headers": [
        "Content-Type: application\/json",
        "x-api-token: [REDACTED]"
    ]
}
----------------------------------------
[2026-06-25 00:39:53] ✅ Resposta da API Utmify
Dados: {
    "http_code": 404,
    "response": {
        "OK": false,
        "data": {
            "type": "API_CREDENTIAL"
        },
        "result": "ERROR",
        "statusCode": 404,
        "message": "API_CREDENTIAL_NOT_FOUND"
    }
}
----------------------------------------
[2026-06-25 00:39:53] ❌ Erro
Dados: {
    "message": "Erro na API Utmify. HTTP Code: 404"
}
----------------------------------------
[2026-06-25 00:40:07] 📥 Dados recebidos do PayHubr
Dados: {
    "raw": "{\"orderId\":8693640,\"platform\":\"MinhaPlataforma\",\"paymentMethod\":\"pix\",\"status\":\"waiting_payment\",\"createdAt\":\"2026-06-24 21:40:07\",\"approvedDate\":null,\"refundedAt\":null,\"customer\":{\"name\":\"Laura Alves Almeida\",\"email\":\"laura.alves.almeida@email.com\",\"phone\":\"11999999999\",\"document\":\"67002898663\",\"country\":\"BR\",\"ip\":\"45.235.169.110\",\"userAgent\":\"Mozilla\\\/5.0 (Linux; Android 15; SM-A155M Build\\\/AP3A.240905.015.A2) AppleWebKit\\\/537.36 (KHTML, like Gecko) Version\\\/4.0 Chrome\\\/149.0.7827.150 Mobile Safari\\\/537.36 [FB_IAB\\\/FB4A;FBAV\\\/566.0.0.48.73;IABMV\\\/1;]\",\"externalId\":8693640,\"fbp\":null,\"fbc\":null},\"products\":[{\"id\":\"PROD_6a3c78e73b916\",\"name\":\"Produto 85\",\"planId\":null,\"planName\":null,\"quantity\":1,\"priceInCents\":\"8500\"}],\"trackingParameters\":{\"utm_source\":\"FBjLj6a3c772437617be68e65046f\",\"utm_medium\":\"ADV|120252150072880045\",\"utm_campaign\":\"CTV 01 PND \\u2014 C\\u00f3pia|120252150072990045\",\"utm_content\":\"AD|120252150072960045\",\"utm_term\":\"Facebook_Mobile_Reels\"},\"commission\":{\"totalPriceInCents\":\"8500\",\"gatewayFeeInCents\":0,\"userCommissionInCents\":\"8500\"},\"isTest\":false}"
}
----------------------------------------
[2026-06-25 00:40:07] 🔄 Processando dados recebidos
Dados: {
    "orderId": 8693640,
    "platform": "MinhaPlataforma",
    "paymentMethod": "pix",
    "status": "waiting_payment",
    "createdAt": "2026-06-24 21:40:07",
    "approvedDate": null,
    "refundedAt": null,
    "customer": {
        "name": "Laura Alves Almeida",
        "email": "laura.alves.almeida@email.com",
        "phone": "11999999999",
        "document": "67002898663",
        "country": "BR",
        "ip": "45.235.169.110",
        "userAgent": "Mozilla\/5.0 (Linux; Android 15; SM-A155M Build\/AP3A.240905.015.A2) AppleWebKit\/537.36 (KHTML, like Gecko) Version\/4.0 Chrome\/149.0.7827.150 Mobile Safari\/537.36 [FB_IAB\/FB4A;FBAV\/566.0.0.48.73;IABMV\/1;]",
        "externalId": 8693640,
        "fbp": null,
        "fbc": null
    },
    "products": [
        {
            "id": "PROD_6a3c78e73b916",
            "name": "Produto 85",
            "planId": null,
            "planName": null,
            "quantity": 1,
            "priceInCents": "8500"
        }
    ],
    "trackingParameters": {
        "utm_source": "FBjLj6a3c772437617be68e65046f",
        "utm_medium": "ADV|120252150072880045",
        "utm_campaign": "CTV 01 PND \u2014 C\u00f3pia|120252150072990045",
        "utm_content": "AD|120252150072960045",
        "utm_term": "Facebook_Mobile_Reels"
    },
    "commission": {
        "totalPriceInCents": "8500",
        "gatewayFeeInCents": 0,
        "userCommissionInCents": "8500"
    },
    "isTest": false
}
----------------------------------------
[2026-06-25 00:40:07] 📤 Dados formatados para Utmify
Dados: {
    "orderId": 8693640,
    "platform": "PayHubr",
    "paymentMethod": "pix",
    "status": "waiting_payment",
    "createdAt": "2026-06-25 00:40:07",
    "approvedDate": null,
    "refundedAt": null,
    "customer": {
        "name": "Laura Alves Almeida",
        "email": "laura.alves.almeida@email.com",
        "phone": null,
        "document": "67002898663",
        "country": "BR",
        "ip": "78.40.143.130"
    },
    "products": [
        {
            "id": "PROD_6a3c78e73b916",
            "name": "Produto 85",
            "planId": null,
            "planName": null,
            "quantity": 1,
            "priceInCents": "8500"
        }
    ],
    "trackingParameters": {
        "src": null,
        "sck": null,
        "utm_source": "FBjLj6a3c772437617be68e65046f",
        "utm_campaign": "CTV 01 PND \u2014 C\u00f3pia|120252150072990045",
        "utm_medium": "ADV|120252150072880045",
        "utm_content": "AD|120252150072960045",
        "utm_term": "Facebook_Mobile_Reels",
        "xcod": null,
        "fbclid": null,
        "gclid": null,
        "ttclid": null
    },
    "commission": {
        "totalPriceInCents": "8500",
        "gatewayFeeInCents": 0,
        "userCommissionInCents": "8500"
    },
    "isTest": false
}
----------------------------------------
[2026-06-25 00:40:07] 📡 Enviando requisição para Utmify
Dados: {
    "url": "https:\/\/api.utmify.com.br\/api-credentials\/orders",
    "headers": [
        "Content-Type: application\/json",
        "x-api-token: [REDACTED]"
    ]
}
----------------------------------------
[2026-06-25 00:40:07] ✅ Resposta da API Utmify
Dados: {
    "http_code": 404,
    "response": {
        "OK": false,
        "data": {
            "type": "API_CREDENTIAL"
        },
        "result": "ERROR",
        "statusCode": 404,
        "message": "API_CREDENTIAL_NOT_FOUND"
    }
}
----------------------------------------
[2026-06-25 00:40:07] ❌ Erro
Dados: {
    "message": "Erro na API Utmify. HTTP Code: 404"
}
----------------------------------------
[2026-06-25 00:40:28] 📥 Dados recebidos do PayHubr
Dados: {
    "raw": "{\"orderId\":8693645,\"platform\":\"MinhaPlataforma\",\"paymentMethod\":\"pix\",\"status\":\"waiting_payment\",\"createdAt\":\"2026-06-24 21:40:28\",\"approvedDate\":null,\"refundedAt\":null,\"customer\":{\"name\":\"Daniel Fernandes Ferreira\",\"email\":\"daniel.fernandes.ferreira@email.com\",\"phone\":\"11999999999\",\"document\":\"75861316945\",\"country\":\"BR\",\"ip\":\"2804:214:8115:3593:fccb:91ee:bbad:59e9\",\"userAgent\":\"Mozilla\\\/5.0 (iPhone; CPU iPhone OS 26_5 like Mac OS X) AppleWebKit\\\/605.1.15 (KHTML, like Gecko) Mobile\\\/23F77 Safari\\\/604.1 [FBAN\\\/FBIOS;FBAV\\\/566.1.0.59.72;FBBV\\\/998154334;FBDV\\\/iPhone16,2;FBMD\\\/iPhone;FBSN\\\/iOS;FBSV\\\/26.5;FBSS\\\/3;FBID\\\/phone;FBLC\\\/pt_BR;FBOP\\\/5;FBRV\\\/1001875135;IABMV\\\/1]\",\"externalId\":8693645,\"fbp\":null,\"fbc\":null},\"products\":[{\"id\":\"PROD_6a3c78fc46814\",\"name\":\"Produto 85\",\"planId\":null,\"planName\":null,\"quantity\":1,\"priceInCents\":\"8500\"}],\"trackingParameters\":{\"utm_source\":\"FBjLj6a3c78045278289032a7d3c4\",\"utm_medium\":\"ADV|120252229294140045\",\"utm_campaign\":\"CTV 11 PND \\u2014 C\\u00f3pia \\u2014 C\\u00f3pia|120252229294370045\",\"utm_content\":\"AD|120252229293860045\",\"utm_term\":\"Facebook_Stories\"},\"commission\":{\"totalPriceInCents\":\"8500\",\"gatewayFeeInCents\":0,\"userCommissionInCents\":\"8500\"},\"isTest\":false}"
}
----------------------------------------
[2026-06-25 00:40:28] 🔄 Processando dados recebidos
Dados: {
    "orderId": 8693645,
    "platform": "MinhaPlataforma",
    "paymentMethod": "pix",
    "status": "waiting_payment",
    "createdAt": "2026-06-24 21:40:28",
    "approvedDate": null,
    "refundedAt": null,
    "customer": {
        "name": "Daniel Fernandes Ferreira",
        "email": "daniel.fernandes.ferreira@email.com",
        "phone": "11999999999",
        "document": "75861316945",
        "country": "BR",
        "ip": "2804:214:8115:3593:fccb:91ee:bbad:59e9",
        "userAgent": "Mozilla\/5.0 (iPhone; CPU iPhone OS 26_5 like Mac OS X) AppleWebKit\/605.1.15 (KHTML, like Gecko) Mobile\/23F77 Safari\/604.1 [FBAN\/FBIOS;FBAV\/566.1.0.59.72;FBBV\/998154334;FBDV\/iPhone16,2;FBMD\/iPhone;FBSN\/iOS;FBSV\/26.5;FBSS\/3;FBID\/phone;FBLC\/pt_BR;FBOP\/5;FBRV\/1001875135;IABMV\/1]",
        "externalId": 8693645,
        "fbp": null,
        "fbc": null
    },
    "products": [
        {
            "id": "PROD_6a3c78fc46814",
            "name": "Produto 85",
            "planId": null,
            "planName": null,
            "quantity": 1,
            "priceInCents": "8500"
        }
    ],
    "trackingParameters": {
        "utm_source": "FBjLj6a3c78045278289032a7d3c4",
        "utm_medium": "ADV|120252229294140045",
        "utm_campaign": "CTV 11 PND \u2014 C\u00f3pia \u2014 C\u00f3pia|120252229294370045",
        "utm_content": "AD|120252229293860045",
        "utm_term": "Facebook_Stories"
    },
    "commission": {
        "totalPriceInCents": "8500",
        "gatewayFeeInCents": 0,
        "userCommissionInCents": "8500"
    },
    "isTest": false
}
----------------------------------------
[2026-06-25 00:40:28] 📤 Dados formatados para Utmify
Dados: {
    "orderId": 8693645,
    "platform": "PayHubr",
    "paymentMethod": "pix",
    "status": "waiting_payment",
    "createdAt": "2026-06-25 00:40:28",
    "approvedDate": null,
    "refundedAt": null,
    "customer": {
        "name": "Daniel Fernandes Ferreira",
        "email": "daniel.fernandes.ferreira@email.com",
        "phone": null,
        "document": "75861316945",
        "country": "BR",
        "ip": "78.40.143.130"
    },
    "products": [
        {
            "id": "PROD_6a3c78fc46814",
            "name": "Produto 85",
            "planId": null,
            "planName": null,
            "quantity": 1,
            "priceInCents": "8500"
        }
    ],
    "trackingParameters": {
        "src": null,
        "sck": null,
        "utm_source": "FBjLj6a3c78045278289032a7d3c4",
        "utm_campaign": "CTV 11 PND \u2014 C\u00f3pia \u2014 C\u00f3pia|120252229294370045",
        "utm_medium": "ADV|120252229294140045",
        "utm_content": "AD|120252229293860045",
        "utm_term": "Facebook_Stories",
        "xcod": null,
        "fbclid": null,
        "gclid": null,
        "ttclid": null
    },
    "commission": {
        "totalPriceInCents": "8500",
        "gatewayFeeInCents": 0,
        "userCommissionInCents": "8500"
    },
    "isTest": false
}
----------------------------------------
[2026-06-25 00:40:28] 📡 Enviando requisição para Utmify
Dados: {
    "url": "https:\/\/api.utmify.com.br\/api-credentials\/orders",
    "headers": [
        "Content-Type: application\/json",
        "x-api-token: [REDACTED]"
    ]
}
----------------------------------------
[2026-06-25 00:40:28] ✅ Resposta da API Utmify
Dados: {
    "http_code": 404,
    "response": {
        "OK": false,
        "data": {
            "type": "API_CREDENTIAL"
        },
        "result": "ERROR",
        "statusCode": 404,
        "message": "API_CREDENTIAL_NOT_FOUND"
    }
}
----------------------------------------
[2026-06-25 00:40:28] ❌ Erro
Dados: {
    "message": "Erro na API Utmify. HTTP Code: 404"
}
----------------------------------------
[2026-06-25 00:41:27] 📥 Dados recebidos do PayHubr
Dados: {
    "raw": "{\"orderId\":8693662,\"platform\":\"MinhaPlataforma\",\"paymentMethod\":\"pix\",\"status\":\"waiting_payment\",\"createdAt\":\"2026-06-24 21:41:27\",\"approvedDate\":null,\"refundedAt\":null,\"customer\":{\"name\":\"Jo\\u00e3o Silva Almeida\",\"email\":\"jo\\u00e3o.silva.almeida@email.com\",\"phone\":\"11999999999\",\"document\":\"43725081581\",\"country\":\"BR\",\"ip\":\"2804:4d3c:7040:fd01:18df:57c1:3757:3f94\",\"userAgent\":\"Mozilla\\\/5.0 (iPhone; CPU iPhone OS 17_5_1 like Mac OS X) AppleWebKit\\\/605.1.15 (KHTML, like Gecko) Mobile\\\/21F90 Safari\\\/604.1 [FBAN\\\/FBIOS;FBAV\\\/566.1.0.59.72;FBBV\\\/998154334;FBDV\\\/iPhone13,2;FBMD\\\/iPhone;FBSN\\\/iOS;FBSV\\\/17.5.1;FBSS\\\/3;FBID\\\/phone;FBLC\\\/pt_BR;FBOP\\\/5;FBRV\\\/1002709526;IABMV\\\/1]\",\"externalId\":8693662,\"fbp\":null,\"fbc\":null},\"products\":[{\"id\":\"PROD_6a3c79372830e\",\"name\":\"Produto 85\",\"planId\":null,\"planName\":null,\"quantity\":1,\"priceInCents\":\"8500\"}],\"trackingParameters\":{\"utm_source\":\"FBjLj6a3c777188be114dbd2793b4\",\"utm_medium\":\"ADV|120252229293830045\",\"utm_campaign\":\"CTV 01 PND \\u2014 C\\u00f3pia|120252229293660045\",\"utm_content\":\"AD|120252229294230045\",\"utm_term\":\"Facebook_Mobile_Feed\"},\"commission\":{\"totalPriceInCents\":\"8500\",\"gatewayFeeInCents\":0,\"userCommissionInCents\":\"8500\"},\"isTest\":false}"
}
----------------------------------------
[2026-06-25 00:41:27] 🔄 Processando dados recebidos
Dados: {
    "orderId": 8693662,
    "platform": "MinhaPlataforma",
    "paymentMethod": "pix",
    "status": "waiting_payment",
    "createdAt": "2026-06-24 21:41:27",
    "approvedDate": null,
    "refundedAt": null,
    "customer": {
        "name": "Jo\u00e3o Silva Almeida",
        "email": "jo\u00e3o.silva.almeida@email.com",
        "phone": "11999999999",
        "document": "43725081581",
        "country": "BR",
        "ip": "2804:4d3c:7040:fd01:18df:57c1:3757:3f94",
        "userAgent": "Mozilla\/5.0 (iPhone; CPU iPhone OS 17_5_1 like Mac OS X) AppleWebKit\/605.1.15 (KHTML, like Gecko) Mobile\/21F90 Safari\/604.1 [FBAN\/FBIOS;FBAV\/566.1.0.59.72;FBBV\/998154334;FBDV\/iPhone13,2;FBMD\/iPhone;FBSN\/iOS;FBSV\/17.5.1;FBSS\/3;FBID\/phone;FBLC\/pt_BR;FBOP\/5;FBRV\/1002709526;IABMV\/1]",
        "externalId": 8693662,
        "fbp": null,
        "fbc": null
    },
    "products": [
        {
            "id": "PROD_6a3c79372830e",
            "name": "Produto 85",
            "planId": null,
            "planName": null,
            "quantity": 1,
            "priceInCents": "8500"
        }
    ],
    "trackingParameters": {
        "utm_source": "FBjLj6a3c777188be114dbd2793b4",
        "utm_medium": "ADV|120252229293830045",
        "utm_campaign": "CTV 01 PND \u2014 C\u00f3pia|120252229293660045",
        "utm_content": "AD|120252229294230045",
        "utm_term": "Facebook_Mobile_Feed"
    },
    "commission": {
        "totalPriceInCents": "8500",
        "gatewayFeeInCents": 0,
        "userCommissionInCents": "8500"
    },
    "isTest": false
}
----------------------------------------
[2026-06-25 00:41:27] 📤 Dados formatados para Utmify
Dados: {
    "orderId": 8693662,
    "platform": "PayHubr",
    "paymentMethod": "pix",
    "status": "waiting_payment",
    "createdAt": "2026-06-25 00:41:27",
    "approvedDate": null,
    "refundedAt": null,
    "customer": {
        "name": "Jo\u00e3o Silva Almeida",
        "email": "jo\u00e3o.silva.almeida@email.com",
        "phone": null,
        "document": "43725081581",
        "country": "BR",
        "ip": "78.40.143.130"
    },
    "products": [
        {
            "id": "PROD_6a3c79372830e",
            "name": "Produto 85",
            "planId": null,
            "planName": null,
            "quantity": 1,
            "priceInCents": "8500"
        }
    ],
    "trackingParameters": {
        "src": null,
        "sck": null,
        "utm_source": "FBjLj6a3c777188be114dbd2793b4",
        "utm_campaign": "CTV 01 PND \u2014 C\u00f3pia|120252229293660045",
        "utm_medium": "ADV|120252229293830045",
        "utm_content": "AD|120252229294230045",
        "utm_term": "Facebook_Mobile_Feed",
        "xcod": null,
        "fbclid": null,
        "gclid": null,
        "ttclid": null
    },
    "commission": {
        "totalPriceInCents": "8500",
        "gatewayFeeInCents": 0,
        "userCommissionInCents": "8500"
    },
    "isTest": false
}
----------------------------------------
[2026-06-25 00:41:27] 📡 Enviando requisição para Utmify
Dados: {
    "url": "https:\/\/api.utmify.com.br\/api-credentials\/orders",
    "headers": [
        "Content-Type: application\/json",
        "x-api-token: [REDACTED]"
    ]
}
----------------------------------------
[2026-06-25 00:41:27] ✅ Resposta da API Utmify
Dados: {
    "http_code": 404,
    "response": {
        "OK": false,
        "data": {
            "type": "API_CREDENTIAL"
        },
        "result": "ERROR",
        "statusCode": 404,
        "message": "API_CREDENTIAL_NOT_FOUND"
    }
}
----------------------------------------
[2026-06-25 00:41:27] ❌ Erro
Dados: {
    "message": "Erro na API Utmify. HTTP Code: 404"
}
----------------------------------------
[2026-06-25 00:41:31] 📥 Dados recebidos do PayHubr
Dados: {
    "raw": "{\"orderId\":8693666,\"platform\":\"MinhaPlataforma\",\"paymentMethod\":\"pix\",\"status\":\"waiting_payment\",\"createdAt\":\"2026-06-24 21:41:31\",\"approvedDate\":null,\"refundedAt\":null,\"customer\":{\"name\":\"Gustavo Vieira Almeida\",\"email\":\"gustavo.vieira.almeida@email.com\",\"phone\":\"11999999999\",\"document\":\"86942306231\",\"country\":\"BR\",\"ip\":\"177.71.100.75\",\"userAgent\":\"Mozilla\\\/5.0 (iPhone; CPU iPhone OS 26_3_1 like Mac OS X) AppleWebKit\\\/605.1.15 (KHTML, like Gecko) Mobile\\\/23D8133 Barcelona 435.0.0.14.71 (iPhone14,8; iOS 26_3_1; pt_BR; pt; scale=3.00; 1284x2778; IABMV\\\/1; 999362854)\",\"externalId\":8693666,\"fbp\":null,\"fbc\":null},\"products\":[{\"id\":\"PROD_6a3c793b1b4ee\",\"name\":\"Produto 85\",\"planId\":null,\"planName\":null,\"quantity\":1,\"priceInCents\":\"8500\"}],\"trackingParameters\":{\"utm_source\":\"FBjLj6a3c78a50f4ff07732e5f1bd\",\"utm_medium\":\"ADV|120252150072880045\",\"utm_campaign\":\"CTV 01 PND \\u2014 C\\u00f3pia|120252150072990045\",\"utm_content\":\"AD|120252150072960045\",\"utm_term\":\"Threads_Feed\"},\"commission\":{\"totalPriceInCents\":\"8500\",\"gatewayFeeInCents\":0,\"userCommissionInCents\":\"8500\"},\"isTest\":false}"
}
----------------------------------------
[2026-06-25 00:41:31] 🔄 Processando dados recebidos
Dados: {
    "orderId": 8693666,
    "platform": "MinhaPlataforma",
    "paymentMethod": "pix",
    "status": "waiting_payment",
    "createdAt": "2026-06-24 21:41:31",
    "approvedDate": null,
    "refundedAt": null,
    "customer": {
        "name": "Gustavo Vieira Almeida",
        "email": "gustavo.vieira.almeida@email.com",
        "phone": "11999999999",
        "document": "86942306231",
        "country": "BR",
        "ip": "177.71.100.75",
        "userAgent": "Mozilla\/5.0 (iPhone; CPU iPhone OS 26_3_1 like Mac OS X) AppleWebKit\/605.1.15 (KHTML, like Gecko) Mobile\/23D8133 Barcelona 435.0.0.14.71 (iPhone14,8; iOS 26_3_1; pt_BR; pt; scale=3.00; 1284x2778; IABMV\/1; 999362854)",
        "externalId": 8693666,
        "fbp": null,
        "fbc": null
    },
    "products": [
        {
            "id": "PROD_6a3c793b1b4ee",
            "name": "Produto 85",
            "planId": null,
            "planName": null,
            "quantity": 1,
            "priceInCents": "8500"
        }
    ],
    "trackingParameters": {
        "utm_source": "FBjLj6a3c78a50f4ff07732e5f1bd",
        "utm_medium": "ADV|120252150072880045",
        "utm_campaign": "CTV 01 PND \u2014 C\u00f3pia|120252150072990045",
        "utm_content": "AD|120252150072960045",
        "utm_term": "Threads_Feed"
    },
    "commission": {
        "totalPriceInCents": "8500",
        "gatewayFeeInCents": 0,
        "userCommissionInCents": "8500"
    },
    "isTest": false
}
----------------------------------------
[2026-06-25 00:41:31] 📤 Dados formatados para Utmify
Dados: {
    "orderId": 8693666,
    "platform": "PayHubr",
    "paymentMethod": "pix",
    "status": "waiting_payment",
    "createdAt": "2026-06-25 00:41:31",
    "approvedDate": null,
    "refundedAt": null,
    "customer": {
        "name": "Gustavo Vieira Almeida",
        "email": "gustavo.vieira.almeida@email.com",
        "phone": null,
        "document": "86942306231",
        "country": "BR",
        "ip": "78.40.143.130"
    },
    "products": [
        {
            "id": "PROD_6a3c793b1b4ee",
            "name": "Produto 85",
            "planId": null,
            "planName": null,
            "quantity": 1,
            "priceInCents": "8500"
        }
    ],
    "trackingParameters": {
        "src": null,
        "sck": null,
        "utm_source": "FBjLj6a3c78a50f4ff07732e5f1bd",
        "utm_campaign": "CTV 01 PND \u2014 C\u00f3pia|120252150072990045",
        "utm_medium": "ADV|120252150072880045",
        "utm_content": "AD|120252150072960045",
        "utm_term": "Threads_Feed",
        "xcod": null,
        "fbclid": null,
        "gclid": null,
        "ttclid": null
    },
    "commission": {
        "totalPriceInCents": "8500",
        "gatewayFeeInCents": 0,
        "userCommissionInCents": "8500"
    },
    "isTest": false
}
----------------------------------------
[2026-06-25 00:41:31] 📡 Enviando requisição para Utmify
Dados: {
    "url": "https:\/\/api.utmify.com.br\/api-credentials\/orders",
    "headers": [
        "Content-Type: application\/json",
        "x-api-token: [REDACTED]"
    ]
}
----------------------------------------
[2026-06-25 00:41:31] ✅ Resposta da API Utmify
Dados: {
    "http_code": 404,
    "response": {
        "OK": false,
        "data": {
            "type": "API_CREDENTIAL"
        },
        "result": "ERROR",
        "statusCode": 404,
        "message": "API_CREDENTIAL_NOT_FOUND"
    }
}
----------------------------------------
[2026-06-25 00:41:31] ❌ Erro
Dados: {
    "message": "Erro na API Utmify. HTTP Code: 404"
}
----------------------------------------
[2026-06-25 00:41:59] 📥 Dados recebidos do PayHubr
Dados: {
    "raw": "{\"orderId\":8693673,\"platform\":\"MinhaPlataforma\",\"paymentMethod\":\"pix\",\"status\":\"waiting_payment\",\"createdAt\":\"2026-06-24 21:41:59\",\"approvedDate\":null,\"refundedAt\":null,\"customer\":{\"name\":\"Isabella Martins Alves\",\"email\":\"isabella.martins.alves@email.com\",\"phone\":\"11999999999\",\"document\":\"84670714864\",\"country\":\"BR\",\"ip\":\"2804:81b4:4303:a829:39:cb4d:a0b0:79cf\",\"userAgent\":\"Mozilla\\\/5.0 (Linux; Android 11; SM-A205G Build\\\/RP1A.200720.012; wv) AppleWebKit\\\/537.36 (KHTML, like Gecko) Version\\\/4.0 Chrome\\\/149.0.7827.107 Mobile Safari\\\/537.36 [FB_IAB\\\/FB4A;FBAV\\\/565.0.0.49.74;IABMV\\\/1;]\",\"externalId\":8693673,\"fbp\":null,\"fbc\":null},\"products\":[{\"id\":\"PROD_6a3c7957559db\",\"name\":\"Produto 85\",\"planId\":null,\"planName\":null,\"quantity\":1,\"priceInCents\":\"8500\"}],\"trackingParameters\":{\"utm_source\":\"FBjLj6a3c77a79cda8281ce639ecb\",\"utm_medium\":\"ADV|120252150072920045\",\"utm_campaign\":\"CTV 11 PND \\u2014 C\\u00f3pia|120252150072980045\",\"utm_content\":\"AD|120252150072940045\",\"utm_term\":\"Facebook_Mobile_Reels\"},\"commission\":{\"totalPriceInCents\":\"8500\",\"gatewayFeeInCents\":0,\"userCommissionInCents\":\"8500\"},\"isTest\":false}"
}
----------------------------------------
[2026-06-25 00:41:59] 🔄 Processando dados recebidos
Dados: {
    "orderId": 8693673,
    "platform": "MinhaPlataforma",
    "paymentMethod": "pix",
    "status": "waiting_payment",
    "createdAt": "2026-06-24 21:41:59",
    "approvedDate": null,
    "refundedAt": null,
    "customer": {
        "name": "Isabella Martins Alves",
        "email": "isabella.martins.alves@email.com",
        "phone": "11999999999",
        "document": "84670714864",
        "country": "BR",
        "ip": "2804:81b4:4303:a829:39:cb4d:a0b0:79cf",
        "userAgent": "Mozilla\/5.0 (Linux; Android 11; SM-A205G Build\/RP1A.200720.012; wv) AppleWebKit\/537.36 (KHTML, like Gecko) Version\/4.0 Chrome\/149.0.7827.107 Mobile Safari\/537.36 [FB_IAB\/FB4A;FBAV\/565.0.0.49.74;IABMV\/1;]",
        "externalId": 8693673,
        "fbp": null,
        "fbc": null
    },
    "products": [
        {
            "id": "PROD_6a3c7957559db",
            "name": "Produto 85",
            "planId": null,
            "planName": null,
            "quantity": 1,
            "priceInCents": "8500"
        }
    ],
    "trackingParameters": {
        "utm_source": "FBjLj6a3c77a79cda8281ce639ecb",
        "utm_medium": "ADV|120252150072920045",
        "utm_campaign": "CTV 11 PND \u2014 C\u00f3pia|120252150072980045",
        "utm_content": "AD|120252150072940045",
        "utm_term": "Facebook_Mobile_Reels"
    },
    "commission": {
        "totalPriceInCents": "8500",
        "gatewayFeeInCents": 0,
        "userCommissionInCents": "8500"
    },
    "isTest": false
}
----------------------------------------
[2026-06-25 00:41:59] 📤 Dados formatados para Utmify
Dados: {
    "orderId": 8693673,
    "platform": "PayHubr",
    "paymentMethod": "pix",
    "status": "waiting_payment",
    "createdAt": "2026-06-25 00:41:59",
    "approvedDate": null,
    "refundedAt": null,
    "customer": {
        "name": "Isabella Martins Alves",
        "email": "isabella.martins.alves@email.com",
        "phone": null,
        "document": "84670714864",
        "country": "BR",
        "ip": "78.40.143.130"
    },
    "products": [
        {
            "id": "PROD_6a3c7957559db",
            "name": "Produto 85",
            "planId": null,
            "planName": null,
            "quantity": 1,
            "priceInCents": "8500"
        }
    ],
    "trackingParameters": {
        "src": null,
        "sck": null,
        "utm_source": "FBjLj6a3c77a79cda8281ce639ecb",
        "utm_campaign": "CTV 11 PND \u2014 C\u00f3pia|120252150072980045",
        "utm_medium": "ADV|120252150072920045",
        "utm_content": "AD|120252150072940045",
        "utm_term": "Facebook_Mobile_Reels",
        "xcod": null,
        "fbclid": null,
        "gclid": null,
        "ttclid": null
    },
    "commission": {
        "totalPriceInCents": "8500",
        "gatewayFeeInCents": 0,
        "userCommissionInCents": "8500"
    },
    "isTest": false
}
----------------------------------------
[2026-06-25 00:41:59] 📡 Enviando requisição para Utmify
Dados: {
    "url": "https:\/\/api.utmify.com.br\/api-credentials\/orders",
    "headers": [
        "Content-Type: application\/json",
        "x-api-token: [REDACTED]"
    ]
}
----------------------------------------
[2026-06-25 00:41:59] ✅ Resposta da API Utmify
Dados: {
    "http_code": 404,
    "response": {
        "OK": false,
        "data": {
            "type": "API_CREDENTIAL"
        },
        "result": "ERROR",
        "statusCode": 404,
        "message": "API_CREDENTIAL_NOT_FOUND"
    }
}
----------------------------------------
[2026-06-25 00:41:59] ❌ Erro
Dados: {
    "message": "Erro na API Utmify. HTTP Code: 404"
}
----------------------------------------
[2026-06-25 00:43:12] 📥 Dados recebidos do PayHubr
Dados: {
    "raw": "{\"orderId\":8693692,\"platform\":\"MinhaPlataforma\",\"paymentMethod\":\"pix\",\"status\":\"waiting_payment\",\"createdAt\":\"2026-06-24 21:43:12\",\"approvedDate\":null,\"refundedAt\":null,\"customer\":{\"name\":\"Thiago Vieira Almeida\",\"email\":\"thiago.vieira.almeida@email.com\",\"phone\":\"11999999999\",\"document\":\"09780370579\",\"country\":\"BR\",\"ip\":\"2804:389:a135:7266:0:65:c869:e301\",\"userAgent\":\"Mozilla\\\/5.0 (Linux; Android 15; SM-S921B Build\\\/AP3A.240905.015.A2) AppleWebKit\\\/537.36 (KHTML, like Gecko) Version\\\/4.0 Chrome\\\/149.0.7827.150 Mobile Safari\\\/537.36 [FB_IAB\\\/FB4A;FBAV\\\/566.0.0.48.73;IABMV\\\/1;]\",\"externalId\":8693692,\"fbp\":null,\"fbc\":null},\"products\":[{\"id\":\"PROD_6a3c79a05b6f8\",\"name\":\"Produto 85\",\"planId\":null,\"planName\":null,\"quantity\":1,\"priceInCents\":\"8500\"}],\"trackingParameters\":{\"utm_source\":\"FBjLj6a3c78c3d5ee016d31ce4bfd\",\"utm_medium\":\"ADV|120252229294070045\",\"utm_campaign\":\"CTV 01 PND \\u2014 C\\u00f3pia|120252229293700045\",\"utm_content\":\"AD|120252229294270045\",\"utm_term\":\"Facebook_Mobile_Reels\"},\"commission\":{\"totalPriceInCents\":\"8500\",\"gatewayFeeInCents\":0,\"userCommissionInCents\":\"8500\"},\"isTest\":false}"
}
----------------------------------------
[2026-06-25 00:43:12] 🔄 Processando dados recebidos
Dados: {
    "orderId": 8693692,
    "platform": "MinhaPlataforma",
    "paymentMethod": "pix",
    "status": "waiting_payment",
    "createdAt": "2026-06-24 21:43:12",
    "approvedDate": null,
    "refundedAt": null,
    "customer": {
        "name": "Thiago Vieira Almeida",
        "email": "thiago.vieira.almeida@email.com",
        "phone": "11999999999",
        "document": "09780370579",
        "country": "BR",
        "ip": "2804:389:a135:7266:0:65:c869:e301",
        "userAgent": "Mozilla\/5.0 (Linux; Android 15; SM-S921B Build\/AP3A.240905.015.A2) AppleWebKit\/537.36 (KHTML, like Gecko) Version\/4.0 Chrome\/149.0.7827.150 Mobile Safari\/537.36 [FB_IAB\/FB4A;FBAV\/566.0.0.48.73;IABMV\/1;]",
        "externalId": 8693692,
        "fbp": null,
        "fbc": null
    },
    "products": [
        {
            "id": "PROD_6a3c79a05b6f8",
            "name": "Produto 85",
            "planId": null,
            "planName": null,
            "quantity": 1,
            "priceInCents": "8500"
        }
    ],
    "trackingParameters": {
        "utm_source": "FBjLj6a3c78c3d5ee016d31ce4bfd",
        "utm_medium": "ADV|120252229294070045",
        "utm_campaign": "CTV 01 PND \u2014 C\u00f3pia|120252229293700045",
        "utm_content": "AD|120252229294270045",
        "utm_term": "Facebook_Mobile_Reels"
    },
    "commission": {
        "totalPriceInCents": "8500",
        "gatewayFeeInCents": 0,
        "userCommissionInCents": "8500"
    },
    "isTest": false
}
----------------------------------------
[2026-06-25 00:43:12] 📤 Dados formatados para Utmify
Dados: {
    "orderId": 8693692,
    "platform": "PayHubr",
    "paymentMethod": "pix",
    "status": "waiting_payment",
    "createdAt": "2026-06-25 00:43:12",
    "approvedDate": null,
    "refundedAt": null,
    "customer": {
        "name": "Thiago Vieira Almeida",
        "email": "thiago.vieira.almeida@email.com",
        "phone": null,
        "document": "09780370579",
        "country": "BR",
        "ip": "78.40.143.130"
    },
    "products": [
        {
            "id": "PROD_6a3c79a05b6f8",
            "name": "Produto 85",
            "planId": null,
            "planName": null,
            "quantity": 1,
            "priceInCents": "8500"
        }
    ],
    "trackingParameters": {
        "src": null,
        "sck": null,
        "utm_source": "FBjLj6a3c78c3d5ee016d31ce4bfd",
        "utm_campaign": "CTV 01 PND \u2014 C\u00f3pia|120252229293700045",
        "utm_medium": "ADV|120252229294070045",
        "utm_content": "AD|120252229294270045",
        "utm_term": "Facebook_Mobile_Reels",
        "xcod": null,
        "fbclid": null,
        "gclid": null,
        "ttclid": null
    },
    "commission": {
        "totalPriceInCents": "8500",
        "gatewayFeeInCents": 0,
        "userCommissionInCents": "8500"
    },
    "isTest": false
}
----------------------------------------
[2026-06-25 00:43:12] 📡 Enviando requisição para Utmify
Dados: {
    "url": "https:\/\/api.utmify.com.br\/api-credentials\/orders",
    "headers": [
        "Content-Type: application\/json",
        "x-api-token: [REDACTED]"
    ]
}
----------------------------------------
[2026-06-25 00:43:12] ✅ Resposta da API Utmify
Dados: {
    "http_code": 404,
    "response": {
        "OK": false,
        "data": {
            "type": "API_CREDENTIAL"
        },
        "result": "ERROR",
        "statusCode": 404,
        "message": "API_CREDENTIAL_NOT_FOUND"
    }
}
----------------------------------------
[2026-06-25 00:43:12] ❌ Erro
Dados: {
    "message": "Erro na API Utmify. HTTP Code: 404"
}
----------------------------------------
[2026-06-25 00:43:28] 📥 Dados recebidos do PayHubr
Dados: {
    "raw": "{\"orderId\":8693698,\"platform\":\"MinhaPlataforma\",\"paymentMethod\":\"pix\",\"status\":\"waiting_payment\",\"createdAt\":\"2026-06-24 21:43:28\",\"approvedDate\":null,\"refundedAt\":null,\"customer\":{\"name\":\"Julia Santos Costa\",\"email\":\"julia.santos.costa@email.com\",\"phone\":\"11999999999\",\"document\":\"34722239282\",\"country\":\"BR\",\"ip\":\"2804:14c:65d1:80bc:8f3a:d5d6:5ed0:ed19\",\"userAgent\":\"Mozilla\\\/5.0 (Linux; Android 15; SM-M146B Build\\\/AP3A.240905.015.A2) AppleWebKit\\\/537.36 (KHTML, like Gecko) Version\\\/4.0 Chrome\\\/149.0.7827.150 Mobile Safari\\\/537.36 [FB_IAB\\\/FB4A;FBAV\\\/566.0.0.48.73;IABMV\\\/1;]\",\"externalId\":8693698,\"fbp\":null,\"fbc\":null},\"products\":[{\"id\":\"PROD_6a3c79b055b3f\",\"name\":\"Produto 85\",\"planId\":null,\"planName\":null,\"quantity\":1,\"priceInCents\":\"8500\"}],\"trackingParameters\":{\"utm_source\":\"FBjLj6a3c74605278289032a66b9a\",\"utm_medium\":\"ADV|120252229294100045\",\"utm_campaign\":\"CTV 11 PND \\u2014 C\\u00f3pia \\u2014 C\\u00f3pia|120252229294460045\",\"utm_content\":\"AD|120252229293720045\",\"utm_term\":\"Facebook_Mobile_Reels\"},\"commission\":{\"totalPriceInCents\":\"8500\",\"gatewayFeeInCents\":0,\"userCommissionInCents\":\"8500\"},\"isTest\":false}"
}
----------------------------------------
[2026-06-25 00:43:28] 🔄 Processando dados recebidos
Dados: {
    "orderId": 8693698,
    "platform": "MinhaPlataforma",
    "paymentMethod": "pix",
    "status": "waiting_payment",
    "createdAt": "2026-06-24 21:43:28",
    "approvedDate": null,
    "refundedAt": null,
    "customer": {
        "name": "Julia Santos Costa",
        "email": "julia.santos.costa@email.com",
        "phone": "11999999999",
        "document": "34722239282",
        "country": "BR",
        "ip": "2804:14c:65d1:80bc:8f3a:d5d6:5ed0:ed19",
        "userAgent": "Mozilla\/5.0 (Linux; Android 15; SM-M146B Build\/AP3A.240905.015.A2) AppleWebKit\/537.36 (KHTML, like Gecko) Version\/4.0 Chrome\/149.0.7827.150 Mobile Safari\/537.36 [FB_IAB\/FB4A;FBAV\/566.0.0.48.73;IABMV\/1;]",
        "externalId": 8693698,
        "fbp": null,
        "fbc": null
    },
    "products": [
        {
            "id": "PROD_6a3c79b055b3f",
            "name": "Produto 85",
            "planId": null,
            "planName": null,
            "quantity": 1,
            "priceInCents": "8500"
        }
    ],
    "trackingParameters": {
        "utm_source": "FBjLj6a3c74605278289032a66b9a",
        "utm_medium": "ADV|120252229294100045",
        "utm_campaign": "CTV 11 PND \u2014 C\u00f3pia \u2014 C\u00f3pia|120252229294460045",
        "utm_content": "AD|120252229293720045",
        "utm_term": "Facebook_Mobile_Reels"
    },
    "commission": {
        "totalPriceInCents": "8500",
        "gatewayFeeInCents": 0,
        "userCommissionInCents": "8500"
    },
    "isTest": false
}
----------------------------------------
[2026-06-25 00:43:28] 📤 Dados formatados para Utmify
Dados: {
    "orderId": 8693698,
    "platform": "PayHubr",
    "paymentMethod": "pix",
    "status": "waiting_payment",
    "createdAt": "2026-06-25 00:43:28",
    "approvedDate": null,
    "refundedAt": null,
    "customer": {
        "name": "Julia Santos Costa",
        "email": "julia.santos.costa@email.com",
        "phone": null,
        "document": "34722239282",
        "country": "BR",
        "ip": "78.40.143.130"
    },
    "products": [
        {
            "id": "PROD_6a3c79b055b3f",
            "name": "Produto 85",
            "planId": null,
            "planName": null,
            "quantity": 1,
            "priceInCents": "8500"
        }
    ],
    "trackingParameters": {
        "src": null,
        "sck": null,
        "utm_source": "FBjLj6a3c74605278289032a66b9a",
        "utm_campaign": "CTV 11 PND \u2014 C\u00f3pia \u2014 C\u00f3pia|120252229294460045",
        "utm_medium": "ADV|120252229294100045",
        "utm_content": "AD|120252229293720045",
        "utm_term": "Facebook_Mobile_Reels",
        "xcod": null,
        "fbclid": null,
        "gclid": null,
        "ttclid": null
    },
    "commission": {
        "totalPriceInCents": "8500",
        "gatewayFeeInCents": 0,
        "userCommissionInCents": "8500"
    },
    "isTest": false
}
----------------------------------------
[2026-06-25 00:43:28] 📡 Enviando requisição para Utmify
Dados: {
    "url": "https:\/\/api.utmify.com.br\/api-credentials\/orders",
    "headers": [
        "Content-Type: application\/json",
        "x-api-token: [REDACTED]"
    ]
}
----------------------------------------
[2026-06-25 00:43:28] ✅ Resposta da API Utmify
Dados: {
    "http_code": 404,
    "response": {
        "OK": false,
        "data": {
            "type": "API_CREDENTIAL"
        },
        "result": "ERROR",
        "statusCode": 404,
        "message": "API_CREDENTIAL_NOT_FOUND"
    }
}
----------------------------------------
[2026-06-25 00:43:28] ❌ Erro
Dados: {
    "message": "Erro na API Utmify. HTTP Code: 404"
}
----------------------------------------
[2026-06-25 00:44:19] 📥 Dados recebidos do PayHubr
Dados: {
    "raw": "{\"orderId\":8693709,\"platform\":\"MinhaPlataforma\",\"paymentMethod\":\"pix\",\"status\":\"waiting_payment\",\"createdAt\":\"2026-06-24 21:44:19\",\"approvedDate\":null,\"refundedAt\":null,\"customer\":{\"name\":\"Ana Lima Carvalho\",\"email\":\"ana.lima.carvalho@email.com\",\"phone\":\"11999999999\",\"document\":\"90784842760\",\"country\":\"BR\",\"ip\":\"201.218.162.168\",\"userAgent\":\"Mozilla\\\/5.0 (Linux; Android 16; 2409BRN2CL Build\\\/BP2A.250605.031.A3) AppleWebKit\\\/537.36 (KHTML, like Gecko) Version\\\/4.0 Chrome\\\/149.0.7827.150 Mobile Safari\\\/537.36 [FB_IAB\\\/FB4A;FBAV\\\/566.0.0.48.73;IABMV\\\/1;]\",\"externalId\":8693709,\"fbp\":null,\"fbc\":null},\"products\":[{\"id\":\"PROD_6a3c79e323831\",\"name\":\"Produto 85\",\"planId\":null,\"planName\":null,\"quantity\":1,\"priceInCents\":\"8500\"}],\"trackingParameters\":{\"utm_source\":\"jLj6a3c761a34263042b06af687\"},\"commission\":{\"totalPriceInCents\":\"8500\",\"gatewayFeeInCents\":0,\"userCommissionInCents\":\"8500\"},\"isTest\":false}"
}
----------------------------------------
[2026-06-25 00:44:19] 🔄 Processando dados recebidos
Dados: {
    "orderId": 8693709,
    "platform": "MinhaPlataforma",
    "paymentMethod": "pix",
    "status": "waiting_payment",
    "createdAt": "2026-06-24 21:44:19",
    "approvedDate": null,
    "refundedAt": null,
    "customer": {
        "name": "Ana Lima Carvalho",
        "email": "ana.lima.carvalho@email.com",
        "phone": "11999999999",
        "document": "90784842760",
        "country": "BR",
        "ip": "201.218.162.168",
        "userAgent": "Mozilla\/5.0 (Linux; Android 16; 2409BRN2CL Build\/BP2A.250605.031.A3) AppleWebKit\/537.36 (KHTML, like Gecko) Version\/4.0 Chrome\/149.0.7827.150 Mobile Safari\/537.36 [FB_IAB\/FB4A;FBAV\/566.0.0.48.73;IABMV\/1;]",
        "externalId": 8693709,
        "fbp": null,
        "fbc": null
    },
    "products": [
        {
            "id": "PROD_6a3c79e323831",
            "name": "Produto 85",
            "planId": null,
            "planName": null,
            "quantity": 1,
            "priceInCents": "8500"
        }
    ],
    "trackingParameters": {
        "utm_source": "jLj6a3c761a34263042b06af687"
    },
    "commission": {
        "totalPriceInCents": "8500",
        "gatewayFeeInCents": 0,
        "userCommissionInCents": "8500"
    },
    "isTest": false
}
----------------------------------------
[2026-06-25 00:44:19] 📤 Dados formatados para Utmify
Dados: {
    "orderId": 8693709,
    "platform": "PayHubr",
    "paymentMethod": "pix",
    "status": "waiting_payment",
    "createdAt": "2026-06-25 00:44:19",
    "approvedDate": null,
    "refundedAt": null,
    "customer": {
        "name": "Ana Lima Carvalho",
        "email": "ana.lima.carvalho@email.com",
        "phone": null,
        "document": "90784842760",
        "country": "BR",
        "ip": "78.40.143.130"
    },
    "products": [
        {
            "id": "PROD_6a3c79e323831",
            "name": "Produto 85",
            "planId": null,
            "planName": null,
            "quantity": 1,
            "priceInCents": "8500"
        }
    ],
    "trackingParameters": {
        "src": null,
        "sck": null,
        "utm_source": "jLj6a3c761a34263042b06af687",
        "utm_campaign": null,
        "utm_medium": null,
        "utm_content": null,
        "utm_term": null,
        "xcod": null,
        "fbclid": null,
        "gclid": null,
        "ttclid": null
    },
    "commission": {
        "totalPriceInCents": "8500",
        "gatewayFeeInCents": 0,
        "userCommissionInCents": "8500"
    },
    "isTest": false
}
----------------------------------------
[2026-06-25 00:44:19] 📡 Enviando requisição para Utmify
Dados: {
    "url": "https:\/\/api.utmify.com.br\/api-credentials\/orders",
    "headers": [
        "Content-Type: application\/json",
        "x-api-token: [REDACTED]"
    ]
}
----------------------------------------
[2026-06-25 00:44:19] ✅ Resposta da API Utmify
Dados: {
    "http_code": 404,
    "response": {
        "OK": false,
        "data": {
            "type": "API_CREDENTIAL"
        },
        "result": "ERROR",
        "statusCode": 404,
        "message": "API_CREDENTIAL_NOT_FOUND"
    }
}
----------------------------------------
[2026-06-25 00:44:19] ❌ Erro
Dados: {
    "message": "Erro na API Utmify. HTTP Code: 404"
}
----------------------------------------
[2026-06-25 00:44:31] 📥 Dados recebidos do PayHubr
Dados: {
    "raw": "{\"orderId\":8693717,\"platform\":\"MinhaPlataforma\",\"paymentMethod\":\"pix\",\"status\":\"waiting_payment\",\"createdAt\":\"2026-06-24 21:44:30\",\"approvedDate\":null,\"refundedAt\":null,\"customer\":{\"name\":\"Bernardo Soares Souza\",\"email\":\"bernardo.soares.souza@email.com\",\"phone\":\"11999999999\",\"document\":\"86890693051\",\"country\":\"BR\",\"ip\":\"2804:1b3:aac3:34b8:201c:40b3:2149:92ea\",\"userAgent\":\"Mozilla\\\/5.0 (Linux; Android 12; moto e22 Build\\\/SOVS32.121-56-47; wv) AppleWebKit\\\/537.36 (KHTML, like Gecko) Version\\\/4.0 Chrome\\\/149.0.7827.150 Mobile Safari\\\/537.36 [FB_IAB\\\/FB4A;FBAV\\\/566.0.0.48.73;IABMV\\\/1;]\",\"externalId\":8693717,\"fbp\":null,\"fbc\":null},\"products\":[{\"id\":\"PROD_6a3c79eeebc21\",\"name\":\"Produto 85\",\"planId\":null,\"planName\":null,\"quantity\":1,\"priceInCents\":\"8500\"}],\"trackingParameters\":{\"utm_source\":\"FBjLj6a3c630088be114dbd1fdc2d\",\"utm_medium\":\"ADV|120252150072920045\",\"utm_campaign\":\"CTV 11 PND \\u2014 C\\u00f3pia|120252150072980045\",\"utm_content\":\"AD|120252150072940045\",\"utm_term\":\"Facebook_Mobile_Reels\"},\"commission\":{\"totalPriceInCents\":\"8500\",\"gatewayFeeInCents\":0,\"userCommissionInCents\":\"8500\"},\"isTest\":false}"
}
----------------------------------------
[2026-06-25 00:44:31] 🔄 Processando dados recebidos
Dados: {
    "orderId": 8693717,
    "platform": "MinhaPlataforma",
    "paymentMethod": "pix",
    "status": "waiting_payment",
    "createdAt": "2026-06-24 21:44:30",
    "approvedDate": null,
    "refundedAt": null,
    "customer": {
        "name": "Bernardo Soares Souza",
        "email": "bernardo.soares.souza@email.com",
        "phone": "11999999999",
        "document": "86890693051",
        "country": "BR",
        "ip": "2804:1b3:aac3:34b8:201c:40b3:2149:92ea",
        "userAgent": "Mozilla\/5.0 (Linux; Android 12; moto e22 Build\/SOVS32.121-56-47; wv) AppleWebKit\/537.36 (KHTML, like Gecko) Version\/4.0 Chrome\/149.0.7827.150 Mobile Safari\/537.36 [FB_IAB\/FB4A;FBAV\/566.0.0.48.73;IABMV\/1;]",
        "externalId": 8693717,
        "fbp": null,
        "fbc": null
    },
    "products": [
        {
            "id": "PROD_6a3c79eeebc21",
            "name": "Produto 85",
            "planId": null,
            "planName": null,
            "quantity": 1,
            "priceInCents": "8500"
        }
    ],
    "trackingParameters": {
        "utm_source": "FBjLj6a3c630088be114dbd1fdc2d",
        "utm_medium": "ADV|120252150072920045",
        "utm_campaign": "CTV 11 PND \u2014 C\u00f3pia|120252150072980045",
        "utm_content": "AD|120252150072940045",
        "utm_term": "Facebook_Mobile_Reels"
    },
    "commission": {
        "totalPriceInCents": "8500",
        "gatewayFeeInCents": 0,
        "userCommissionInCents": "8500"
    },
    "isTest": false
}
----------------------------------------
[2026-06-25 00:44:31] 📤 Dados formatados para Utmify
Dados: {
    "orderId": 8693717,
    "platform": "PayHubr",
    "paymentMethod": "pix",
    "status": "waiting_payment",
    "createdAt": "2026-06-25 00:44:31",
    "approvedDate": null,
    "refundedAt": null,
    "customer": {
        "name": "Bernardo Soares Souza",
        "email": "bernardo.soares.souza@email.com",
        "phone": null,
        "document": "86890693051",
        "country": "BR",
        "ip": "78.40.143.130"
    },
    "products": [
        {
            "id": "PROD_6a3c79eeebc21",
            "name": "Produto 85",
            "planId": null,
            "planName": null,
            "quantity": 1,
            "priceInCents": "8500"
        }
    ],
    "trackingParameters": {
        "src": null,
        "sck": null,
        "utm_source": "FBjLj6a3c630088be114dbd1fdc2d",
        "utm_campaign": "CTV 11 PND \u2014 C\u00f3pia|120252150072980045",
        "utm_medium": "ADV|120252150072920045",
        "utm_content": "AD|120252150072940045",
        "utm_term": "Facebook_Mobile_Reels",
        "xcod": null,
        "fbclid": null,
        "gclid": null,
        "ttclid": null
    },
    "commission": {
        "totalPriceInCents": "8500",
        "gatewayFeeInCents": 0,
        "userCommissionInCents": "8500"
    },
    "isTest": false
}
----------------------------------------
[2026-06-25 00:44:31] 📡 Enviando requisição para Utmify
Dados: {
    "url": "https:\/\/api.utmify.com.br\/api-credentials\/orders",
    "headers": [
        "Content-Type: application\/json",
        "x-api-token: [REDACTED]"
    ]
}
----------------------------------------
[2026-06-25 00:44:31] ✅ Resposta da API Utmify
Dados: {
    "http_code": 404,
    "response": {
        "OK": false,
        "data": {
            "type": "API_CREDENTIAL"
        },
        "result": "ERROR",
        "statusCode": 404,
        "message": "API_CREDENTIAL_NOT_FOUND"
    }
}
----------------------------------------
[2026-06-25 00:44:31] ❌ Erro
Dados: {
    "message": "Erro na API Utmify. HTTP Code: 404"
}
----------------------------------------
[2026-06-25 00:44:42] 📥 Dados recebidos do PayHubr
Dados: {
    "raw": "{\"orderId\":8693719,\"platform\":\"MinhaPlataforma\",\"paymentMethod\":\"pix\",\"status\":\"waiting_payment\",\"createdAt\":\"2026-06-24 21:44:42\",\"approvedDate\":null,\"refundedAt\":null,\"customer\":{\"name\":\"Isabella Oliveira Pereira\",\"email\":\"isabella.oliveira.pereira@email.com\",\"phone\":\"11999999999\",\"document\":\"84449946260\",\"country\":\"BR\",\"ip\":\"2804:c90:f12f:a600:d89b:5452:9300:4fba\",\"userAgent\":\"Mozilla\\\/5.0 (iPhone; CPU iPhone OS 26_5 like Mac OS X) AppleWebKit\\\/605.1.15 (KHTML, like Gecko) Mobile\\\/23F77 Instagram 434.0.0.28.78 (iPhone14,7; iOS 26_5; pt_BR; pt; scale=3.00; 1170x2532; IABMV\\\/1; 994860828) Safari\\\/604.1\",\"externalId\":8693719,\"fbp\":null,\"fbc\":null},\"products\":[{\"id\":\"PROD_6a3c79fab5ae6\",\"name\":\"Produto 85\",\"planId\":null,\"planName\":null,\"quantity\":1,\"priceInCents\":\"8500\"}],\"trackingParameters\":{\"utm_source\":\"FBjLj6a3c795bef61eb984e87ba01\",\"utm_medium\":\"ADV|120252150072920045\",\"utm_campaign\":\"CTV 11 PND \\u2014 C\\u00f3pia|120252150072980045\",\"utm_content\":\"AD|120252150072940045\",\"utm_term\":\"Instagram_Stories\"},\"commission\":{\"totalPriceInCents\":\"8500\",\"gatewayFeeInCents\":0,\"userCommissionInCents\":\"8500\"},\"isTest\":false}"
}
----------------------------------------
[2026-06-25 00:44:42] 🔄 Processando dados recebidos
Dados: {
    "orderId": 8693719,
    "platform": "MinhaPlataforma",
    "paymentMethod": "pix",
    "status": "waiting_payment",
    "createdAt": "2026-06-24 21:44:42",
    "approvedDate": null,
    "refundedAt": null,
    "customer": {
        "name": "Isabella Oliveira Pereira",
        "email": "isabella.oliveira.pereira@email.com",
        "phone": "11999999999",
        "document": "84449946260",
        "country": "BR",
        "ip": "2804:c90:f12f:a600:d89b:5452:9300:4fba",
        "userAgent": "Mozilla\/5.0 (iPhone; CPU iPhone OS 26_5 like Mac OS X) AppleWebKit\/605.1.15 (KHTML, like Gecko) Mobile\/23F77 Instagram 434.0.0.28.78 (iPhone14,7; iOS 26_5; pt_BR; pt; scale=3.00; 1170x2532; IABMV\/1; 994860828) Safari\/604.1",
        "externalId": 8693719,
        "fbp": null,
        "fbc": null
    },
    "products": [
        {
            "id": "PROD_6a3c79fab5ae6",
            "name": "Produto 85",
            "planId": null,
            "planName": null,
            "quantity": 1,
            "priceInCents": "8500"
        }
    ],
    "trackingParameters": {
        "utm_source": "FBjLj6a3c795bef61eb984e87ba01",
        "utm_medium": "ADV|120252150072920045",
        "utm_campaign": "CTV 11 PND \u2014 C\u00f3pia|120252150072980045",
        "utm_content": "AD|120252150072940045",
        "utm_term": "Instagram_Stories"
    },
    "commission": {
        "totalPriceInCents": "8500",
        "gatewayFeeInCents": 0,
        "userCommissionInCents": "8500"
    },
    "isTest": false
}
----------------------------------------
[2026-06-25 00:44:42] 📤 Dados formatados para Utmify
Dados: {
    "orderId": 8693719,
    "platform": "PayHubr",
    "paymentMethod": "pix",
    "status": "waiting_payment",
    "createdAt": "2026-06-25 00:44:42",
    "approvedDate": null,
    "refundedAt": null,
    "customer": {
        "name": "Isabella Oliveira Pereira",
        "email": "isabella.oliveira.pereira@email.com",
        "phone": null,
        "document": "84449946260",
        "country": "BR",
        "ip": "78.40.143.130"
    },
    "products": [
        {
            "id": "PROD_6a3c79fab5ae6",
            "name": "Produto 85",
            "planId": null,
            "planName": null,
            "quantity": 1,
            "priceInCents": "8500"
        }
    ],
    "trackingParameters": {
        "src": null,
        "sck": null,
        "utm_source": "FBjLj6a3c795bef61eb984e87ba01",
        "utm_campaign": "CTV 11 PND \u2014 C\u00f3pia|120252150072980045",
        "utm_medium": "ADV|120252150072920045",
        "utm_content": "AD|120252150072940045",
        "utm_term": "Instagram_Stories",
        "xcod": null,
        "fbclid": null,
        "gclid": null,
        "ttclid": null
    },
    "commission": {
        "totalPriceInCents": "8500",
        "gatewayFeeInCents": 0,
        "userCommissionInCents": "8500"
    },
    "isTest": false
}
----------------------------------------
[2026-06-25 00:44:42] 📡 Enviando requisição para Utmify
Dados: {
    "url": "https:\/\/api.utmify.com.br\/api-credentials\/orders",
    "headers": [
        "Content-Type: application\/json",
        "x-api-token: [REDACTED]"
    ]
}
----------------------------------------
[2026-06-25 00:44:43] ✅ Resposta da API Utmify
Dados: {
    "http_code": 404,
    "response": {
        "OK": false,
        "data": {
            "type": "API_CREDENTIAL"
        },
        "result": "ERROR",
        "statusCode": 404,
        "message": "API_CREDENTIAL_NOT_FOUND"
    }
}
----------------------------------------
[2026-06-25 00:44:43] ❌ Erro
Dados: {
    "message": "Erro na API Utmify. HTTP Code: 404"
}
----------------------------------------
[2026-06-25 00:45:29] 📥 Dados recebidos do PayHubr
Dados: {
    "raw": "{\"orderId\":8693744,\"platform\":\"MinhaPlataforma\",\"paymentMethod\":\"pix\",\"status\":\"waiting_payment\",\"createdAt\":\"2026-06-24 21:45:29\",\"approvedDate\":null,\"refundedAt\":null,\"customer\":{\"name\":\"Pedro Lopes Costa\",\"email\":\"pedro.lopes.costa@email.com\",\"phone\":\"11999999999\",\"document\":\"92910821200\",\"country\":\"BR\",\"ip\":\"177.129.25.82\",\"userAgent\":\"Mozilla\\\/5.0 (iPhone; CPU iPhone OS 26_5 like Mac OS X) AppleWebKit\\\/605.1.15 (KHTML, like Gecko) Mobile\\\/23F77 Instagram 434.0.0.28.78 (iPhone13,2; iOS 26_5; pt_BR; pt; scale=3.00; 1170x2532; IABMV\\\/1; 994860828) NW\\\/1 Safari\\\/604.1\",\"externalId\":8693744,\"fbp\":null,\"fbc\":null},\"products\":[{\"id\":\"PROD_6a3c7a2924e23\",\"name\":\"Produto 85\",\"planId\":null,\"planName\":null,\"quantity\":1,\"priceInCents\":\"8500\"}],\"trackingParameters\":{\"utm_source\":\"FB\",\"utm_medium\":\"ADV|120252150072920045\",\"utm_campaign\":\"CTV 11 PND \\u2014 C\\u00f3pia|120252150072980045\",\"utm_content\":\"AD|120252150072940045\",\"utm_term\":\"Instagram_Stories\"},\"commission\":{\"totalPriceInCents\":\"8500\",\"gatewayFeeInCents\":0,\"userCommissionInCents\":\"8500\"},\"isTest\":false}"
}
----------------------------------------
[2026-06-25 00:45:29] 🔄 Processando dados recebidos
Dados: {
    "orderId": 8693744,
    "platform": "MinhaPlataforma",
    "paymentMethod": "pix",
    "status": "waiting_payment",
    "createdAt": "2026-06-24 21:45:29",
    "approvedDate": null,
    "refundedAt": null,
    "customer": {
        "name": "Pedro Lopes Costa",
        "email": "pedro.lopes.costa@email.com",
        "phone": "11999999999",
        "document": "92910821200",
        "country": "BR",
        "ip": "177.129.25.82",
        "userAgent": "Mozilla\/5.0 (iPhone; CPU iPhone OS 26_5 like Mac OS X) AppleWebKit\/605.1.15 (KHTML, like Gecko) Mobile\/23F77 Instagram 434.0.0.28.78 (iPhone13,2; iOS 26_5; pt_BR; pt; scale=3.00; 1170x2532; IABMV\/1; 994860828) NW\/1 Safari\/604.1",
        "externalId": 8693744,
        "fbp": null,
        "fbc": null
    },
    "products": [
        {
            "id": "PROD_6a3c7a2924e23",
            "name": "Produto 85",
            "planId": null,
            "planName": null,
            "quantity": 1,
            "priceInCents": "8500"
        }
    ],
    "trackingParameters": {
        "utm_source": "FB",
        "utm_medium": "ADV|120252150072920045",
        "utm_campaign": "CTV 11 PND \u2014 C\u00f3pia|120252150072980045",
        "utm_content": "AD|120252150072940045",
        "utm_term": "Instagram_Stories"
    },
    "commission": {
        "totalPriceInCents": "8500",
        "gatewayFeeInCents": 0,
        "userCommissionInCents": "8500"
    },
    "isTest": false
}
----------------------------------------
[2026-06-25 00:45:29] 📤 Dados formatados para Utmify
Dados: {
    "orderId": 8693744,
    "platform": "PayHubr",
    "paymentMethod": "pix",
    "status": "waiting_payment",
    "createdAt": "2026-06-25 00:45:29",
    "approvedDate": null,
    "refundedAt": null,
    "customer": {
        "name": "Pedro Lopes Costa",
        "email": "pedro.lopes.costa@email.com",
        "phone": null,
        "document": "92910821200",
        "country": "BR",
        "ip": "78.40.143.130"
    },
    "products": [
        {
            "id": "PROD_6a3c7a2924e23",
            "name": "Produto 85",
            "planId": null,
            "planName": null,
            "quantity": 1,
            "priceInCents": "8500"
        }
    ],
    "trackingParameters": {
        "src": null,
        "sck": null,
        "utm_source": "FB",
        "utm_campaign": "CTV 11 PND \u2014 C\u00f3pia|120252150072980045",
        "utm_medium": "ADV|120252150072920045",
        "utm_content": "AD|120252150072940045",
        "utm_term": "Instagram_Stories",
        "xcod": null,
        "fbclid": null,
        "gclid": null,
        "ttclid": null
    },
    "commission": {
        "totalPriceInCents": "8500",
        "gatewayFeeInCents": 0,
        "userCommissionInCents": "8500"
    },
    "isTest": false
}
----------------------------------------
[2026-06-25 00:45:29] 📡 Enviando requisição para Utmify
Dados: {
    "url": "https:\/\/api.utmify.com.br\/api-credentials\/orders",
    "headers": [
        "Content-Type: application\/json",
        "x-api-token: [REDACTED]"
    ]
}
----------------------------------------
[2026-06-25 00:45:29] ✅ Resposta da API Utmify
Dados: {
    "http_code": 404,
    "response": {
        "OK": false,
        "data": {
            "type": "API_CREDENTIAL"
        },
        "result": "ERROR",
        "statusCode": 404,
        "message": "API_CREDENTIAL_NOT_FOUND"
    }
}
----------------------------------------
[2026-06-25 00:45:29] ❌ Erro
Dados: {
    "message": "Erro na API Utmify. HTTP Code: 404"
}
----------------------------------------
[2026-06-25 00:45:59] 📥 Dados recebidos do PayHubr
Dados: {
    "raw": "{\"orderId\":8693759,\"platform\":\"MinhaPlataforma\",\"paymentMethod\":\"pix\",\"status\":\"waiting_payment\",\"createdAt\":\"2026-06-24 21:45:59\",\"approvedDate\":null,\"refundedAt\":null,\"customer\":{\"name\":\"Bruno Fernandes Silva\",\"email\":\"bruno.fernandes.silva@email.com\",\"phone\":\"11999999999\",\"document\":\"13997732086\",\"country\":\"BR\",\"ip\":\"186.194.23.147\",\"userAgent\":\"Mozilla\\\/5.0 (Linux; Android 12; SM-A125M Build\\\/SP1A.210812.016; wv) AppleWebKit\\\/537.36 (KHTML, like Gecko) Version\\\/4.0 Chrome\\\/149.0.7827.91 Mobile Safari\\\/537.36 Instagram 434.0.0.44.74 Android (31\\\/12; 300dpi; 720x1600; samsung; SM-A125M; a12; mt6765; pt_BR; 996255481; IABMV\\\/1)\",\"externalId\":8693759,\"fbp\":null,\"fbc\":null},\"products\":[{\"id\":\"PROD_6a3c7a47c80ca\",\"name\":\"Produto 85\",\"planId\":null,\"planName\":null,\"quantity\":1,\"priceInCents\":\"8500\"}],\"trackingParameters\":{\"utm_source\":\"FBjLj6a3c797337617be68e65ce17\",\"utm_medium\":\"ADV|120252150072920045\",\"utm_campaign\":\"CTV 11 PND \\u2014 C\\u00f3pia|120252150072980045\",\"utm_content\":\"AD|120252150072940045\",\"utm_term\":\"Instagram_Stories\"},\"commission\":{\"totalPriceInCents\":\"8500\",\"gatewayFeeInCents\":0,\"userCommissionInCents\":\"8500\"},\"isTest\":false}"
}
----------------------------------------
[2026-06-25 00:45:59] 🔄 Processando dados recebidos
Dados: {
    "orderId": 8693759,
    "platform": "MinhaPlataforma",
    "paymentMethod": "pix",
    "status": "waiting_payment",
    "createdAt": "2026-06-24 21:45:59",
    "approvedDate": null,
    "refundedAt": null,
    "customer": {
        "name": "Bruno Fernandes Silva",
        "email": "bruno.fernandes.silva@email.com",
        "phone": "11999999999",
        "document": "13997732086",
        "country": "BR",
        "ip": "186.194.23.147",
        "userAgent": "Mozilla\/5.0 (Linux; Android 12; SM-A125M Build\/SP1A.210812.016; wv) AppleWebKit\/537.36 (KHTML, like Gecko) Version\/4.0 Chrome\/149.0.7827.91 Mobile Safari\/537.36 Instagram 434.0.0.44.74 Android (31\/12; 300dpi; 720x1600; samsung; SM-A125M; a12; mt6765; pt_BR; 996255481; IABMV\/1)",
        "externalId": 8693759,
        "fbp": null,
        "fbc": null
    },
    "products": [
        {
            "id": "PROD_6a3c7a47c80ca",
            "name": "Produto 85",
            "planId": null,
            "planName": null,
            "quantity": 1,
            "priceInCents": "8500"
        }
    ],
    "trackingParameters": {
        "utm_source": "FBjLj6a3c797337617be68e65ce17",
        "utm_medium": "ADV|120252150072920045",
        "utm_campaign": "CTV 11 PND \u2014 C\u00f3pia|120252150072980045",
        "utm_content": "AD|120252150072940045",
        "utm_term": "Instagram_Stories"
    },
    "commission": {
        "totalPriceInCents": "8500",
        "gatewayFeeInCents": 0,
        "userCommissionInCents": "8500"
    },
    "isTest": false
}
----------------------------------------
[2026-06-25 00:45:59] 📤 Dados formatados para Utmify
Dados: {
    "orderId": 8693759,
    "platform": "PayHubr",
    "paymentMethod": "pix",
    "status": "waiting_payment",
    "createdAt": "2026-06-25 00:45:59",
    "approvedDate": null,
    "refundedAt": null,
    "customer": {
        "name": "Bruno Fernandes Silva",
        "email": "bruno.fernandes.silva@email.com",
        "phone": null,
        "document": "13997732086",
        "country": "BR",
        "ip": "78.40.143.130"
    },
    "products": [
        {
            "id": "PROD_6a3c7a47c80ca",
            "name": "Produto 85",
            "planId": null,
            "planName": null,
            "quantity": 1,
            "priceInCents": "8500"
        }
    ],
    "trackingParameters": {
        "src": null,
        "sck": null,
        "utm_source": "FBjLj6a3c797337617be68e65ce17",
        "utm_campaign": "CTV 11 PND \u2014 C\u00f3pia|120252150072980045",
        "utm_medium": "ADV|120252150072920045",
        "utm_content": "AD|120252150072940045",
        "utm_term": "Instagram_Stories",
        "xcod": null,
        "fbclid": null,
        "gclid": null,
        "ttclid": null
    },
    "commission": {
        "totalPriceInCents": "8500",
        "gatewayFeeInCents": 0,
        "userCommissionInCents": "8500"
    },
    "isTest": false
}
----------------------------------------
[2026-06-25 00:45:59] 📡 Enviando requisição para Utmify
Dados: {
    "url": "https:\/\/api.utmify.com.br\/api-credentials\/orders",
    "headers": [
        "Content-Type: application\/json",
        "x-api-token: [REDACTED]"
    ]
}
----------------------------------------
[2026-06-25 00:46:00] ✅ Resposta da API Utmify
Dados: {
    "http_code": 404,
    "response": {
        "OK": false,
        "data": {
            "type": "API_CREDENTIAL"
        },
        "result": "ERROR",
        "statusCode": 404,
        "message": "API_CREDENTIAL_NOT_FOUND"
    }
}
----------------------------------------
[2026-06-25 00:46:00] ❌ Erro
Dados: {
    "message": "Erro na API Utmify. HTTP Code: 404"
}
----------------------------------------
[2026-06-25 00:46:11] 📥 Dados recebidos do PayHubr
Dados: {
    "raw": "{\"orderId\":8693765,\"platform\":\"MinhaPlataforma\",\"paymentMethod\":\"pix\",\"status\":\"waiting_payment\",\"createdAt\":\"2026-06-24 21:46:11\",\"approvedDate\":null,\"refundedAt\":null,\"customer\":{\"name\":\"Matheus Lopes Lima\",\"email\":\"matheus.lopes.lima@email.com\",\"phone\":\"11999999999\",\"document\":\"54174293414\",\"country\":\"BR\",\"ip\":\"2804:2488:9084:b190:c06f:3752:b591:7ad9\",\"userAgent\":\"Mozilla\\\/5.0 (Linux; Android 16; SM-G990E Build\\\/BP2A.250605.031.A3; wv) AppleWebKit\\\/537.36 (KHTML, like Gecko) Version\\\/4.0 Chrome\\\/149.0.7827.147 Mobile Safari\\\/537.36 Instagram 434.0.0.44.74 Android (36\\\/16; 480dpi; 1080x2340; samsung; SM-G990E; r9s; exynos2100; pt_BR; 996255481; IABMV\\\/1) NV\\\/501\",\"externalId\":8693765,\"fbp\":null,\"fbc\":null},\"products\":[{\"id\":\"PROD_6a3c7a539c4c9\",\"name\":\"Produto 85\",\"planId\":null,\"planName\":null,\"quantity\":1,\"priceInCents\":\"8500\"}],\"trackingParameters\":{\"utm_source\":\"FBjLj6a3c66db88be114dbd2117da\",\"utm_medium\":\"ADV|120252149656440045\",\"utm_campaign\":\"CTV 01 PND|120252149656460045\",\"utm_content\":\"AD|120252149656450045\",\"utm_term\":\"Instagram_Feed\"},\"commission\":{\"totalPriceInCents\":\"8500\",\"gatewayFeeInCents\":0,\"userCommissionInCents\":\"8500\"},\"isTest\":false}"
}
----------------------------------------
[2026-06-25 00:46:11] 🔄 Processando dados recebidos
Dados: {
    "orderId": 8693765,
    "platform": "MinhaPlataforma",
    "paymentMethod": "pix",
    "status": "waiting_payment",
    "createdAt": "2026-06-24 21:46:11",
    "approvedDate": null,
    "refundedAt": null,
    "customer": {
        "name": "Matheus Lopes Lima",
        "email": "matheus.lopes.lima@email.com",
        "phone": "11999999999",
        "document": "54174293414",
        "country": "BR",
        "ip": "2804:2488:9084:b190:c06f:3752:b591:7ad9",
        "userAgent": "Mozilla\/5.0 (Linux; Android 16; SM-G990E Build\/BP2A.250605.031.A3; wv) AppleWebKit\/537.36 (KHTML, like Gecko) Version\/4.0 Chrome\/149.0.7827.147 Mobile Safari\/537.36 Instagram 434.0.0.44.74 Android (36\/16; 480dpi; 1080x2340; samsung; SM-G990E; r9s; exynos2100; pt_BR; 996255481; IABMV\/1) NV\/501",
        "externalId": 8693765,
        "fbp": null,
        "fbc": null
    },
    "products": [
        {
            "id": "PROD_6a3c7a539c4c9",
            "name": "Produto 85",
            "planId": null,
            "planName": null,
            "quantity": 1,
            "priceInCents": "8500"
        }
    ],
    "trackingParameters": {
        "utm_source": "FBjLj6a3c66db88be114dbd2117da",
        "utm_medium": "ADV|120252149656440045",
        "utm_campaign": "CTV 01 PND|120252149656460045",
        "utm_content": "AD|120252149656450045",
        "utm_term": "Instagram_Feed"
    },
    "commission": {
        "totalPriceInCents": "8500",
        "gatewayFeeInCents": 0,
        "userCommissionInCents": "8500"
    },
    "isTest": false
}
----------------------------------------
[2026-06-25 00:46:11] 📤 Dados formatados para Utmify
Dados: {
    "orderId": 8693765,
    "platform": "PayHubr",
    "paymentMethod": "pix",
    "status": "waiting_payment",
    "createdAt": "2026-06-25 00:46:11",
    "approvedDate": null,
    "refundedAt": null,
    "customer": {
        "name": "Matheus Lopes Lima",
        "email": "matheus.lopes.lima@email.com",
        "phone": null,
        "document": "54174293414",
        "country": "BR",
        "ip": "78.40.143.130"
    },
    "products": [
        {
            "id": "PROD_6a3c7a539c4c9",
            "name": "Produto 85",
            "planId": null,
            "planName": null,
            "quantity": 1,
            "priceInCents": "8500"
        }
    ],
    "trackingParameters": {
        "src": null,
        "sck": null,
        "utm_source": "FBjLj6a3c66db88be114dbd2117da",
        "utm_campaign": "CTV 01 PND|120252149656460045",
        "utm_medium": "ADV|120252149656440045",
        "utm_content": "AD|120252149656450045",
        "utm_term": "Instagram_Feed",
        "xcod": null,
        "fbclid": null,
        "gclid": null,
        "ttclid": null
    },
    "commission": {
        "totalPriceInCents": "8500",
        "gatewayFeeInCents": 0,
        "userCommissionInCents": "8500"
    },
    "isTest": false
}
----------------------------------------
[2026-06-25 00:46:11] 📡 Enviando requisição para Utmify
Dados: {
    "url": "https:\/\/api.utmify.com.br\/api-credentials\/orders",
    "headers": [
        "Content-Type: application\/json",
        "x-api-token: [REDACTED]"
    ]
}
----------------------------------------
[2026-06-25 00:46:11] ✅ Resposta da API Utmify
Dados: {
    "http_code": 404,
    "response": {
        "OK": false,
        "data": {
            "type": "API_CREDENTIAL"
        },
        "result": "ERROR",
        "statusCode": 404,
        "message": "API_CREDENTIAL_NOT_FOUND"
    }
}
----------------------------------------
[2026-06-25 00:46:11] ❌ Erro
Dados: {
    "message": "Erro na API Utmify. HTTP Code: 404"
}
----------------------------------------
[2026-06-25 00:47:50] 📥 Dados recebidos do PayHubr
Dados: {
    "raw": "{\"orderId\":8693799,\"platform\":\"MinhaPlataforma\",\"paymentMethod\":\"pix\",\"status\":\"waiting_payment\",\"createdAt\":\"2026-06-24 21:47:49\",\"approvedDate\":null,\"refundedAt\":null,\"customer\":{\"name\":\"Pedro Barbosa Santos\",\"email\":\"pedro.barbosa.santos@email.com\",\"phone\":\"11999999999\",\"document\":\"18508821930\",\"country\":\"BR\",\"ip\":\"45.168.171.231\",\"userAgent\":\"Mozilla\\\/5.0 (Linux; Android 14; SM-A346M Build\\\/UP1A.231005.007; wv) AppleWebKit\\\/537.36 (KHTML, like Gecko) Version\\\/4.0 Chrome\\\/149.0.7827.91 Mobile Safari\\\/537.36 [FB_IAB\\\/FB4A;FBAV\\\/523.0.0.39.61;IABMV\\\/1;]\",\"externalId\":8693799,\"fbp\":null,\"fbc\":null},\"products\":[{\"id\":\"PROD_6a3c7ab5e54c6\",\"name\":\"Produto 85\",\"planId\":null,\"planName\":null,\"quantity\":1,\"priceInCents\":\"8500\"}],\"trackingParameters\":{\"utm_source\":\"FBjLj6a3c7958ef61eb984e87b8eb\",\"utm_medium\":\"ADV|120252229293920045\",\"utm_campaign\":\"CTV 01 PND \\u2014 C\\u00f3pia|120252229293710045\",\"utm_content\":\"AD|120252229294580045\",\"utm_term\":\"Facebook_Mobile_Feed\"},\"commission\":{\"totalPriceInCents\":\"8500\",\"gatewayFeeInCents\":0,\"userCommissionInCents\":\"8500\"},\"isTest\":false}"
}
----------------------------------------
[2026-06-25 00:47:50] 🔄 Processando dados recebidos
Dados: {
    "orderId": 8693799,
    "platform": "MinhaPlataforma",
    "paymentMethod": "pix",
    "status": "waiting_payment",
    "createdAt": "2026-06-24 21:47:49",
    "approvedDate": null,
    "refundedAt": null,
    "customer": {
        "name": "Pedro Barbosa Santos",
        "email": "pedro.barbosa.santos@email.com",
        "phone": "11999999999",
        "document": "18508821930",
        "country": "BR",
        "ip": "45.168.171.231",
        "userAgent": "Mozilla\/5.0 (Linux; Android 14; SM-A346M Build\/UP1A.231005.007; wv) AppleWebKit\/537.36 (KHTML, like Gecko) Version\/4.0 Chrome\/149.0.7827.91 Mobile Safari\/537.36 [FB_IAB\/FB4A;FBAV\/523.0.0.39.61;IABMV\/1;]",
        "externalId": 8693799,
        "fbp": null,
        "fbc": null
    },
    "products": [
        {
            "id": "PROD_6a3c7ab5e54c6",
            "name": "Produto 85",
            "planId": null,
            "planName": null,
            "quantity": 1,
            "priceInCents": "8500"
        }
    ],
    "trackingParameters": {
        "utm_source": "FBjLj6a3c7958ef61eb984e87b8eb",
        "utm_medium": "ADV|120252229293920045",
        "utm_campaign": "CTV 01 PND \u2014 C\u00f3pia|120252229293710045",
        "utm_content": "AD|120252229294580045",
        "utm_term": "Facebook_Mobile_Feed"
    },
    "commission": {
        "totalPriceInCents": "8500",
        "gatewayFeeInCents": 0,
        "userCommissionInCents": "8500"
    },
    "isTest": false
}
----------------------------------------
[2026-06-25 00:47:50] 📤 Dados formatados para Utmify
Dados: {
    "orderId": 8693799,
    "platform": "PayHubr",
    "paymentMethod": "pix",
    "status": "waiting_payment",
    "createdAt": "2026-06-25 00:47:50",
    "approvedDate": null,
    "refundedAt": null,
    "customer": {
        "name": "Pedro Barbosa Santos",
        "email": "pedro.barbosa.santos@email.com",
        "phone": null,
        "document": "18508821930",
        "country": "BR",
        "ip": "78.40.143.130"
    },
    "products": [
        {
            "id": "PROD_6a3c7ab5e54c6",
            "name": "Produto 85",
            "planId": null,
            "planName": null,
            "quantity": 1,
            "priceInCents": "8500"
        }
    ],
    "trackingParameters": {
        "src": null,
        "sck": null,
        "utm_source": "FBjLj6a3c7958ef61eb984e87b8eb",
        "utm_campaign": "CTV 01 PND \u2014 C\u00f3pia|120252229293710045",
        "utm_medium": "ADV|120252229293920045",
        "utm_content": "AD|120252229294580045",
        "utm_term": "Facebook_Mobile_Feed",
        "xcod": null,
        "fbclid": null,
        "gclid": null,
        "ttclid": null
    },
    "commission": {
        "totalPriceInCents": "8500",
        "gatewayFeeInCents": 0,
        "userCommissionInCents": "8500"
    },
    "isTest": false
}
----------------------------------------
[2026-06-25 00:47:50] 📡 Enviando requisição para Utmify
Dados: {
    "url": "https:\/\/api.utmify.com.br\/api-credentials\/orders",
    "headers": [
        "Content-Type: application\/json",
        "x-api-token: [REDACTED]"
    ]
}
----------------------------------------
[2026-06-25 00:47:50] ✅ Resposta da API Utmify
Dados: {
    "http_code": 404,
    "response": {
        "OK": false,
        "data": {
            "type": "API_CREDENTIAL"
        },
        "result": "ERROR",
        "statusCode": 404,
        "message": "API_CREDENTIAL_NOT_FOUND"
    }
}
----------------------------------------
[2026-06-25 00:47:50] ❌ Erro
Dados: {
    "message": "Erro na API Utmify. HTTP Code: 404"
}
----------------------------------------
[2026-06-25 00:48:40] 📥 Dados recebidos do PayHubr
Dados: {
    "raw": "{\"orderId\":8693820,\"platform\":\"MinhaPlataforma\",\"paymentMethod\":\"pix\",\"status\":\"waiting_payment\",\"createdAt\":\"2026-06-24 21:48:40\",\"approvedDate\":null,\"refundedAt\":null,\"customer\":{\"name\":\"Isabella Barbosa Soares\",\"email\":\"isabella.barbosa.soares@email.com\",\"phone\":\"11999999999\",\"document\":\"99333567127\",\"country\":\"BR\",\"ip\":\"2804:383c:313b:8b72:96c0:9fd1:5362:87a8\",\"userAgent\":\"Mozilla\\\/5.0 (Linux; Android 16; SM-A256E Build\\\/BP2A.250605.031.A3; wv) AppleWebKit\\\/537.36 (KHTML, like Gecko) Version\\\/4.0 Chrome\\\/149.0.7827.150 Mobile Safari\\\/537.36 [FB_IAB\\\/FB4A;FBAV\\\/566.0.0.48.73;IABMV\\\/1;]\",\"externalId\":8693820,\"fbp\":null,\"fbc\":null},\"products\":[{\"id\":\"PROD_6a3c7ae8b426d\",\"name\":\"Produto 85\",\"planId\":null,\"planName\":null,\"quantity\":1,\"priceInCents\":\"8500\"}],\"trackingParameters\":{\"utm_source\":\"FBjLj6a3c7a01f7924caf3e2a4ef4\",\"utm_medium\":\"ADV|120252150072920045\",\"utm_campaign\":\"CTV 11 PND \\u2014 C\\u00f3pia|120252150072980045\",\"utm_content\":\"AD|120252150072940045\",\"utm_term\":\"Facebook_Stories\"},\"commission\":{\"totalPriceInCents\":\"8500\",\"gatewayFeeInCents\":0,\"userCommissionInCents\":\"8500\"},\"isTest\":false}"
}
----------------------------------------
[2026-06-25 00:48:40] 🔄 Processando dados recebidos
Dados: {
    "orderId": 8693820,
    "platform": "MinhaPlataforma",
    "paymentMethod": "pix",
    "status": "waiting_payment",
    "createdAt": "2026-06-24 21:48:40",
    "approvedDate": null,
    "refundedAt": null,
    "customer": {
        "name": "Isabella Barbosa Soares",
        "email": "isabella.barbosa.soares@email.com",
        "phone": "11999999999",
        "document": "99333567127",
        "country": "BR",
        "ip": "2804:383c:313b:8b72:96c0:9fd1:5362:87a8",
        "userAgent": "Mozilla\/5.0 (Linux; Android 16; SM-A256E Build\/BP2A.250605.031.A3; wv) AppleWebKit\/537.36 (KHTML, like Gecko) Version\/4.0 Chrome\/149.0.7827.150 Mobile Safari\/537.36 [FB_IAB\/FB4A;FBAV\/566.0.0.48.73;IABMV\/1;]",
        "externalId": 8693820,
        "fbp": null,
        "fbc": null
    },
    "products": [
        {
            "id": "PROD_6a3c7ae8b426d",
            "name": "Produto 85",
            "planId": null,
            "planName": null,
            "quantity": 1,
            "priceInCents": "8500"
        }
    ],
    "trackingParameters": {
        "utm_source": "FBjLj6a3c7a01f7924caf3e2a4ef4",
        "utm_medium": "ADV|120252150072920045",
        "utm_campaign": "CTV 11 PND \u2014 C\u00f3pia|120252150072980045",
        "utm_content": "AD|120252150072940045",
        "utm_term": "Facebook_Stories"
    },
    "commission": {
        "totalPriceInCents": "8500",
        "gatewayFeeInCents": 0,
        "userCommissionInCents": "8500"
    },
    "isTest": false
}
----------------------------------------
[2026-06-25 00:48:40] 📤 Dados formatados para Utmify
Dados: {
    "orderId": 8693820,
    "platform": "PayHubr",
    "paymentMethod": "pix",
    "status": "waiting_payment",
    "createdAt": "2026-06-25 00:48:40",
    "approvedDate": null,
    "refundedAt": null,
    "customer": {
        "name": "Isabella Barbosa Soares",
        "email": "isabella.barbosa.soares@email.com",
        "phone": null,
        "document": "99333567127",
        "country": "BR",
        "ip": "78.40.143.130"
    },
    "products": [
        {
            "id": "PROD_6a3c7ae8b426d",
            "name": "Produto 85",
            "planId": null,
            "planName": null,
            "quantity": 1,
            "priceInCents": "8500"
        }
    ],
    "trackingParameters": {
        "src": null,
        "sck": null,
        "utm_source": "FBjLj6a3c7a01f7924caf3e2a4ef4",
        "utm_campaign": "CTV 11 PND \u2014 C\u00f3pia|120252150072980045",
        "utm_medium": "ADV|120252150072920045",
        "utm_content": "AD|120252150072940045",
        "utm_term": "Facebook_Stories",
        "xcod": null,
        "fbclid": null,
        "gclid": null,
        "ttclid": null
    },
    "commission": {
        "totalPriceInCents": "8500",
        "gatewayFeeInCents": 0,
        "userCommissionInCents": "8500"
    },
    "isTest": false
}
----------------------------------------
[2026-06-25 00:48:40] 📡 Enviando requisição para Utmify
Dados: {
    "url": "https:\/\/api.utmify.com.br\/api-credentials\/orders",
    "headers": [
        "Content-Type: application\/json",
        "x-api-token: [REDACTED]"
    ]
}
----------------------------------------
[2026-06-25 00:48:41] ✅ Resposta da API Utmify
Dados: {
    "http_code": 404,
    "response": {
        "OK": false,
        "data": {
            "type": "API_CREDENTIAL"
        },
        "result": "ERROR",
        "statusCode": 404,
        "message": "API_CREDENTIAL_NOT_FOUND"
    }
}
----------------------------------------
[2026-06-25 00:48:41] ❌ Erro
Dados: {
    "message": "Erro na API Utmify. HTTP Code: 404"
}
----------------------------------------
[2026-06-25 00:49:48] 📥 Dados recebidos do PayHubr
Dados: {
    "raw": "{\"orderId\":8693846,\"platform\":\"MinhaPlataforma\",\"paymentMethod\":\"pix\",\"status\":\"waiting_payment\",\"createdAt\":\"2026-06-24 21:49:48\",\"approvedDate\":null,\"refundedAt\":null,\"customer\":{\"name\":\"Laura Carvalho Silva\",\"email\":\"laura.carvalho.silva@email.com\",\"phone\":\"11999999999\",\"document\":\"72129267521\",\"country\":\"BR\",\"ip\":\"2804:28c8:a601:9300:a59c:5661:5a58:2ca1\",\"userAgent\":\"Mozilla\\\/5.0 (Linux; Android 15; 23100RN82L Build\\\/AP3A.240905.015.A2; wv) AppleWebKit\\\/537.36 (KHTML, like Gecko) Version\\\/4.0 Chrome\\\/149.0.7827.147 Mobile Safari\\\/537.36 Instagram 434.0.0.44.74 Android (35\\\/15; 320dpi; 720x1600; Xiaomi\\\/Redmi; 23100RN82L; gale; mt6768; pt_BR; 996255552; IABMV\\\/1)\",\"externalId\":8693846,\"fbp\":null,\"fbc\":null},\"products\":[{\"id\":\"PROD_6a3c7b2c0c0fd\",\"name\":\"Produto 85\",\"planId\":null,\"planName\":null,\"quantity\":1,\"priceInCents\":\"8500\"}],\"trackingParameters\":{\"utm_source\":\"FBjLj6a3c79980f4ff07732e642d6\",\"utm_medium\":\"ADV|120252229293830045\",\"utm_campaign\":\"CTV 01 PND \\u2014 C\\u00f3pia|120252229293660045\",\"utm_content\":\"AD|120252229294230045\",\"utm_term\":\"Instagram_Stories\"},\"commission\":{\"totalPriceInCents\":\"8500\",\"gatewayFeeInCents\":0,\"userCommissionInCents\":\"8500\"},\"isTest\":false}"
}
----------------------------------------
[2026-06-25 00:49:48] 🔄 Processando dados recebidos
Dados: {
    "orderId": 8693846,
    "platform": "MinhaPlataforma",
    "paymentMethod": "pix",
    "status": "waiting_payment",
    "createdAt": "2026-06-24 21:49:48",
    "approvedDate": null,
    "refundedAt": null,
    "customer": {
        "name": "Laura Carvalho Silva",
        "email": "laura.carvalho.silva@email.com",
        "phone": "11999999999",
        "document": "72129267521",
        "country": "BR",
        "ip": "2804:28c8:a601:9300:a59c:5661:5a58:2ca1",
        "userAgent": "Mozilla\/5.0 (Linux; Android 15; 23100RN82L Build\/AP3A.240905.015.A2; wv) AppleWebKit\/537.36 (KHTML, like Gecko) Version\/4.0 Chrome\/149.0.7827.147 Mobile Safari\/537.36 Instagram 434.0.0.44.74 Android (35\/15; 320dpi; 720x1600; Xiaomi\/Redmi; 23100RN82L; gale; mt6768; pt_BR; 996255552; IABMV\/1)",
        "externalId": 8693846,
        "fbp": null,
        "fbc": null
    },
    "products": [
        {
            "id": "PROD_6a3c7b2c0c0fd",
            "name": "Produto 85",
            "planId": null,
            "planName": null,
            "quantity": 1,
            "priceInCents": "8500"
        }
    ],
    "trackingParameters": {
        "utm_source": "FBjLj6a3c79980f4ff07732e642d6",
        "utm_medium": "ADV|120252229293830045",
        "utm_campaign": "CTV 01 PND \u2014 C\u00f3pia|120252229293660045",
        "utm_content": "AD|120252229294230045",
        "utm_term": "Instagram_Stories"
    },
    "commission": {
        "totalPriceInCents": "8500",
        "gatewayFeeInCents": 0,
        "userCommissionInCents": "8500"
    },
    "isTest": false
}
----------------------------------------
[2026-06-25 00:49:48] 📤 Dados formatados para Utmify
Dados: {
    "orderId": 8693846,
    "platform": "PayHubr",
    "paymentMethod": "pix",
    "status": "waiting_payment",
    "createdAt": "2026-06-25 00:49:48",
    "approvedDate": null,
    "refundedAt": null,
    "customer": {
        "name": "Laura Carvalho Silva",
        "email": "laura.carvalho.silva@email.com",
        "phone": null,
        "document": "72129267521",
        "country": "BR",
        "ip": "78.40.143.130"
    },
    "products": [
        {
            "id": "PROD_6a3c7b2c0c0fd",
            "name": "Produto 85",
            "planId": null,
            "planName": null,
            "quantity": 1,
            "priceInCents": "8500"
        }
    ],
    "trackingParameters": {
        "src": null,
        "sck": null,
        "utm_source": "FBjLj6a3c79980f4ff07732e642d6",
        "utm_campaign": "CTV 01 PND \u2014 C\u00f3pia|120252229293660045",
        "utm_medium": "ADV|120252229293830045",
        "utm_content": "AD|120252229294230045",
        "utm_term": "Instagram_Stories",
        "xcod": null,
        "fbclid": null,
        "gclid": null,
        "ttclid": null
    },
    "commission": {
        "totalPriceInCents": "8500",
        "gatewayFeeInCents": 0,
        "userCommissionInCents": "8500"
    },
    "isTest": false
}
----------------------------------------
[2026-06-25 00:49:48] 📡 Enviando requisição para Utmify
Dados: {
    "url": "https:\/\/api.utmify.com.br\/api-credentials\/orders",
    "headers": [
        "Content-Type: application\/json",
        "x-api-token: [REDACTED]"
    ]
}
----------------------------------------
[2026-06-25 00:49:48] ✅ Resposta da API Utmify
Dados: {
    "http_code": 404,
    "response": {
        "OK": false,
        "data": {
            "type": "API_CREDENTIAL"
        },
        "result": "ERROR",
        "statusCode": 404,
        "message": "API_CREDENTIAL_NOT_FOUND"
    }
}
----------------------------------------
[2026-06-25 00:49:48] ❌ Erro
Dados: {
    "message": "Erro na API Utmify. HTTP Code: 404"
}
----------------------------------------
[2026-06-25 00:50:05] 📥 Dados recebidos do PayHubr
Dados: {
    "raw": "{\"orderId\":8693852,\"platform\":\"MinhaPlataforma\",\"paymentMethod\":\"pix\",\"status\":\"waiting_payment\",\"createdAt\":\"2026-06-24 21:50:05\",\"approvedDate\":null,\"refundedAt\":null,\"customer\":{\"name\":\"Ana Oliveira Santos\",\"email\":\"ana.oliveira.santos@email.com\",\"phone\":\"11999999999\",\"document\":\"88532166890\",\"country\":\"BR\",\"ip\":\"170.80.60.224\",\"userAgent\":\"Mozilla\\\/5.0 (Linux; Android 15; SM-A256E Build\\\/AP3A.240905.015.A2) AppleWebKit\\\/537.36 (KHTML, like Gecko) Version\\\/4.0 Chrome\\\/149.0.7827.91 Mobile Safari\\\/537.36 [FB_IAB\\\/FB4A;FBAV\\\/566.0.0.48.73;IABMV\\\/1;]\",\"externalId\":8693852,\"fbp\":null,\"fbc\":null},\"products\":[{\"id\":\"PROD_6a3c7b3d1e93b\",\"name\":\"Produto 85\",\"planId\":null,\"planName\":null,\"quantity\":1,\"priceInCents\":\"8500\"}],\"trackingParameters\":{\"utm_source\":\"FBjLj6a3c785b098c1ec6094ed15d\",\"utm_medium\":\"ADV|120252229293970045\",\"utm_campaign\":\"CTV 11 PND \\u2014 C\\u00f3pia \\u2014 C\\u00f3pia|120252229294320045\",\"utm_content\":\"AD|120252229293810045\",\"utm_term\":\"Facebook_Mobile_Feed\"},\"commission\":{\"totalPriceInCents\":\"8500\",\"gatewayFeeInCents\":0,\"userCommissionInCents\":\"8500\"},\"isTest\":false}"
}
----------------------------------------
[2026-06-25 00:50:05] 🔄 Processando dados recebidos
Dados: {
    "orderId": 8693852,
    "platform": "MinhaPlataforma",
    "paymentMethod": "pix",
    "status": "waiting_payment",
    "createdAt": "2026-06-24 21:50:05",
    "approvedDate": null,
    "refundedAt": null,
    "customer": {
        "name": "Ana Oliveira Santos",
        "email": "ana.oliveira.santos@email.com",
        "phone": "11999999999",
        "document": "88532166890",
        "country": "BR",
        "ip": "170.80.60.224",
        "userAgent": "Mozilla\/5.0 (Linux; Android 15; SM-A256E Build\/AP3A.240905.015.A2) AppleWebKit\/537.36 (KHTML, like Gecko) Version\/4.0 Chrome\/149.0.7827.91 Mobile Safari\/537.36 [FB_IAB\/FB4A;FBAV\/566.0.0.48.73;IABMV\/1;]",
        "externalId": 8693852,
        "fbp": null,
        "fbc": null
    },
    "products": [
        {
            "id": "PROD_6a3c7b3d1e93b",
            "name": "Produto 85",
            "planId": null,
            "planName": null,
            "quantity": 1,
            "priceInCents": "8500"
        }
    ],
    "trackingParameters": {
        "utm_source": "FBjLj6a3c785b098c1ec6094ed15d",
        "utm_medium": "ADV|120252229293970045",
        "utm_campaign": "CTV 11 PND \u2014 C\u00f3pia \u2014 C\u00f3pia|120252229294320045",
        "utm_content": "AD|120252229293810045",
        "utm_term": "Facebook_Mobile_Feed"
    },
    "commission": {
        "totalPriceInCents": "8500",
        "gatewayFeeInCents": 0,
        "userCommissionInCents": "8500"
    },
    "isTest": false
}
----------------------------------------
[2026-06-25 00:50:05] 📤 Dados formatados para Utmify
Dados: {
    "orderId": 8693852,
    "platform": "PayHubr",
    "paymentMethod": "pix",
    "status": "waiting_payment",
    "createdAt": "2026-06-25 00:50:05",
    "approvedDate": null,
    "refundedAt": null,
    "customer": {
        "name": "Ana Oliveira Santos",
        "email": "ana.oliveira.santos@email.com",
        "phone": null,
        "document": "88532166890",
        "country": "BR",
        "ip": "78.40.143.130"
    },
    "products": [
        {
            "id": "PROD_6a3c7b3d1e93b",
            "name": "Produto 85",
            "planId": null,
            "planName": null,
            "quantity": 1,
            "priceInCents": "8500"
        }
    ],
    "trackingParameters": {
        "src": null,
        "sck": null,
        "utm_source": "FBjLj6a3c785b098c1ec6094ed15d",
        "utm_campaign": "CTV 11 PND \u2014 C\u00f3pia \u2014 C\u00f3pia|120252229294320045",
        "utm_medium": "ADV|120252229293970045",
        "utm_content": "AD|120252229293810045",
        "utm_term": "Facebook_Mobile_Feed",
        "xcod": null,
        "fbclid": null,
        "gclid": null,
        "ttclid": null
    },
    "commission": {
        "totalPriceInCents": "8500",
        "gatewayFeeInCents": 0,
        "userCommissionInCents": "8500"
    },
    "isTest": false
}
----------------------------------------
[2026-06-25 00:50:05] 📡 Enviando requisição para Utmify
Dados: {
    "url": "https:\/\/api.utmify.com.br\/api-credentials\/orders",
    "headers": [
        "Content-Type: application\/json",
        "x-api-token: [REDACTED]"
    ]
}
----------------------------------------
[2026-06-25 00:50:05] ✅ Resposta da API Utmify
Dados: {
    "http_code": 404,
    "response": {
        "OK": false,
        "data": {
            "type": "API_CREDENTIAL"
        },
        "result": "ERROR",
        "statusCode": 404,
        "message": "API_CREDENTIAL_NOT_FOUND"
    }
}
----------------------------------------
[2026-06-25 00:50:05] ❌ Erro
Dados: {
    "message": "Erro na API Utmify. HTTP Code: 404"
}
----------------------------------------
[2026-06-25 00:50:55] 📥 Dados recebidos do PayHubr
Dados: {
    "raw": "{\"orderId\":8693869,\"platform\":\"MinhaPlataforma\",\"paymentMethod\":\"pix\",\"status\":\"waiting_payment\",\"createdAt\":\"2026-06-24 21:50:55\",\"approvedDate\":null,\"refundedAt\":null,\"customer\":{\"name\":\"Pedro Costa Martins\",\"email\":\"pedro.costa.martins@email.com\",\"phone\":\"11999999999\",\"document\":\"69234109325\",\"country\":\"BR\",\"ip\":\"2804:766c:cb00:abe4:dcf1:13a7:f2ef:ff16\",\"userAgent\":\"Mozilla\\\/5.0 (Linux; Android 15; SM-A055M Build\\\/AP3A.240905.015.A2; wv) AppleWebKit\\\/537.36 (KHTML, like Gecko) Version\\\/4.0 Chrome\\\/149.0.7827.150 Mobile Safari\\\/537.36 [FB_IAB\\\/FB4A;FBAV\\\/566.0.0.48.73;IABMV\\\/1;]\",\"externalId\":8693869,\"fbp\":null,\"fbc\":null},\"products\":[{\"id\":\"PROD_6a3c7b6f2e892\",\"name\":\"Produto 85\",\"planId\":null,\"planName\":null,\"quantity\":1,\"priceInCents\":\"8500\"}],\"trackingParameters\":{\"utm_source\":\"FBjLj6a3c7aa09cda8281ce64c336\",\"utm_medium\":\"ADV|120252229294400045\",\"utm_campaign\":\"CTV 01 PND \\u2014 C\\u00f3pia|120252229294550045\",\"utm_content\":\"AD|120252229294240045\",\"utm_term\":\"Facebook_Mobile_Reels\"},\"commission\":{\"totalPriceInCents\":\"8500\",\"gatewayFeeInCents\":0,\"userCommissionInCents\":\"8500\"},\"isTest\":false}"
}
----------------------------------------
[2026-06-25 00:50:55] 🔄 Processando dados recebidos
Dados: {
    "orderId": 8693869,
    "platform": "MinhaPlataforma",
    "paymentMethod": "pix",
    "status": "waiting_payment",
    "createdAt": "2026-06-24 21:50:55",
    "approvedDate": null,
    "refundedAt": null,
    "customer": {
        "name": "Pedro Costa Martins",
        "email": "pedro.costa.martins@email.com",
        "phone": "11999999999",
        "document": "69234109325",
        "country": "BR",
        "ip": "2804:766c:cb00:abe4:dcf1:13a7:f2ef:ff16",
        "userAgent": "Mozilla\/5.0 (Linux; Android 15; SM-A055M Build\/AP3A.240905.015.A2; wv) AppleWebKit\/537.36 (KHTML, like Gecko) Version\/4.0 Chrome\/149.0.7827.150 Mobile Safari\/537.36 [FB_IAB\/FB4A;FBAV\/566.0.0.48.73;IABMV\/1;]",
        "externalId": 8693869,
        "fbp": null,
        "fbc": null
    },
    "products": [
        {
            "id": "PROD_6a3c7b6f2e892",
            "name": "Produto 85",
            "planId": null,
            "planName": null,
            "quantity": 1,
            "priceInCents": "8500"
        }
    ],
    "trackingParameters": {
        "utm_source": "FBjLj6a3c7aa09cda8281ce64c336",
        "utm_medium": "ADV|120252229294400045",
        "utm_campaign": "CTV 01 PND \u2014 C\u00f3pia|120252229294550045",
        "utm_content": "AD|120252229294240045",
        "utm_term": "Facebook_Mobile_Reels"
    },
    "commission": {
        "totalPriceInCents": "8500",
        "gatewayFeeInCents": 0,
        "userCommissionInCents": "8500"
    },
    "isTest": false
}
----------------------------------------
[2026-06-25 00:50:55] 📤 Dados formatados para Utmify
Dados: {
    "orderId": 8693869,
    "platform": "PayHubr",
    "paymentMethod": "pix",
    "status": "waiting_payment",
    "createdAt": "2026-06-25 00:50:55",
    "approvedDate": null,
    "refundedAt": null,
    "customer": {
        "name": "Pedro Costa Martins",
        "email": "pedro.costa.martins@email.com",
        "phone": null,
        "document": "69234109325",
        "country": "BR",
        "ip": "78.40.143.130"
    },
    "products": [
        {
            "id": "PROD_6a3c7b6f2e892",
            "name": "Produto 85",
            "planId": null,
            "planName": null,
            "quantity": 1,
            "priceInCents": "8500"
        }
    ],
    "trackingParameters": {
        "src": null,
        "sck": null,
        "utm_source": "FBjLj6a3c7aa09cda8281ce64c336",
        "utm_campaign": "CTV 01 PND \u2014 C\u00f3pia|120252229294550045",
        "utm_medium": "ADV|120252229294400045",
        "utm_content": "AD|120252229294240045",
        "utm_term": "Facebook_Mobile_Reels",
        "xcod": null,
        "fbclid": null,
        "gclid": null,
        "ttclid": null
    },
    "commission": {
        "totalPriceInCents": "8500",
        "gatewayFeeInCents": 0,
        "userCommissionInCents": "8500"
    },
    "isTest": false
}
----------------------------------------
[2026-06-25 00:50:55] 📡 Enviando requisição para Utmify
Dados: {
    "url": "https:\/\/api.utmify.com.br\/api-credentials\/orders",
    "headers": [
        "Content-Type: application\/json",
        "x-api-token: [REDACTED]"
    ]
}
----------------------------------------
[2026-06-25 00:50:55] ✅ Resposta da API Utmify
Dados: {
    "http_code": 404,
    "response": {
        "OK": false,
        "data": {
            "type": "API_CREDENTIAL"
        },
        "result": "ERROR",
        "statusCode": 404,
        "message": "API_CREDENTIAL_NOT_FOUND"
    }
}
----------------------------------------
[2026-06-25 00:50:55] ❌ Erro
Dados: {
    "message": "Erro na API Utmify. HTTP Code: 404"
}
----------------------------------------
[2026-06-25 00:51:58] 📥 Dados recebidos do PayHubr
Dados: {
    "raw": "{\"orderId\":8693892,\"platform\":\"MinhaPlataforma\",\"paymentMethod\":\"pix\",\"status\":\"waiting_payment\",\"createdAt\":\"2026-06-24 21:51:58\",\"approvedDate\":null,\"refundedAt\":null,\"customer\":{\"name\":\"Gustavo Costa Silva\",\"email\":\"gustavo.costa.silva@email.com\",\"phone\":\"11999999999\",\"document\":\"65118483026\",\"country\":\"BR\",\"ip\":\"2804:1b0:1902:3c3:fd3b:bcd3:2f12:ecc7\",\"userAgent\":\"Mozilla\\\/5.0 (Linux; Android 14; 22101320G Build\\\/UKQ1.240624.001; wv) AppleWebKit\\\/537.36 (KHTML, like Gecko) Version\\\/4.0 Chrome\\\/149.0.7827.91 Mobile Safari\\\/537.36 Instagram 434.0.0.44.74 Android (34\\\/14; 440dpi; 1080x2400; Xiaomi\\\/POCO; 22101320G; redwood; qcom; pt_BR; 996255481; IABMV\\\/1)\",\"externalId\":8693892,\"fbp\":null,\"fbc\":null},\"products\":[{\"id\":\"PROD_6a3c7bae95dd6\",\"name\":\"Produto 85\",\"planId\":null,\"planName\":null,\"quantity\":1,\"priceInCents\":\"8500\"}],\"trackingParameters\":{\"utm_source\":\"FBjLj6a3c79f5f7924caf3e2a4a1b\",\"utm_medium\":\"ADV|120252229294410045\",\"utm_campaign\":\"CTV 01 PND \\u2014 C\\u00f3pia|120252229294530045\",\"utm_content\":\"AD|120252229293880045\",\"utm_term\":\"Instagram_Feed\"},\"commission\":{\"totalPriceInCents\":\"8500\",\"gatewayFeeInCents\":0,\"userCommissionInCents\":\"8500\"},\"isTest\":false}"
}
----------------------------------------
[2026-06-25 00:51:58] 🔄 Processando dados recebidos
Dados: {
    "orderId": 8693892,
    "platform": "MinhaPlataforma",
    "paymentMethod": "pix",
    "status": "waiting_payment",
    "createdAt": "2026-06-24 21:51:58",
    "approvedDate": null,
    "refundedAt": null,
    "customer": {
        "name": "Gustavo Costa Silva",
        "email": "gustavo.costa.silva@email.com",
        "phone": "11999999999",
        "document": "65118483026",
        "country": "BR",
        "ip": "2804:1b0:1902:3c3:fd3b:bcd3:2f12:ecc7",
        "userAgent": "Mozilla\/5.0 (Linux; Android 14; 22101320G Build\/UKQ1.240624.001; wv) AppleWebKit\/537.36 (KHTML, like Gecko) Version\/4.0 Chrome\/149.0.7827.91 Mobile Safari\/537.36 Instagram 434.0.0.44.74 Android (34\/14; 440dpi; 1080x2400; Xiaomi\/POCO; 22101320G; redwood; qcom; pt_BR; 996255481; IABMV\/1)",
        "externalId": 8693892,
        "fbp": null,
        "fbc": null
    },
    "products": [
        {
            "id": "PROD_6a3c7bae95dd6",
            "name": "Produto 85",
            "planId": null,
            "planName": null,
            "quantity": 1,
            "priceInCents": "8500"
        }
    ],
    "trackingParameters": {
        "utm_source": "FBjLj6a3c79f5f7924caf3e2a4a1b",
        "utm_medium": "ADV|120252229294410045",
        "utm_campaign": "CTV 01 PND \u2014 C\u00f3pia|120252229294530045",
        "utm_content": "AD|120252229293880045",
        "utm_term": "Instagram_Feed"
    },
    "commission": {
        "totalPriceInCents": "8500",
        "gatewayFeeInCents": 0,
        "userCommissionInCents": "8500"
    },
    "isTest": false
}
----------------------------------------
[2026-06-25 00:51:58] 📤 Dados formatados para Utmify
Dados: {
    "orderId": 8693892,
    "platform": "PayHubr",
    "paymentMethod": "pix",
    "status": "waiting_payment",
    "createdAt": "2026-06-25 00:51:58",
    "approvedDate": null,
    "refundedAt": null,
    "customer": {
        "name": "Gustavo Costa Silva",
        "email": "gustavo.costa.silva@email.com",
        "phone": null,
        "document": "65118483026",
        "country": "BR",
        "ip": "78.40.143.130"
    },
    "products": [
        {
            "id": "PROD_6a3c7bae95dd6",
            "name": "Produto 85",
            "planId": null,
            "planName": null,
            "quantity": 1,
            "priceInCents": "8500"
        }
    ],
    "trackingParameters": {
        "src": null,
        "sck": null,
        "utm_source": "FBjLj6a3c79f5f7924caf3e2a4a1b",
        "utm_campaign": "CTV 01 PND \u2014 C\u00f3pia|120252229294530045",
        "utm_medium": "ADV|120252229294410045",
        "utm_content": "AD|120252229293880045",
        "utm_term": "Instagram_Feed",
        "xcod": null,
        "fbclid": null,
        "gclid": null,
        "ttclid": null
    },
    "commission": {
        "totalPriceInCents": "8500",
        "gatewayFeeInCents": 0,
        "userCommissionInCents": "8500"
    },
    "isTest": false
}
----------------------------------------
[2026-06-25 00:51:58] 📡 Enviando requisição para Utmify
Dados: {
    "url": "https:\/\/api.utmify.com.br\/api-credentials\/orders",
    "headers": [
        "Content-Type: application\/json",
        "x-api-token: [REDACTED]"
    ]
}
----------------------------------------
[2026-06-25 00:51:58] ✅ Resposta da API Utmify
Dados: {
    "http_code": 404,
    "response": {
        "OK": false,
        "data": {
            "type": "API_CREDENTIAL"
        },
        "result": "ERROR",
        "statusCode": 404,
        "message": "API_CREDENTIAL_NOT_FOUND"
    }
}
----------------------------------------
[2026-06-25 00:51:58] ❌ Erro
Dados: {
    "message": "Erro na API Utmify. HTTP Code: 404"
}
----------------------------------------
[2026-06-25 00:51:59] 📥 Dados recebidos do PayHubr
Dados: {
    "raw": "{\"orderId\":8693894,\"platform\":\"MinhaPlataforma\",\"paymentMethod\":\"pix\",\"status\":\"waiting_payment\",\"createdAt\":\"2026-06-24 21:51:59\",\"approvedDate\":null,\"refundedAt\":null,\"customer\":{\"name\":\"Clara Silva Gomes\",\"email\":\"clara.silva.gomes@email.com\",\"phone\":\"11999999999\",\"document\":\"45303874613\",\"country\":\"BR\",\"ip\":\"170.78.62.3\",\"userAgent\":\"Mozilla\\\/5.0 (Linux; Android 15; moto g35 5G Build\\\/VUOA35.116-128; wv) AppleWebKit\\\/537.36 (KHTML, like Gecko) Version\\\/4.0 Chrome\\\/149.0.7827.91 Mobile Safari\\\/537.36 Instagram 434.0.0.44.74 Android (35\\\/15; 446dpi; 1080x2400; motorola; moto g35 5G; manila; ums9620_2h10; pt_BR; 996255556; IABMV\\\/1)\",\"externalId\":8693894,\"fbp\":null,\"fbc\":null},\"products\":[{\"id\":\"PROD_6a3c7bafd3896\",\"name\":\"Produto 85\",\"planId\":null,\"planName\":null,\"quantity\":1,\"priceInCents\":\"8500\"}],\"trackingParameters\":{\"utm_source\":\"FBjLj6a3c7b13098c1ec6094fc632\",\"utm_medium\":\"ADV|120252150072920045\",\"utm_campaign\":\"CTV 11 PND \\u2014 C\\u00f3pia|120252150072980045\",\"utm_content\":\"AD|120252150072940045\",\"utm_term\":\"Instagram_Stories\"},\"commission\":{\"totalPriceInCents\":\"8500\",\"gatewayFeeInCents\":0,\"userCommissionInCents\":\"8500\"},\"isTest\":false}"
}
----------------------------------------
[2026-06-25 00:51:59] 🔄 Processando dados recebidos
Dados: {
    "orderId": 8693894,
    "platform": "MinhaPlataforma",
    "paymentMethod": "pix",
    "status": "waiting_payment",
    "createdAt": "2026-06-24 21:51:59",
    "approvedDate": null,
    "refundedAt": null,
    "customer": {
        "name": "Clara Silva Gomes",
        "email": "clara.silva.gomes@email.com",
        "phone": "11999999999",
        "document": "45303874613",
        "country": "BR",
        "ip": "170.78.62.3",
        "userAgent": "Mozilla\/5.0 (Linux; Android 15; moto g35 5G Build\/VUOA35.116-128; wv) AppleWebKit\/537.36 (KHTML, like Gecko) Version\/4.0 Chrome\/149.0.7827.91 Mobile Safari\/537.36 Instagram 434.0.0.44.74 Android (35\/15; 446dpi; 1080x2400; motorola; moto g35 5G; manila; ums9620_2h10; pt_BR; 996255556; IABMV\/1)",
        "externalId": 8693894,
        "fbp": null,
        "fbc": null
    },
    "products": [
        {
            "id": "PROD_6a3c7bafd3896",
            "name": "Produto 85",
            "planId": null,
            "planName": null,
            "quantity": 1,
            "priceInCents": "8500"
        }
    ],
    "trackingParameters": {
        "utm_source": "FBjLj6a3c7b13098c1ec6094fc632",
        "utm_medium": "ADV|120252150072920045",
        "utm_campaign": "CTV 11 PND \u2014 C\u00f3pia|120252150072980045",
        "utm_content": "AD|120252150072940045",
        "utm_term": "Instagram_Stories"
    },
    "commission": {
        "totalPriceInCents": "8500",
        "gatewayFeeInCents": 0,
        "userCommissionInCents": "8500"
    },
    "isTest": false
}
----------------------------------------
[2026-06-25 00:51:59] 📤 Dados formatados para Utmify
Dados: {
    "orderId": 8693894,
    "platform": "PayHubr",
    "paymentMethod": "pix",
    "status": "waiting_payment",
    "createdAt": "2026-06-25 00:51:59",
    "approvedDate": null,
    "refundedAt": null,
    "customer": {
        "name": "Clara Silva Gomes",
        "email": "clara.silva.gomes@email.com",
        "phone": null,
        "document": "45303874613",
        "country": "BR",
        "ip": "78.40.143.130"
    },
    "products": [
        {
            "id": "PROD_6a3c7bafd3896",
            "name": "Produto 85",
            "planId": null,
            "planName": null,
            "quantity": 1,
            "priceInCents": "8500"
        }
    ],
    "trackingParameters": {
        "src": null,
        "sck": null,
        "utm_source": "FBjLj6a3c7b13098c1ec6094fc632",
        "utm_campaign": "CTV 11 PND \u2014 C\u00f3pia|120252150072980045",
        "utm_medium": "ADV|120252150072920045",
        "utm_content": "AD|120252150072940045",
        "utm_term": "Instagram_Stories",
        "xcod": null,
        "fbclid": null,
        "gclid": null,
        "ttclid": null
    },
    "commission": {
        "totalPriceInCents": "8500",
        "gatewayFeeInCents": 0,
        "userCommissionInCents": "8500"
    },
    "isTest": false
}
----------------------------------------
[2026-06-25 00:51:59] 📡 Enviando requisição para Utmify
Dados: {
    "url": "https:\/\/api.utmify.com.br\/api-credentials\/orders",
    "headers": [
        "Content-Type: application\/json",
        "x-api-token: [REDACTED]"
    ]
}
----------------------------------------
[2026-06-25 00:52:00] ✅ Resposta da API Utmify
Dados: {
    "http_code": 404,
    "response": {
        "OK": false,
        "data": {
            "type": "API_CREDENTIAL"
        },
        "result": "ERROR",
        "statusCode": 404,
        "message": "API_CREDENTIAL_NOT_FOUND"
    }
}
----------------------------------------
[2026-06-25 00:52:00] ❌ Erro
Dados: {
    "message": "Erro na API Utmify. HTTP Code: 404"
}
----------------------------------------
[2026-06-25 00:54:03] 📥 Dados recebidos do PayHubr
Dados: {
    "raw": "{\"orderId\":8693941,\"platform\":\"MinhaPlataforma\",\"paymentMethod\":\"pix\",\"status\":\"waiting_payment\",\"createdAt\":\"2026-06-24 21:54:03\",\"approvedDate\":null,\"refundedAt\":null,\"customer\":{\"name\":\"Laura Costa Alves\",\"email\":\"laura.costa.alves@email.com\",\"phone\":\"11999999999\",\"document\":\"90890981434\",\"country\":\"BR\",\"ip\":\"177.190.77.26\",\"userAgent\":\"Mozilla\\\/5.0 (Linux; Android 14; 24116RACCG Build\\\/UP1A.231005.007) AppleWebKit\\\/537.36 (KHTML, like Gecko) Version\\\/4.0 Chrome\\\/149.0.7827.150 Mobile Safari\\\/537.36 [FB_IAB\\\/FB4A;FBAV\\\/566.0.0.48.73;IABMV\\\/1;]\",\"externalId\":8693941,\"fbp\":null,\"fbc\":null},\"products\":[{\"id\":\"PROD_6a3c7c2b58fdc\",\"name\":\"Produto 85\",\"planId\":null,\"planName\":null,\"quantity\":1,\"priceInCents\":\"8500\"}],\"trackingParameters\":{\"utm_source\":\"FBjLj6a3c7add40d53c0a6c5351a1\",\"utm_medium\":\"ADV|120252229294470045\",\"utm_campaign\":\"CTV 01 PND \\u2014 C\\u00f3pia|120252229293670045\",\"utm_content\":\"AD|120252229294250045\",\"utm_term\":\"Facebook_Stories\"},\"commission\":{\"totalPriceInCents\":\"8500\",\"gatewayFeeInCents\":0,\"userCommissionInCents\":\"8500\"},\"isTest\":false}"
}
----------------------------------------
[2026-06-25 00:54:03] 🔄 Processando dados recebidos
Dados: {
    "orderId": 8693941,
    "platform": "MinhaPlataforma",
    "paymentMethod": "pix",
    "status": "waiting_payment",
    "createdAt": "2026-06-24 21:54:03",
    "approvedDate": null,
    "refundedAt": null,
    "customer": {
        "name": "Laura Costa Alves",
        "email": "laura.costa.alves@email.com",
        "phone": "11999999999",
        "document": "90890981434",
        "country": "BR",
        "ip": "177.190.77.26",
        "userAgent": "Mozilla\/5.0 (Linux; Android 14; 24116RACCG Build\/UP1A.231005.007) AppleWebKit\/537.36 (KHTML, like Gecko) Version\/4.0 Chrome\/149.0.7827.150 Mobile Safari\/537.36 [FB_IAB\/FB4A;FBAV\/566.0.0.48.73;IABMV\/1;]",
        "externalId": 8693941,
        "fbp": null,
        "fbc": null
    },
    "products": [
        {
            "id": "PROD_6a3c7c2b58fdc",
            "name": "Produto 85",
            "planId": null,
            "planName": null,
            "quantity": 1,
            "priceInCents": "8500"
        }
    ],
    "trackingParameters": {
        "utm_source": "FBjLj6a3c7add40d53c0a6c5351a1",
        "utm_medium": "ADV|120252229294470045",
        "utm_campaign": "CTV 01 PND \u2014 C\u00f3pia|120252229293670045",
        "utm_content": "AD|120252229294250045",
        "utm_term": "Facebook_Stories"
    },
    "commission": {
        "totalPriceInCents": "8500",
        "gatewayFeeInCents": 0,
        "userCommissionInCents": "8500"
    },
    "isTest": false
}
----------------------------------------
[2026-06-25 00:54:03] 📤 Dados formatados para Utmify
Dados: {
    "orderId": 8693941,
    "platform": "PayHubr",
    "paymentMethod": "pix",
    "status": "waiting_payment",
    "createdAt": "2026-06-25 00:54:03",
    "approvedDate": null,
    "refundedAt": null,
    "customer": {
        "name": "Laura Costa Alves",
        "email": "laura.costa.alves@email.com",
        "phone": null,
        "document": "90890981434",
        "country": "BR",
        "ip": "78.40.143.130"
    },
    "products": [
        {
            "id": "PROD_6a3c7c2b58fdc",
            "name": "Produto 85",
            "planId": null,
            "planName": null,
            "quantity": 1,
            "priceInCents": "8500"
        }
    ],
    "trackingParameters": {
        "src": null,
        "sck": null,
        "utm_source": "FBjLj6a3c7add40d53c0a6c5351a1",
        "utm_campaign": "CTV 01 PND \u2014 C\u00f3pia|120252229293670045",
        "utm_medium": "ADV|120252229294470045",
        "utm_content": "AD|120252229294250045",
        "utm_term": "Facebook_Stories",
        "xcod": null,
        "fbclid": null,
        "gclid": null,
        "ttclid": null
    },
    "commission": {
        "totalPriceInCents": "8500",
        "gatewayFeeInCents": 0,
        "userCommissionInCents": "8500"
    },
    "isTest": false
}
----------------------------------------
[2026-06-25 00:54:03] 📡 Enviando requisição para Utmify
Dados: {
    "url": "https:\/\/api.utmify.com.br\/api-credentials\/orders",
    "headers": [
        "Content-Type: application\/json",
        "x-api-token: [REDACTED]"
    ]
}
----------------------------------------
[2026-06-25 00:54:03] ✅ Resposta da API Utmify
Dados: {
    "http_code": 404,
    "response": {
        "OK": false,
        "data": {
            "type": "API_CREDENTIAL"
        },
        "result": "ERROR",
        "statusCode": 404,
        "message": "API_CREDENTIAL_NOT_FOUND"
    }
}
----------------------------------------
[2026-06-25 00:54:03] ❌ Erro
Dados: {
    "message": "Erro na API Utmify. HTTP Code: 404"
}
----------------------------------------
[2026-06-25 00:55:37] 📥 Dados recebidos do PayHubr
Dados: {
    "raw": "{\"orderId\":8693977,\"platform\":\"MinhaPlataforma\",\"paymentMethod\":\"pix\",\"status\":\"waiting_payment\",\"createdAt\":\"2026-06-24 21:55:37\",\"approvedDate\":null,\"refundedAt\":null,\"customer\":{\"name\":\"Jo\\u00e3o Oliveira Costa\",\"email\":\"jo\\u00e3o.oliveira.costa@email.com\",\"phone\":\"11999999999\",\"document\":\"94334335560\",\"country\":\"BR\",\"ip\":\"2804:7f3:5101:9bb7:5d58:9c1:140d:e527\",\"userAgent\":\"Mozilla\\\/5.0 (iPhone; CPU iPhone OS 26_5 like Mac OS X) AppleWebKit\\\/605.1.15 (KHTML, like Gecko) Mobile\\\/23F77 Instagram 434.0.0.28.78 (iPhone12,1; iOS 26_5; pt_BR; pt; scale=2.00; 828x1792; IABMV\\\/1; 994860828) Safari\\\/604.1\",\"externalId\":8693977,\"fbp\":null,\"fbc\":null},\"products\":[{\"id\":\"PROD_6a3c7c8909d69\",\"name\":\"Produto 85\",\"planId\":null,\"planName\":null,\"quantity\":1,\"priceInCents\":\"8500\"}],\"trackingParameters\":{\"utm_source\":\"FBjLj6a3c7bde88be114dbd292ee6\",\"utm_medium\":\"ADV|120252229294400045\",\"utm_campaign\":\"CTV 01 PND \\u2014 C\\u00f3pia|120252229294550045\",\"utm_content\":\"AD|120252229294240045\",\"utm_term\":\"Instagram_Feed\"},\"commission\":{\"totalPriceInCents\":\"8500\",\"gatewayFeeInCents\":0,\"userCommissionInCents\":\"8500\"},\"isTest\":false}"
}
----------------------------------------
[2026-06-25 00:55:37] 🔄 Processando dados recebidos
Dados: {
    "orderId": 8693977,
    "platform": "MinhaPlataforma",
    "paymentMethod": "pix",
    "status": "waiting_payment",
    "createdAt": "2026-06-24 21:55:37",
    "approvedDate": null,
    "refundedAt": null,
    "customer": {
        "name": "Jo\u00e3o Oliveira Costa",
        "email": "jo\u00e3o.oliveira.costa@email.com",
        "phone": "11999999999",
        "document": "94334335560",
        "country": "BR",
        "ip": "2804:7f3:5101:9bb7:5d58:9c1:140d:e527",
        "userAgent": "Mozilla\/5.0 (iPhone; CPU iPhone OS 26_5 like Mac OS X) AppleWebKit\/605.1.15 (KHTML, like Gecko) Mobile\/23F77 Instagram 434.0.0.28.78 (iPhone12,1; iOS 26_5; pt_BR; pt; scale=2.00; 828x1792; IABMV\/1; 994860828) Safari\/604.1",
        "externalId": 8693977,
        "fbp": null,
        "fbc": null
    },
    "products": [
        {
            "id": "PROD_6a3c7c8909d69",
            "name": "Produto 85",
            "planId": null,
            "planName": null,
            "quantity": 1,
            "priceInCents": "8500"
        }
    ],
    "trackingParameters": {
        "utm_source": "FBjLj6a3c7bde88be114dbd292ee6",
        "utm_medium": "ADV|120252229294400045",
        "utm_campaign": "CTV 01 PND \u2014 C\u00f3pia|120252229294550045",
        "utm_content": "AD|120252229294240045",
        "utm_term": "Instagram_Feed"
    },
    "commission": {
        "totalPriceInCents": "8500",
        "gatewayFeeInCents": 0,
        "userCommissionInCents": "8500"
    },
    "isTest": false
}
----------------------------------------
[2026-06-25 00:55:37] 📤 Dados formatados para Utmify
Dados: {
    "orderId": 8693977,
    "platform": "PayHubr",
    "paymentMethod": "pix",
    "status": "waiting_payment",
    "createdAt": "2026-06-25 00:55:37",
    "approvedDate": null,
    "refundedAt": null,
    "customer": {
        "name": "Jo\u00e3o Oliveira Costa",
        "email": "jo\u00e3o.oliveira.costa@email.com",
        "phone": null,
        "document": "94334335560",
        "country": "BR",
        "ip": "78.40.143.130"
    },
    "products": [
        {
            "id": "PROD_6a3c7c8909d69",
            "name": "Produto 85",
            "planId": null,
            "planName": null,
            "quantity": 1,
            "priceInCents": "8500"
        }
    ],
    "trackingParameters": {
        "src": null,
        "sck": null,
        "utm_source": "FBjLj6a3c7bde88be114dbd292ee6",
        "utm_campaign": "CTV 01 PND \u2014 C\u00f3pia|120252229294550045",
        "utm_medium": "ADV|120252229294400045",
        "utm_content": "AD|120252229294240045",
        "utm_term": "Instagram_Feed",
        "xcod": null,
        "fbclid": null,
        "gclid": null,
        "ttclid": null
    },
    "commission": {
        "totalPriceInCents": "8500",
        "gatewayFeeInCents": 0,
        "userCommissionInCents": "8500"
    },
    "isTest": false
}
----------------------------------------
[2026-06-25 00:55:37] 📡 Enviando requisição para Utmify
Dados: {
    "url": "https:\/\/api.utmify.com.br\/api-credentials\/orders",
    "headers": [
        "Content-Type: application\/json",
        "x-api-token: [REDACTED]"
    ]
}
----------------------------------------
[2026-06-25 00:55:37] ✅ Resposta da API Utmify
Dados: {
    "http_code": 404,
    "response": {
        "OK": false,
        "data": {
            "type": "API_CREDENTIAL"
        },
        "result": "ERROR",
        "statusCode": 404,
        "message": "API_CREDENTIAL_NOT_FOUND"
    }
}
----------------------------------------
[2026-06-25 00:55:37] ❌ Erro
Dados: {
    "message": "Erro na API Utmify. HTTP Code: 404"
}
----------------------------------------
[2026-06-25 00:58:20] 📥 Dados recebidos do PayHubr
Dados: {
    "raw": "{\"orderId\":8694042,\"platform\":\"MinhaPlataforma\",\"paymentMethod\":\"pix\",\"status\":\"waiting_payment\",\"createdAt\":\"2026-06-24 21:58:20\",\"approvedDate\":null,\"refundedAt\":null,\"customer\":{\"name\":\"Rafael Ribeiro Alves\",\"email\":\"rafael.ribeiro.alves@email.com\",\"phone\":\"11999999999\",\"document\":\"69196771216\",\"country\":\"BR\",\"ip\":\"2804:7f3:5101:9bb7:5d58:9c1:140d:e527\",\"userAgent\":\"Mozilla\\\/5.0 (iPhone; CPU iPhone OS 26_5 like Mac OS X) AppleWebKit\\\/605.1.15 (KHTML, like Gecko) Mobile\\\/23F77 Instagram 434.0.0.28.78 (iPhone12,1; iOS 26_5; pt_BR; pt; scale=2.00; 828x1792; IABMV\\\/1; 994860828) Safari\\\/604.1\",\"externalId\":8694042,\"fbp\":null,\"fbc\":null},\"products\":[{\"id\":\"PROD_6a3c7d2cc31f5\",\"name\":\"Produto 85\",\"planId\":null,\"planName\":null,\"quantity\":1,\"priceInCents\":\"8500\"}],\"trackingParameters\":{\"utm_source\":\"FBjLj6a3c7bde88be114dbd292ee6\",\"utm_medium\":\"ADV|120252229294400045\",\"utm_campaign\":\"CTV 01 PND \\u2014 C\\u00f3pia|120252229294550045\",\"utm_content\":\"AD|120252229294240045\",\"utm_term\":\"Instagram_Feed\"},\"commission\":{\"totalPriceInCents\":\"8500\",\"gatewayFeeInCents\":0,\"userCommissionInCents\":\"8500\"},\"isTest\":false}"
}
----------------------------------------
[2026-06-25 00:58:20] 🔄 Processando dados recebidos
Dados: {
    "orderId": 8694042,
    "platform": "MinhaPlataforma",
    "paymentMethod": "pix",
    "status": "waiting_payment",
    "createdAt": "2026-06-24 21:58:20",
    "approvedDate": null,
    "refundedAt": null,
    "customer": {
        "name": "Rafael Ribeiro Alves",
        "email": "rafael.ribeiro.alves@email.com",
        "phone": "11999999999",
        "document": "69196771216",
        "country": "BR",
        "ip": "2804:7f3:5101:9bb7:5d58:9c1:140d:e527",
        "userAgent": "Mozilla\/5.0 (iPhone; CPU iPhone OS 26_5 like Mac OS X) AppleWebKit\/605.1.15 (KHTML, like Gecko) Mobile\/23F77 Instagram 434.0.0.28.78 (iPhone12,1; iOS 26_5; pt_BR; pt; scale=2.00; 828x1792; IABMV\/1; 994860828) Safari\/604.1",
        "externalId": 8694042,
        "fbp": null,
        "fbc": null
    },
    "products": [
        {
            "id": "PROD_6a3c7d2cc31f5",
            "name": "Produto 85",
            "planId": null,
            "planName": null,
            "quantity": 1,
            "priceInCents": "8500"
        }
    ],
    "trackingParameters": {
        "utm_source": "FBjLj6a3c7bde88be114dbd292ee6",
        "utm_medium": "ADV|120252229294400045",
        "utm_campaign": "CTV 01 PND \u2014 C\u00f3pia|120252229294550045",
        "utm_content": "AD|120252229294240045",
        "utm_term": "Instagram_Feed"
    },
    "commission": {
        "totalPriceInCents": "8500",
        "gatewayFeeInCents": 0,
        "userCommissionInCents": "8500"
    },
    "isTest": false
}
----------------------------------------
[2026-06-25 00:58:20] 📤 Dados formatados para Utmify
Dados: {
    "orderId": 8694042,
    "platform": "PayHubr",
    "paymentMethod": "pix",
    "status": "waiting_payment",
    "createdAt": "2026-06-25 00:58:20",
    "approvedDate": null,
    "refundedAt": null,
    "customer": {
        "name": "Rafael Ribeiro Alves",
        "email": "rafael.ribeiro.alves@email.com",
        "phone": null,
        "document": "69196771216",
        "country": "BR",
        "ip": "78.40.143.130"
    },
    "products": [
        {
            "id": "PROD_6a3c7d2cc31f5",
            "name": "Produto 85",
            "planId": null,
            "planName": null,
            "quantity": 1,
            "priceInCents": "8500"
        }
    ],
    "trackingParameters": {
        "src": null,
        "sck": null,
        "utm_source": "FBjLj6a3c7bde88be114dbd292ee6",
        "utm_campaign": "CTV 01 PND \u2014 C\u00f3pia|120252229294550045",
        "utm_medium": "ADV|120252229294400045",
        "utm_content": "AD|120252229294240045",
        "utm_term": "Instagram_Feed",
        "xcod": null,
        "fbclid": null,
        "gclid": null,
        "ttclid": null
    },
    "commission": {
        "totalPriceInCents": "8500",
        "gatewayFeeInCents": 0,
        "userCommissionInCents": "8500"
    },
    "isTest": false
}
----------------------------------------
[2026-06-25 00:58:20] 📡 Enviando requisição para Utmify
Dados: {
    "url": "https:\/\/api.utmify.com.br\/api-credentials\/orders",
    "headers": [
        "Content-Type: application\/json",
        "x-api-token: [REDACTED]"
    ]
}
----------------------------------------
[2026-06-25 00:58:21] ✅ Resposta da API Utmify
Dados: {
    "http_code": 404,
    "response": {
        "OK": false,
        "data": {
            "type": "API_CREDENTIAL"
        },
        "result": "ERROR",
        "statusCode": 404,
        "message": "API_CREDENTIAL_NOT_FOUND"
    }
}
----------------------------------------
[2026-06-25 00:58:21] ❌ Erro
Dados: {
    "message": "Erro na API Utmify. HTTP Code: 404"
}
----------------------------------------
[2026-06-25 00:58:22] 📥 Dados recebidos do PayHubr
Dados: {
    "raw": "{\"orderId\":8694045,\"platform\":\"MinhaPlataforma\",\"paymentMethod\":\"pix\",\"status\":\"waiting_payment\",\"createdAt\":\"2026-06-24 21:58:22\",\"approvedDate\":null,\"refundedAt\":null,\"customer\":{\"name\":\"Lucas Costa Barbosa\",\"email\":\"lucas.costa.barbosa@email.com\",\"phone\":\"11999999999\",\"document\":\"20039014690\",\"country\":\"BR\",\"ip\":\"2804:4ec:1103:16a0:89ea:8b7a:6d85:a1df\",\"userAgent\":\"Mozilla\\\/5.0 (Linux; Android 12; Infinix X6826 Build\\\/SP1A.210812.016; wv) AppleWebKit\\\/537.36 (KHTML, like Gecko) Version\\\/4.0 Chrome\\\/149.0.7827.150 Mobile Safari\\\/537.36 [FB_IAB\\\/FB4A;FBAV\\\/566.0.0.48.73;IABMV\\\/1;]\",\"externalId\":8694045,\"fbp\":null,\"fbc\":null},\"products\":[{\"id\":\"PROD_6a3c7d2e06812\",\"name\":\"Produto 85\",\"planId\":null,\"planName\":null,\"quantity\":1,\"priceInCents\":\"8500\"}],\"trackingParameters\":{\"utm_source\":\"FBjLj6a3c7c9c37617be68e66e353\",\"utm_medium\":\"ADV|120252229294140045\",\"utm_campaign\":\"CTV 11 PND \\u2014 C\\u00f3pia \\u2014 C\\u00f3pia|120252229294370045\",\"utm_content\":\"AD|120252229293860045\",\"utm_term\":\"Facebook_Mobile_Feed\"},\"commission\":{\"totalPriceInCents\":\"8500\",\"gatewayFeeInCents\":0,\"userCommissionInCents\":\"8500\"},\"isTest\":false}"
}
----------------------------------------
[2026-06-25 00:58:22] 🔄 Processando dados recebidos
Dados: {
    "orderId": 8694045,
    "platform": "MinhaPlataforma",
    "paymentMethod": "pix",
    "status": "waiting_payment",
    "createdAt": "2026-06-24 21:58:22",
    "approvedDate": null,
    "refundedAt": null,
    "customer": {
        "name": "Lucas Costa Barbosa",
        "email": "lucas.costa.barbosa@email.com",
        "phone": "11999999999",
        "document": "20039014690",
        "country": "BR",
        "ip": "2804:4ec:1103:16a0:89ea:8b7a:6d85:a1df",
        "userAgent": "Mozilla\/5.0 (Linux; Android 12; Infinix X6826 Build\/SP1A.210812.016; wv) AppleWebKit\/537.36 (KHTML, like Gecko) Version\/4.0 Chrome\/149.0.7827.150 Mobile Safari\/537.36 [FB_IAB\/FB4A;FBAV\/566.0.0.48.73;IABMV\/1;]",
        "externalId": 8694045,
        "fbp": null,
        "fbc": null
    },
    "products": [
        {
            "id": "PROD_6a3c7d2e06812",
            "name": "Produto 85",
            "planId": null,
            "planName": null,
            "quantity": 1,
            "priceInCents": "8500"
        }
    ],
    "trackingParameters": {
        "utm_source": "FBjLj6a3c7c9c37617be68e66e353",
        "utm_medium": "ADV|120252229294140045",
        "utm_campaign": "CTV 11 PND \u2014 C\u00f3pia \u2014 C\u00f3pia|120252229294370045",
        "utm_content": "AD|120252229293860045",
        "utm_term": "Facebook_Mobile_Feed"
    },
    "commission": {
        "totalPriceInCents": "8500",
        "gatewayFeeInCents": 0,
        "userCommissionInCents": "8500"
    },
    "isTest": false
}
----------------------------------------
[2026-06-25 00:58:22] 📤 Dados formatados para Utmify
Dados: {
    "orderId": 8694045,
    "platform": "PayHubr",
    "paymentMethod": "pix",
    "status": "waiting_payment",
    "createdAt": "2026-06-25 00:58:22",
    "approvedDate": null,
    "refundedAt": null,
    "customer": {
        "name": "Lucas Costa Barbosa",
        "email": "lucas.costa.barbosa@email.com",
        "phone": null,
        "document": "20039014690",
        "country": "BR",
        "ip": "78.40.143.130"
    },
    "products": [
        {
            "id": "PROD_6a3c7d2e06812",
            "name": "Produto 85",
            "planId": null,
            "planName": null,
            "quantity": 1,
            "priceInCents": "8500"
        }
    ],
    "trackingParameters": {
        "src": null,
        "sck": null,
        "utm_source": "FBjLj6a3c7c9c37617be68e66e353",
        "utm_campaign": "CTV 11 PND \u2014 C\u00f3pia \u2014 C\u00f3pia|120252229294370045",
        "utm_medium": "ADV|120252229294140045",
        "utm_content": "AD|120252229293860045",
        "utm_term": "Facebook_Mobile_Feed",
        "xcod": null,
        "fbclid": null,
        "gclid": null,
        "ttclid": null
    },
    "commission": {
        "totalPriceInCents": "8500",
        "gatewayFeeInCents": 0,
        "userCommissionInCents": "8500"
    },
    "isTest": false
}
----------------------------------------
[2026-06-25 00:58:22] 📡 Enviando requisição para Utmify
Dados: {
    "url": "https:\/\/api.utmify.com.br\/api-credentials\/orders",
    "headers": [
        "Content-Type: application\/json",
        "x-api-token: [REDACTED]"
    ]
}
----------------------------------------
[2026-06-25 00:58:22] ✅ Resposta da API Utmify
Dados: {
    "http_code": 404,
    "response": {
        "OK": false,
        "data": {
            "type": "API_CREDENTIAL"
        },
        "result": "ERROR",
        "statusCode": 404,
        "message": "API_CREDENTIAL_NOT_FOUND"
    }
}
----------------------------------------
[2026-06-25 00:58:22] ❌ Erro
Dados: {
    "message": "Erro na API Utmify. HTTP Code: 404"
}
----------------------------------------
[2026-06-25 00:58:33] 📥 Dados recebidos do PayHubr
Dados: {
    "raw": "{\"orderId\":8694051,\"platform\":\"MinhaPlataforma\",\"paymentMethod\":\"pix\",\"status\":\"waiting_payment\",\"createdAt\":\"2026-06-24 21:58:33\",\"approvedDate\":null,\"refundedAt\":null,\"customer\":{\"name\":\"Valentina Santos Almeida\",\"email\":\"valentina.santos.almeida@email.com\",\"phone\":\"11999999999\",\"document\":\"13537768168\",\"country\":\"BR\",\"ip\":\"2804:d4b:7619:f300:87de:6612:99d:703b\",\"userAgent\":\"Mozilla\\\/5.0 (Linux; Android 15; moto g54 5G Build\\\/V1TD35H.83-20-5-8-2-1; wv) AppleWebKit\\\/537.36 (KHTML, like Gecko) Version\\\/4.0 Chrome\\\/149.0.7827.150 Mobile Safari\\\/537.36 [FB_IAB\\\/FB4A;FBAV\\\/566.0.0.48.73;IABMV\\\/1;]\",\"externalId\":8694051,\"fbp\":null,\"fbc\":null},\"products\":[{\"id\":\"PROD_6a3c7d39dc803\",\"name\":\"Produto 85\",\"planId\":null,\"planName\":null,\"quantity\":1,\"priceInCents\":\"8500\"}],\"trackingParameters\":{\"utm_source\":\"FBjLj6a3c74da5278289032a6a212\",\"utm_medium\":\"ADV|120252229293970045\",\"utm_campaign\":\"CTV 11 PND \\u2014 C\\u00f3pia \\u2014 C\\u00f3pia|120252229294320045\",\"utm_content\":\"AD|120252229293810045\",\"utm_term\":\"Facebook_Mobile_Reels\"},\"commission\":{\"totalPriceInCents\":\"8500\",\"gatewayFeeInCents\":0,\"userCommissionInCents\":\"8500\"},\"isTest\":false}"
}
----------------------------------------
[2026-06-25 00:58:33] 🔄 Processando dados recebidos
Dados: {
    "orderId": 8694051,
    "platform": "MinhaPlataforma",
    "paymentMethod": "pix",
    "status": "waiting_payment",
    "createdAt": "2026-06-24 21:58:33",
    "approvedDate": null,
    "refundedAt": null,
    "customer": {
        "name": "Valentina Santos Almeida",
        "email": "valentina.santos.almeida@email.com",
        "phone": "11999999999",
        "document": "13537768168",
        "country": "BR",
        "ip": "2804:d4b:7619:f300:87de:6612:99d:703b",
        "userAgent": "Mozilla\/5.0 (Linux; Android 15; moto g54 5G Build\/V1TD35H.83-20-5-8-2-1; wv) AppleWebKit\/537.36 (KHTML, like Gecko) Version\/4.0 Chrome\/149.0.7827.150 Mobile Safari\/537.36 [FB_IAB\/FB4A;FBAV\/566.0.0.48.73;IABMV\/1;]",
        "externalId": 8694051,
        "fbp": null,
        "fbc": null
    },
    "products": [
        {
            "id": "PROD_6a3c7d39dc803",
            "name": "Produto 85",
            "planId": null,
            "planName": null,
            "quantity": 1,
            "priceInCents": "8500"
        }
    ],
    "trackingParameters": {
        "utm_source": "FBjLj6a3c74da5278289032a6a212",
        "utm_medium": "ADV|120252229293970045",
        "utm_campaign": "CTV 11 PND \u2014 C\u00f3pia \u2014 C\u00f3pia|120252229294320045",
        "utm_content": "AD|120252229293810045",
        "utm_term": "Facebook_Mobile_Reels"
    },
    "commission": {
        "totalPriceInCents": "8500",
        "gatewayFeeInCents": 0,
        "userCommissionInCents": "8500"
    },
    "isTest": false
}
----------------------------------------
[2026-06-25 00:58:33] 📤 Dados formatados para Utmify
Dados: {
    "orderId": 8694051,
    "platform": "PayHubr",
    "paymentMethod": "pix",
    "status": "waiting_payment",
    "createdAt": "2026-06-25 00:58:33",
    "approvedDate": null,
    "refundedAt": null,
    "customer": {
        "name": "Valentina Santos Almeida",
        "email": "valentina.santos.almeida@email.com",
        "phone": null,
        "document": "13537768168",
        "country": "BR",
        "ip": "78.40.143.130"
    },
    "products": [
        {
            "id": "PROD_6a3c7d39dc803",
            "name": "Produto 85",
            "planId": null,
            "planName": null,
            "quantity": 1,
            "priceInCents": "8500"
        }
    ],
    "trackingParameters": {
        "src": null,
        "sck": null,
        "utm_source": "FBjLj6a3c74da5278289032a6a212",
        "utm_campaign": "CTV 11 PND \u2014 C\u00f3pia \u2014 C\u00f3pia|120252229294320045",
        "utm_medium": "ADV|120252229293970045",
        "utm_content": "AD|120252229293810045",
        "utm_term": "Facebook_Mobile_Reels",
        "xcod": null,
        "fbclid": null,
        "gclid": null,
        "ttclid": null
    },
    "commission": {
        "totalPriceInCents": "8500",
        "gatewayFeeInCents": 0,
        "userCommissionInCents": "8500"
    },
    "isTest": false
}
----------------------------------------
[2026-06-25 00:58:33] 📡 Enviando requisição para Utmify
Dados: {
    "url": "https:\/\/api.utmify.com.br\/api-credentials\/orders",
    "headers": [
        "Content-Type: application\/json",
        "x-api-token: [REDACTED]"
    ]
}
----------------------------------------
[2026-06-25 00:58:34] ✅ Resposta da API Utmify
Dados: {
    "http_code": 404,
    "response": {
        "OK": false,
        "data": {
            "type": "API_CREDENTIAL"
        },
        "result": "ERROR",
        "statusCode": 404,
        "message": "API_CREDENTIAL_NOT_FOUND"
    }
}
----------------------------------------
[2026-06-25 00:58:34] ❌ Erro
Dados: {
    "message": "Erro na API Utmify. HTTP Code: 404"
}
----------------------------------------
[2026-06-25 00:59:14] 📥 Dados recebidos do PayHubr
Dados: {
    "raw": "{\"orderId\":8694066,\"platform\":\"MinhaPlataforma\",\"paymentMethod\":\"pix\",\"status\":\"waiting_payment\",\"createdAt\":\"2026-06-24 21:59:14\",\"approvedDate\":null,\"refundedAt\":null,\"customer\":{\"name\":\"Jo\\u00e3o Pereira Carvalho\",\"email\":\"jo\\u00e3o.pereira.carvalho@email.com\",\"phone\":\"11999999999\",\"document\":\"45332125658\",\"country\":\"BR\",\"ip\":\"2804:3408:300:5f00:210c:ddc8:c1ca:68c3\",\"userAgent\":\"Mozilla\\\/5.0 (Linux; Android 14; SM-A235M Build\\\/UP1A.231005.007) AppleWebKit\\\/537.36 (KHTML, like Gecko) Version\\\/4.0 Chrome\\\/149.0.7827.150 Mobile Safari\\\/537.36 [FB_IAB\\\/FB4A;FBAV\\\/566.0.0.48.73;IABMV\\\/1;]\",\"externalId\":8694066,\"fbp\":null,\"fbc\":null},\"products\":[{\"id\":\"PROD_6a3c7d62a8300\",\"name\":\"Produto 85\",\"planId\":null,\"planName\":null,\"quantity\":1,\"priceInCents\":\"8500\"}],\"trackingParameters\":{\"utm_source\":\"FBjLj6a3c7c6fd5ee016d31cf9441\",\"utm_medium\":\"ADV|120252150072920045\",\"utm_campaign\":\"CTV 11 PND \\u2014 C\\u00f3pia|120252150072980045\",\"utm_content\":\"AD|120252150072940045\",\"utm_term\":\"Facebook_Mobile_Feed\"},\"commission\":{\"totalPriceInCents\":\"8500\",\"gatewayFeeInCents\":0,\"userCommissionInCents\":\"8500\"},\"isTest\":false}"
}
----------------------------------------
[2026-06-25 00:59:14] 🔄 Processando dados recebidos
Dados: {
    "orderId": 8694066,
    "platform": "MinhaPlataforma",
    "paymentMethod": "pix",
    "status": "waiting_payment",
    "createdAt": "2026-06-24 21:59:14",
    "approvedDate": null,
    "refundedAt": null,
    "customer": {
        "name": "Jo\u00e3o Pereira Carvalho",
        "email": "jo\u00e3o.pereira.carvalho@email.com",
        "phone": "11999999999",
        "document": "45332125658",
        "country": "BR",
        "ip": "2804:3408:300:5f00:210c:ddc8:c1ca:68c3",
        "userAgent": "Mozilla\/5.0 (Linux; Android 14; SM-A235M Build\/UP1A.231005.007) AppleWebKit\/537.36 (KHTML, like Gecko) Version\/4.0 Chrome\/149.0.7827.150 Mobile Safari\/537.36 [FB_IAB\/FB4A;FBAV\/566.0.0.48.73;IABMV\/1;]",
        "externalId": 8694066,
        "fbp": null,
        "fbc": null
    },
    "products": [
        {
            "id": "PROD_6a3c7d62a8300",
            "name": "Produto 85",
            "planId": null,
            "planName": null,
            "quantity": 1,
            "priceInCents": "8500"
        }
    ],
    "trackingParameters": {
        "utm_source": "FBjLj6a3c7c6fd5ee016d31cf9441",
        "utm_medium": "ADV|120252150072920045",
        "utm_campaign": "CTV 11 PND \u2014 C\u00f3pia|120252150072980045",
        "utm_content": "AD|120252150072940045",
        "utm_term": "Facebook_Mobile_Feed"
    },
    "commission": {
        "totalPriceInCents": "8500",
        "gatewayFeeInCents": 0,
        "userCommissionInCents": "8500"
    },
    "isTest": false
}
----------------------------------------
[2026-06-25 00:59:14] 📤 Dados formatados para Utmify
Dados: {
    "orderId": 8694066,
    "platform": "PayHubr",
    "paymentMethod": "pix",
    "status": "waiting_payment",
    "createdAt": "2026-06-25 00:59:14",
    "approvedDate": null,
    "refundedAt": null,
    "customer": {
        "name": "Jo\u00e3o Pereira Carvalho",
        "email": "jo\u00e3o.pereira.carvalho@email.com",
        "phone": null,
        "document": "45332125658",
        "country": "BR",
        "ip": "78.40.143.130"
    },
    "products": [
        {
            "id": "PROD_6a3c7d62a8300",
            "name": "Produto 85",
            "planId": null,
            "planName": null,
            "quantity": 1,
            "priceInCents": "8500"
        }
    ],
    "trackingParameters": {
        "src": null,
        "sck": null,
        "utm_source": "FBjLj6a3c7c6fd5ee016d31cf9441",
        "utm_campaign": "CTV 11 PND \u2014 C\u00f3pia|120252150072980045",
        "utm_medium": "ADV|120252150072920045",
        "utm_content": "AD|120252150072940045",
        "utm_term": "Facebook_Mobile_Feed",
        "xcod": null,
        "fbclid": null,
        "gclid": null,
        "ttclid": null
    },
    "commission": {
        "totalPriceInCents": "8500",
        "gatewayFeeInCents": 0,
        "userCommissionInCents": "8500"
    },
    "isTest": false
}
----------------------------------------
[2026-06-25 00:59:14] 📡 Enviando requisição para Utmify
Dados: {
    "url": "https:\/\/api.utmify.com.br\/api-credentials\/orders",
    "headers": [
        "Content-Type: application\/json",
        "x-api-token: [REDACTED]"
    ]
}
----------------------------------------
[2026-06-25 00:59:14] ✅ Resposta da API Utmify
Dados: {
    "http_code": 404,
    "response": {
        "OK": false,
        "data": {
            "type": "API_CREDENTIAL"
        },
        "result": "ERROR",
        "statusCode": 404,
        "message": "API_CREDENTIAL_NOT_FOUND"
    }
}
----------------------------------------
[2026-06-25 00:59:14] ❌ Erro
Dados: {
    "message": "Erro na API Utmify. HTTP Code: 404"
}
----------------------------------------
[2026-06-25 00:59:25] 📥 Dados recebidos do PayHubr
Dados: {
    "raw": "{\"orderId\":8694072,\"platform\":\"MinhaPlataforma\",\"paymentMethod\":\"pix\",\"status\":\"waiting_payment\",\"createdAt\":\"2026-06-24 21:59:25\",\"approvedDate\":null,\"refundedAt\":null,\"customer\":{\"name\":\"Alice Souza Alves\",\"email\":\"alice.souza.alves@email.com\",\"phone\":\"11999999999\",\"document\":\"69914839584\",\"country\":\"BR\",\"ip\":\"45.164.63.160\",\"userAgent\":\"Mozilla\\\/5.0 (Linux; Android 14; 22111317PG Build\\\/UKQ1.231003.002; wv) AppleWebKit\\\/537.36 (KHTML, like Gecko) Version\\\/4.0 Chrome\\\/149.0.7827.91 Mobile Safari\\\/537.36 Instagram 434.0.0.44.74 Android (34\\\/14; 440dpi; 1080x2400; Xiaomi\\\/POCO; 22111317PG; moonstone; qcom; pt_BR; 996255556; IABMV\\\/1)\",\"externalId\":8694072,\"fbp\":null,\"fbc\":null},\"products\":[{\"id\":\"PROD_6a3c7d6dc45d5\",\"name\":\"Produto 85\",\"planId\":null,\"planName\":null,\"quantity\":1,\"priceInCents\":\"8500\"}],\"trackingParameters\":{\"utm_source\":\"FBjLj6a3c7c4fd5ee016d31cf89e5\",\"utm_medium\":\"ADV|120252150072880045\",\"utm_campaign\":\"CTV 01 PND \\u2014 C\\u00f3pia|120252150072990045\",\"utm_content\":\"AD|120252150072960045\",\"utm_term\":\"Instagram_Stories\"},\"commission\":{\"totalPriceInCents\":\"8500\",\"gatewayFeeInCents\":0,\"userCommissionInCents\":\"8500\"},\"isTest\":false}"
}
----------------------------------------
[2026-06-25 00:59:25] 🔄 Processando dados recebidos
Dados: {
    "orderId": 8694072,
    "platform": "MinhaPlataforma",
    "paymentMethod": "pix",
    "status": "waiting_payment",
    "createdAt": "2026-06-24 21:59:25",
    "approvedDate": null,
    "refundedAt": null,
    "customer": {
        "name": "Alice Souza Alves",
        "email": "alice.souza.alves@email.com",
        "phone": "11999999999",
        "document": "69914839584",
        "country": "BR",
        "ip": "45.164.63.160",
        "userAgent": "Mozilla\/5.0 (Linux; Android 14; 22111317PG Build\/UKQ1.231003.002; wv) AppleWebKit\/537.36 (KHTML, like Gecko) Version\/4.0 Chrome\/149.0.7827.91 Mobile Safari\/537.36 Instagram 434.0.0.44.74 Android (34\/14; 440dpi; 1080x2400; Xiaomi\/POCO; 22111317PG; moonstone; qcom; pt_BR; 996255556; IABMV\/1)",
        "externalId": 8694072,
        "fbp": null,
        "fbc": null
    },
    "products": [
        {
            "id": "PROD_6a3c7d6dc45d5",
            "name": "Produto 85",
            "planId": null,
            "planName": null,
            "quantity": 1,
            "priceInCents": "8500"
        }
    ],
    "trackingParameters": {
        "utm_source": "FBjLj6a3c7c4fd5ee016d31cf89e5",
        "utm_medium": "ADV|120252150072880045",
        "utm_campaign": "CTV 01 PND \u2014 C\u00f3pia|120252150072990045",
        "utm_content": "AD|120252150072960045",
        "utm_term": "Instagram_Stories"
    },
    "commission": {
        "totalPriceInCents": "8500",
        "gatewayFeeInCents": 0,
        "userCommissionInCents": "8500"
    },
    "isTest": false
}
----------------------------------------
[2026-06-25 00:59:25] 📤 Dados formatados para Utmify
Dados: {
    "orderId": 8694072,
    "platform": "PayHubr",
    "paymentMethod": "pix",
    "status": "waiting_payment",
    "createdAt": "2026-06-25 00:59:25",
    "approvedDate": null,
    "refundedAt": null,
    "customer": {
        "name": "Alice Souza Alves",
        "email": "alice.souza.alves@email.com",
        "phone": null,
        "document": "69914839584",
        "country": "BR",
        "ip": "78.40.143.130"
    },
    "products": [
        {
            "id": "PROD_6a3c7d6dc45d5",
            "name": "Produto 85",
            "planId": null,
            "planName": null,
            "quantity": 1,
            "priceInCents": "8500"
        }
    ],
    "trackingParameters": {
        "src": null,
        "sck": null,
        "utm_source": "FBjLj6a3c7c4fd5ee016d31cf89e5",
        "utm_campaign": "CTV 01 PND \u2014 C\u00f3pia|120252150072990045",
        "utm_medium": "ADV|120252150072880045",
        "utm_content": "AD|120252150072960045",
        "utm_term": "Instagram_Stories",
        "xcod": null,
        "fbclid": null,
        "gclid": null,
        "ttclid": null
    },
    "commission": {
        "totalPriceInCents": "8500",
        "gatewayFeeInCents": 0,
        "userCommissionInCents": "8500"
    },
    "isTest": false
}
----------------------------------------
[2026-06-25 00:59:25] 📡 Enviando requisição para Utmify
Dados: {
    "url": "https:\/\/api.utmify.com.br\/api-credentials\/orders",
    "headers": [
        "Content-Type: application\/json",
        "x-api-token: [REDACTED]"
    ]
}
----------------------------------------
[2026-06-25 00:59:26] ✅ Resposta da API Utmify
Dados: {
    "http_code": 404,
    "response": {
        "OK": false,
        "data": {
            "type": "API_CREDENTIAL"
        },
        "result": "ERROR",
        "statusCode": 404,
        "message": "API_CREDENTIAL_NOT_FOUND"
    }
}
----------------------------------------
[2026-06-25 00:59:26] ❌ Erro
Dados: {
    "message": "Erro na API Utmify. HTTP Code: 404"
}
----------------------------------------
[2026-06-25 01:00:33] 📥 Dados recebidos do PayHubr
Dados: {
    "raw": "{\"orderId\":8694103,\"platform\":\"MinhaPlataforma\",\"paymentMethod\":\"pix\",\"status\":\"waiting_payment\",\"createdAt\":\"2026-06-24 22:00:33\",\"approvedDate\":null,\"refundedAt\":null,\"customer\":{\"name\":\"Gustavo Pereira Oliveira\",\"email\":\"gustavo.pereira.oliveira@email.com\",\"phone\":\"11999999999\",\"document\":\"40926647105\",\"country\":\"BR\",\"ip\":\"2804:4ec:1103:16a0:89ea:8b7a:6d85:a1df\",\"userAgent\":\"Mozilla\\\/5.0 (Linux; Android 12; Infinix X6826 Build\\\/SP1A.210812.016; wv) AppleWebKit\\\/537.36 (KHTML, like Gecko) Version\\\/4.0 Chrome\\\/149.0.7827.150 Mobile Safari\\\/537.36 [FB_IAB\\\/FB4A;FBAV\\\/566.0.0.48.73;IABMV\\\/1;]\",\"externalId\":8694103,\"fbp\":null,\"fbc\":null},\"products\":[{\"id\":\"PROD_6a3c7db121f6b\",\"name\":\"Produto 85\",\"planId\":null,\"planName\":null,\"quantity\":1,\"priceInCents\":\"8500\"}],\"trackingParameters\":{\"utm_source\":\"FBjLj6a3c7c9c37617be68e66e353\",\"utm_medium\":\"ADV|120252229294140045\",\"utm_campaign\":\"CTV 11 PND \\u2014 C\\u00f3pia \\u2014 C\\u00f3pia|120252229294370045\",\"utm_content\":\"AD|120252229293860045\",\"utm_term\":\"Facebook_Mobile_Feed\"},\"commission\":{\"totalPriceInCents\":\"8500\",\"gatewayFeeInCents\":0,\"userCommissionInCents\":\"8500\"},\"isTest\":false}"
}
----------------------------------------
[2026-06-25 01:00:33] 🔄 Processando dados recebidos
Dados: {
    "orderId": 8694103,
    "platform": "MinhaPlataforma",
    "paymentMethod": "pix",
    "status": "waiting_payment",
    "createdAt": "2026-06-24 22:00:33",
    "approvedDate": null,
    "refundedAt": null,
    "customer": {
        "name": "Gustavo Pereira Oliveira",
        "email": "gustavo.pereira.oliveira@email.com",
        "phone": "11999999999",
        "document": "40926647105",
        "country": "BR",
        "ip": "2804:4ec:1103:16a0:89ea:8b7a:6d85:a1df",
        "userAgent": "Mozilla\/5.0 (Linux; Android 12; Infinix X6826 Build\/SP1A.210812.016; wv) AppleWebKit\/537.36 (KHTML, like Gecko) Version\/4.0 Chrome\/149.0.7827.150 Mobile Safari\/537.36 [FB_IAB\/FB4A;FBAV\/566.0.0.48.73;IABMV\/1;]",
        "externalId": 8694103,
        "fbp": null,
        "fbc": null
    },
    "products": [
        {
            "id": "PROD_6a3c7db121f6b",
            "name": "Produto 85",
            "planId": null,
            "planName": null,
            "quantity": 1,
            "priceInCents": "8500"
        }
    ],
    "trackingParameters": {
        "utm_source": "FBjLj6a3c7c9c37617be68e66e353",
        "utm_medium": "ADV|120252229294140045",
        "utm_campaign": "CTV 11 PND \u2014 C\u00f3pia \u2014 C\u00f3pia|120252229294370045",
        "utm_content": "AD|120252229293860045",
        "utm_term": "Facebook_Mobile_Feed"
    },
    "commission": {
        "totalPriceInCents": "8500",
        "gatewayFeeInCents": 0,
        "userCommissionInCents": "8500"
    },
    "isTest": false
}
----------------------------------------
[2026-06-25 01:00:33] 📤 Dados formatados para Utmify
Dados: {
    "orderId": 8694103,
    "platform": "PayHubr",
    "paymentMethod": "pix",
    "status": "waiting_payment",
    "createdAt": "2026-06-25 01:00:33",
    "approvedDate": null,
    "refundedAt": null,
    "customer": {
        "name": "Gustavo Pereira Oliveira",
        "email": "gustavo.pereira.oliveira@email.com",
        "phone": null,
        "document": "40926647105",
        "country": "BR",
        "ip": "78.40.143.130"
    },
    "products": [
        {
            "id": "PROD_6a3c7db121f6b",
            "name": "Produto 85",
            "planId": null,
            "planName": null,
            "quantity": 1,
            "priceInCents": "8500"
        }
    ],
    "trackingParameters": {
        "src": null,
        "sck": null,
        "utm_source": "FBjLj6a3c7c9c37617be68e66e353",
        "utm_campaign": "CTV 11 PND \u2014 C\u00f3pia \u2014 C\u00f3pia|120252229294370045",
        "utm_medium": "ADV|120252229294140045",
        "utm_content": "AD|120252229293860045",
        "utm_term": "Facebook_Mobile_Feed",
        "xcod": null,
        "fbclid": null,
        "gclid": null,
        "ttclid": null
    },
    "commission": {
        "totalPriceInCents": "8500",
        "gatewayFeeInCents": 0,
        "userCommissionInCents": "8500"
    },
    "isTest": false
}
----------------------------------------
[2026-06-25 01:00:33] 📡 Enviando requisição para Utmify
Dados: {
    "url": "https:\/\/api.utmify.com.br\/api-credentials\/orders",
    "headers": [
        "Content-Type: application\/json",
        "x-api-token: [REDACTED]"
    ]
}
----------------------------------------
[2026-06-25 01:00:33] ✅ Resposta da API Utmify
Dados: {
    "http_code": 404,
    "response": {
        "OK": false,
        "data": {
            "type": "API_CREDENTIAL"
        },
        "result": "ERROR",
        "statusCode": 404,
        "message": "API_CREDENTIAL_NOT_FOUND"
    }
}
----------------------------------------
[2026-06-25 01:00:33] ❌ Erro
Dados: {
    "message": "Erro na API Utmify. HTTP Code: 404"
}
----------------------------------------
[2026-06-25 01:00:42] 📥 Dados recebidos do PayHubr
Dados: {
    "raw": "{\"orderId\":8694107,\"platform\":\"MinhaPlataforma\",\"paymentMethod\":\"pix\",\"status\":\"waiting_payment\",\"createdAt\":\"2026-06-24 22:00:42\",\"approvedDate\":null,\"refundedAt\":null,\"customer\":{\"name\":\"Matheus Fernandes Soares\",\"email\":\"matheus.fernandes.soares@email.com\",\"phone\":\"11999999999\",\"document\":\"18206057013\",\"country\":\"BR\",\"ip\":\"190.83.53.240\",\"userAgent\":\"Mozilla\\\/5.0 (Linux; Android 14; moto g24 Build\\\/UTAS34.82-126-2; wv) AppleWebKit\\\/537.36 (KHTML, like Gecko) Version\\\/4.0 Chrome\\\/149.0.7827.150 Mobile Safari\\\/537.36 [FB_IAB\\\/FB4A;FBAV\\\/566.0.0.48.73;IABMV\\\/1;]\",\"externalId\":8694107,\"fbp\":null,\"fbc\":null},\"products\":[{\"id\":\"PROD_6a3c7dba266a8\",\"name\":\"Produto 85\",\"planId\":null,\"planName\":null,\"quantity\":1,\"priceInCents\":\"8500\"}],\"trackingParameters\":{\"utm_source\":\"FBjLj6a3c7c505278289032a9486f\",\"utm_medium\":\"ADV|120252204592460045\",\"utm_campaign\":\"CTV 01 PND \\u2014 C\\u00f3pia|120252204592340045\",\"utm_content\":\"AD|120252204592630045\",\"utm_term\":\"Facebook_Mobile_Feed\"},\"commission\":{\"totalPriceInCents\":\"8500\",\"gatewayFeeInCents\":0,\"userCommissionInCents\":\"8500\"},\"isTest\":false}"
}
----------------------------------------
[2026-06-25 01:00:42] 🔄 Processando dados recebidos
Dados: {
    "orderId": 8694107,
    "platform": "MinhaPlataforma",
    "paymentMethod": "pix",
    "status": "waiting_payment",
    "createdAt": "2026-06-24 22:00:42",
    "approvedDate": null,
    "refundedAt": null,
    "customer": {
        "name": "Matheus Fernandes Soares",
        "email": "matheus.fernandes.soares@email.com",
        "phone": "11999999999",
        "document": "18206057013",
        "country": "BR",
        "ip": "190.83.53.240",
        "userAgent": "Mozilla\/5.0 (Linux; Android 14; moto g24 Build\/UTAS34.82-126-2; wv) AppleWebKit\/537.36 (KHTML, like Gecko) Version\/4.0 Chrome\/149.0.7827.150 Mobile Safari\/537.36 [FB_IAB\/FB4A;FBAV\/566.0.0.48.73;IABMV\/1;]",
        "externalId": 8694107,
        "fbp": null,
        "fbc": null
    },
    "products": [
        {
            "id": "PROD_6a3c7dba266a8",
            "name": "Produto 85",
            "planId": null,
            "planName": null,
            "quantity": 1,
            "priceInCents": "8500"
        }
    ],
    "trackingParameters": {
        "utm_source": "FBjLj6a3c7c505278289032a9486f",
        "utm_medium": "ADV|120252204592460045",
        "utm_campaign": "CTV 01 PND \u2014 C\u00f3pia|120252204592340045",
        "utm_content": "AD|120252204592630045",
        "utm_term": "Facebook_Mobile_Feed"
    },
    "commission": {
        "totalPriceInCents": "8500",
        "gatewayFeeInCents": 0,
        "userCommissionInCents": "8500"
    },
    "isTest": false
}
----------------------------------------
[2026-06-25 01:00:42] 📤 Dados formatados para Utmify
Dados: {
    "orderId": 8694107,
    "platform": "PayHubr",
    "paymentMethod": "pix",
    "status": "waiting_payment",
    "createdAt": "2026-06-25 01:00:42",
    "approvedDate": null,
    "refundedAt": null,
    "customer": {
        "name": "Matheus Fernandes Soares",
        "email": "matheus.fernandes.soares@email.com",
        "phone": null,
        "document": "18206057013",
        "country": "BR",
        "ip": "78.40.143.130"
    },
    "products": [
        {
            "id": "PROD_6a3c7dba266a8",
            "name": "Produto 85",
            "planId": null,
            "planName": null,
            "quantity": 1,
            "priceInCents": "8500"
        }
    ],
    "trackingParameters": {
        "src": null,
        "sck": null,
        "utm_source": "FBjLj6a3c7c505278289032a9486f",
        "utm_campaign": "CTV 01 PND \u2014 C\u00f3pia|120252204592340045",
        "utm_medium": "ADV|120252204592460045",
        "utm_content": "AD|120252204592630045",
        "utm_term": "Facebook_Mobile_Feed",
        "xcod": null,
        "fbclid": null,
        "gclid": null,
        "ttclid": null
    },
    "commission": {
        "totalPriceInCents": "8500",
        "gatewayFeeInCents": 0,
        "userCommissionInCents": "8500"
    },
    "isTest": false
}
----------------------------------------
[2026-06-25 01:00:42] 📡 Enviando requisição para Utmify
Dados: {
    "url": "https:\/\/api.utmify.com.br\/api-credentials\/orders",
    "headers": [
        "Content-Type: application\/json",
        "x-api-token: [REDACTED]"
    ]
}
----------------------------------------
[2026-06-25 01:00:42] ✅ Resposta da API Utmify
Dados: {
    "http_code": 404,
    "response": {
        "OK": false,
        "data": {
            "type": "API_CREDENTIAL"
        },
        "result": "ERROR",
        "statusCode": 404,
        "message": "API_CREDENTIAL_NOT_FOUND"
    }
}
----------------------------------------
[2026-06-25 01:00:42] ❌ Erro
Dados: {
    "message": "Erro na API Utmify. HTTP Code: 404"
}
----------------------------------------
[2026-06-25 01:00:46] 📥 Dados recebidos do PayHubr
Dados: {
    "raw": "{\"orderId\":8694109,\"platform\":\"MinhaPlataforma\",\"paymentMethod\":\"pix\",\"status\":\"waiting_payment\",\"createdAt\":\"2026-06-24 22:00:46\",\"approvedDate\":null,\"refundedAt\":null,\"customer\":{\"name\":\"Gustavo Barbosa Santos\",\"email\":\"gustavo.barbosa.santos@email.com\",\"phone\":\"11999999999\",\"document\":\"00609374087\",\"country\":\"BR\",\"ip\":\"177.125.147.36\",\"userAgent\":\"Mozilla\\\/5.0 (Linux; Android 15; SM-A556E Build\\\/AP3A.240905.015.A2; wv) AppleWebKit\\\/537.36 (KHTML, like Gecko) Version\\\/4.0 Chrome\\\/149.0.7827.91 Mobile Safari\\\/537.36 Instagram 434.0.0.44.74 Android (35\\\/15; 450dpi; 1080x2340; samsung; SM-A556E; a55x; s5e8845; pt_BR; 996255481; IABMV\\\/1)\",\"externalId\":8694109,\"fbp\":null,\"fbc\":null},\"products\":[{\"id\":\"PROD_6a3c7dbe086a2\",\"name\":\"Produto 85\",\"planId\":null,\"planName\":null,\"quantity\":1,\"priceInCents\":\"8500\"}],\"trackingParameters\":{\"utm_source\":\"FBjLj6a3c7c83c4559fd5ad487a61\",\"utm_medium\":\"ADV|120252150072920045\",\"utm_campaign\":\"CTV 11 PND \\u2014 C\\u00f3pia|120252150072980045\",\"utm_content\":\"AD|120252150072940045\",\"utm_term\":\"Instagram_Stories\"},\"commission\":{\"totalPriceInCents\":\"8500\",\"gatewayFeeInCents\":0,\"userCommissionInCents\":\"8500\"},\"isTest\":false}"
}
----------------------------------------
[2026-06-25 01:00:46] 🔄 Processando dados recebidos
Dados: {
    "orderId": 8694109,
    "platform": "MinhaPlataforma",
    "paymentMethod": "pix",
    "status": "waiting_payment",
    "createdAt": "2026-06-24 22:00:46",
    "approvedDate": null,
    "refundedAt": null,
    "customer": {
        "name": "Gustavo Barbosa Santos",
        "email": "gustavo.barbosa.santos@email.com",
        "phone": "11999999999",
        "document": "00609374087",
        "country": "BR",
        "ip": "177.125.147.36",
        "userAgent": "Mozilla\/5.0 (Linux; Android 15; SM-A556E Build\/AP3A.240905.015.A2; wv) AppleWebKit\/537.36 (KHTML, like Gecko) Version\/4.0 Chrome\/149.0.7827.91 Mobile Safari\/537.36 Instagram 434.0.0.44.74 Android (35\/15; 450dpi; 1080x2340; samsung; SM-A556E; a55x; s5e8845; pt_BR; 996255481; IABMV\/1)",
        "externalId": 8694109,
        "fbp": null,
        "fbc": null
    },
    "products": [
        {
            "id": "PROD_6a3c7dbe086a2",
            "name": "Produto 85",
            "planId": null,
            "planName": null,
            "quantity": 1,
            "priceInCents": "8500"
        }
    ],
    "trackingParameters": {
        "utm_source": "FBjLj6a3c7c83c4559fd5ad487a61",
        "utm_medium": "ADV|120252150072920045",
        "utm_campaign": "CTV 11 PND \u2014 C\u00f3pia|120252150072980045",
        "utm_content": "AD|120252150072940045",
        "utm_term": "Instagram_Stories"
    },
    "commission": {
        "totalPriceInCents": "8500",
        "gatewayFeeInCents": 0,
        "userCommissionInCents": "8500"
    },
    "isTest": false
}
----------------------------------------
[2026-06-25 01:00:46] 📤 Dados formatados para Utmify
Dados: {
    "orderId": 8694109,
    "platform": "PayHubr",
    "paymentMethod": "pix",
    "status": "waiting_payment",
    "createdAt": "2026-06-25 01:00:46",
    "approvedDate": null,
    "refundedAt": null,
    "customer": {
        "name": "Gustavo Barbosa Santos",
        "email": "gustavo.barbosa.santos@email.com",
        "phone": null,
        "document": "00609374087",
        "country": "BR",
        "ip": "78.40.143.130"
    },
    "products": [
        {
            "id": "PROD_6a3c7dbe086a2",
            "name": "Produto 85",
            "planId": null,
            "planName": null,
            "quantity": 1,
            "priceInCents": "8500"
        }
    ],
    "trackingParameters": {
        "src": null,
        "sck": null,
        "utm_source": "FBjLj6a3c7c83c4559fd5ad487a61",
        "utm_campaign": "CTV 11 PND \u2014 C\u00f3pia|120252150072980045",
        "utm_medium": "ADV|120252150072920045",
        "utm_content": "AD|120252150072940045",
        "utm_term": "Instagram_Stories",
        "xcod": null,
        "fbclid": null,
        "gclid": null,
        "ttclid": null
    },
    "commission": {
        "totalPriceInCents": "8500",
        "gatewayFeeInCents": 0,
        "userCommissionInCents": "8500"
    },
    "isTest": false
}
----------------------------------------
[2026-06-25 01:00:46] 📡 Enviando requisição para Utmify
Dados: {
    "url": "https:\/\/api.utmify.com.br\/api-credentials\/orders",
    "headers": [
        "Content-Type: application\/json",
        "x-api-token: [REDACTED]"
    ]
}
----------------------------------------
[2026-06-25 01:00:46] ✅ Resposta da API Utmify
Dados: {
    "http_code": 404,
    "response": {
        "OK": false,
        "data": {
            "type": "API_CREDENTIAL"
        },
        "result": "ERROR",
        "statusCode": 404,
        "message": "API_CREDENTIAL_NOT_FOUND"
    }
}
----------------------------------------
[2026-06-25 01:00:46] ❌ Erro
Dados: {
    "message": "Erro na API Utmify. HTTP Code: 404"
}
----------------------------------------
[2026-06-25 01:00:47] 📥 Dados recebidos do PayHubr
Dados: {
    "raw": "{\"orderId\":8694110,\"platform\":\"MinhaPlataforma\",\"paymentMethod\":\"pix\",\"status\":\"waiting_payment\",\"createdAt\":\"2026-06-24 22:00:46\",\"approvedDate\":null,\"refundedAt\":null,\"customer\":{\"name\":\"Pedro Barbosa Souza\",\"email\":\"pedro.barbosa.souza@email.com\",\"phone\":\"11999999999\",\"document\":\"20570638283\",\"country\":\"BR\",\"ip\":\"2804:a74:253:b00:c5e9:b06:18a5:2618\",\"userAgent\":\"Mozilla\\\/5.0 (Linux; Android 10; moto e(7) plus Build\\\/QPZS30.30-Q3-38-69-12; wv) AppleWebKit\\\/537.36 (KHTML, like Gecko) Version\\\/4.0 Chrome\\\/149.0.7827.91 Mobile Safari\\\/537.36 Instagram 434.0.0.44.74 Android (29\\\/10; 280dpi; 720x1600; motorola; moto e(7) plus; guam; qcom; pt_BR; 996255481; IABMV\\\/1)\",\"externalId\":8694110,\"fbp\":null,\"fbc\":null},\"products\":[{\"id\":\"PROD_6a3c7dbeefc9a\",\"name\":\"Produto 85\",\"planId\":null,\"planName\":null,\"quantity\":1,\"priceInCents\":\"8500\"}],\"trackingParameters\":{\"utm_source\":\"FBjLj6a3c7ad90f4ff07732e6ac71\",\"utm_medium\":\"ADV|120252150072920045\",\"utm_campaign\":\"CTV 11 PND \\u2014 C\\u00f3pia|120252150072980045\",\"utm_content\":\"AD|120252150072940045\",\"utm_term\":\"Instagram_Feed\"},\"commission\":{\"totalPriceInCents\":\"8500\",\"gatewayFeeInCents\":0,\"userCommissionInCents\":\"8500\"},\"isTest\":false}"
}
----------------------------------------
[2026-06-25 01:00:47] 🔄 Processando dados recebidos
Dados: {
    "orderId": 8694110,
    "platform": "MinhaPlataforma",
    "paymentMethod": "pix",
    "status": "waiting_payment",
    "createdAt": "2026-06-24 22:00:46",
    "approvedDate": null,
    "refundedAt": null,
    "customer": {
        "name": "Pedro Barbosa Souza",
        "email": "pedro.barbosa.souza@email.com",
        "phone": "11999999999",
        "document": "20570638283",
        "country": "BR",
        "ip": "2804:a74:253:b00:c5e9:b06:18a5:2618",
        "userAgent": "Mozilla\/5.0 (Linux; Android 10; moto e(7) plus Build\/QPZS30.30-Q3-38-69-12; wv) AppleWebKit\/537.36 (KHTML, like Gecko) Version\/4.0 Chrome\/149.0.7827.91 Mobile Safari\/537.36 Instagram 434.0.0.44.74 Android (29\/10; 280dpi; 720x1600; motorola; moto e(7) plus; guam; qcom; pt_BR; 996255481; IABMV\/1)",
        "externalId": 8694110,
        "fbp": null,
        "fbc": null
    },
    "products": [
        {
            "id": "PROD_6a3c7dbeefc9a",
            "name": "Produto 85",
            "planId": null,
            "planName": null,
            "quantity": 1,
            "priceInCents": "8500"
        }
    ],
    "trackingParameters": {
        "utm_source": "FBjLj6a3c7ad90f4ff07732e6ac71",
        "utm_medium": "ADV|120252150072920045",
        "utm_campaign": "CTV 11 PND \u2014 C\u00f3pia|120252150072980045",
        "utm_content": "AD|120252150072940045",
        "utm_term": "Instagram_Feed"
    },
    "commission": {
        "totalPriceInCents": "8500",
        "gatewayFeeInCents": 0,
        "userCommissionInCents": "8500"
    },
    "isTest": false
}
----------------------------------------
[2026-06-25 01:00:47] 📤 Dados formatados para Utmify
Dados: {
    "orderId": 8694110,
    "platform": "PayHubr",
    "paymentMethod": "pix",
    "status": "waiting_payment",
    "createdAt": "2026-06-25 01:00:47",
    "approvedDate": null,
    "refundedAt": null,
    "customer": {
        "name": "Pedro Barbosa Souza",
        "email": "pedro.barbosa.souza@email.com",
        "phone": null,
        "document": "20570638283",
        "country": "BR",
        "ip": "78.40.143.130"
    },
    "products": [
        {
            "id": "PROD_6a3c7dbeefc9a",
            "name": "Produto 85",
            "planId": null,
            "planName": null,
            "quantity": 1,
            "priceInCents": "8500"
        }
    ],
    "trackingParameters": {
        "src": null,
        "sck": null,
        "utm_source": "FBjLj6a3c7ad90f4ff07732e6ac71",
        "utm_campaign": "CTV 11 PND \u2014 C\u00f3pia|120252150072980045",
        "utm_medium": "ADV|120252150072920045",
        "utm_content": "AD|120252150072940045",
        "utm_term": "Instagram_Feed",
        "xcod": null,
        "fbclid": null,
        "gclid": null,
        "ttclid": null
    },
    "commission": {
        "totalPriceInCents": "8500",
        "gatewayFeeInCents": 0,
        "userCommissionInCents": "8500"
    },
    "isTest": false
}
----------------------------------------
[2026-06-25 01:00:47] 📡 Enviando requisição para Utmify
Dados: {
    "url": "https:\/\/api.utmify.com.br\/api-credentials\/orders",
    "headers": [
        "Content-Type: application\/json",
        "x-api-token: [REDACTED]"
    ]
}
----------------------------------------
[2026-06-25 01:00:47] ✅ Resposta da API Utmify
Dados: {
    "http_code": 404,
    "response": {
        "OK": false,
        "data": {
            "type": "API_CREDENTIAL"
        },
        "result": "ERROR",
        "statusCode": 404,
        "message": "API_CREDENTIAL_NOT_FOUND"
    }
}
----------------------------------------
[2026-06-25 01:00:47] ❌ Erro
Dados: {
    "message": "Erro na API Utmify. HTTP Code: 404"
}
----------------------------------------
[2026-06-25 01:02:22] 📥 Dados recebidos do PayHubr
Dados: {
    "raw": "{\"orderId\":8694143,\"platform\":\"MinhaPlataforma\",\"paymentMethod\":\"pix\",\"status\":\"waiting_payment\",\"createdAt\":\"2026-06-24 22:02:22\",\"approvedDate\":null,\"refundedAt\":null,\"customer\":{\"name\":\"Beatriz Rodrigues Gomes\",\"email\":\"beatriz.rodrigues.gomes@email.com\",\"phone\":\"11999999999\",\"document\":\"86802480883\",\"country\":\"BR\",\"ip\":\"2804:d45:d943:8500:1126:5764:783e:e989\",\"userAgent\":\"Mozilla\\\/5.0 (iPhone; CPU iPhone OS 18_7 like Mac OS X) AppleWebKit\\\/605.1.15 (KHTML, like Gecko) Version\\\/18.7.6 Mobile\\\/15E148 Safari\\\/604.1\",\"externalId\":8694143,\"fbp\":null,\"fbc\":null},\"products\":[{\"id\":\"PROD_6a3c7e1eb09e5\",\"name\":\"Produto 85\",\"planId\":null,\"planName\":null,\"quantity\":1,\"priceInCents\":\"8500\"}],\"trackingParameters\":{\"utm_source\":\"FBjLj6a3c60d67c488b572ec4a29d\",\"utm_medium\":\"ADV|120247856080700647\",\"utm_campaign\":\"CTV 11- PND \\u2014 C\\u00f3pia|120247856081070647\",\"utm_content\":\"AD|120247856080720647\",\"utm_term\":\"Instagram_Stories\"},\"commission\":{\"totalPriceInCents\":\"8500\",\"gatewayFeeInCents\":0,\"userCommissionInCents\":\"8500\"},\"isTest\":false}"
}
----------------------------------------
[2026-06-25 01:02:22] 🔄 Processando dados recebidos
Dados: {
    "orderId": 8694143,
    "platform": "MinhaPlataforma",
    "paymentMethod": "pix",
    "status": "waiting_payment",
    "createdAt": "2026-06-24 22:02:22",
    "approvedDate": null,
    "refundedAt": null,
    "customer": {
        "name": "Beatriz Rodrigues Gomes",
        "email": "beatriz.rodrigues.gomes@email.com",
        "phone": "11999999999",
        "document": "86802480883",
        "country": "BR",
        "ip": "2804:d45:d943:8500:1126:5764:783e:e989",
        "userAgent": "Mozilla\/5.0 (iPhone; CPU iPhone OS 18_7 like Mac OS X) AppleWebKit\/605.1.15 (KHTML, like Gecko) Version\/18.7.6 Mobile\/15E148 Safari\/604.1",
        "externalId": 8694143,
        "fbp": null,
        "fbc": null
    },
    "products": [
        {
            "id": "PROD_6a3c7e1eb09e5",
            "name": "Produto 85",
            "planId": null,
            "planName": null,
            "quantity": 1,
            "priceInCents": "8500"
        }
    ],
    "trackingParameters": {
        "utm_source": "FBjLj6a3c60d67c488b572ec4a29d",
        "utm_medium": "ADV|120247856080700647",
        "utm_campaign": "CTV 11- PND \u2014 C\u00f3pia|120247856081070647",
        "utm_content": "AD|120247856080720647",
        "utm_term": "Instagram_Stories"
    },
    "commission": {
        "totalPriceInCents": "8500",
        "gatewayFeeInCents": 0,
        "userCommissionInCents": "8500"
    },
    "isTest": false
}
----------------------------------------
[2026-06-25 01:02:22] 📤 Dados formatados para Utmify
Dados: {
    "orderId": 8694143,
    "platform": "PayHubr",
    "paymentMethod": "pix",
    "status": "waiting_payment",
    "createdAt": "2026-06-25 01:02:22",
    "approvedDate": null,
    "refundedAt": null,
    "customer": {
        "name": "Beatriz Rodrigues Gomes",
        "email": "beatriz.rodrigues.gomes@email.com",
        "phone": null,
        "document": "86802480883",
        "country": "BR",
        "ip": "78.40.143.130"
    },
    "products": [
        {
            "id": "PROD_6a3c7e1eb09e5",
            "name": "Produto 85",
            "planId": null,
            "planName": null,
            "quantity": 1,
            "priceInCents": "8500"
        }
    ],
    "trackingParameters": {
        "src": null,
        "sck": null,
        "utm_source": "FBjLj6a3c60d67c488b572ec4a29d",
        "utm_campaign": "CTV 11- PND \u2014 C\u00f3pia|120247856081070647",
        "utm_medium": "ADV|120247856080700647",
        "utm_content": "AD|120247856080720647",
        "utm_term": "Instagram_Stories",
        "xcod": null,
        "fbclid": null,
        "gclid": null,
        "ttclid": null
    },
    "commission": {
        "totalPriceInCents": "8500",
        "gatewayFeeInCents": 0,
        "userCommissionInCents": "8500"
    },
    "isTest": false
}
----------------------------------------
[2026-06-25 01:02:22] 📡 Enviando requisição para Utmify
Dados: {
    "url": "https:\/\/api.utmify.com.br\/api-credentials\/orders",
    "headers": [
        "Content-Type: application\/json",
        "x-api-token: [REDACTED]"
    ]
}
----------------------------------------
[2026-06-25 01:02:23] ✅ Resposta da API Utmify
Dados: {
    "http_code": 404,
    "response": {
        "OK": false,
        "data": {
            "type": "API_CREDENTIAL"
        },
        "result": "ERROR",
        "statusCode": 404,
        "message": "API_CREDENTIAL_NOT_FOUND"
    }
}
----------------------------------------
[2026-06-25 01:02:23] ❌ Erro
Dados: {
    "message": "Erro na API Utmify. HTTP Code: 404"
}
----------------------------------------
[2026-06-25 01:02:43] 📥 Dados recebidos do PayHubr
Dados: {
    "raw": "{\"orderId\":8694150,\"platform\":\"MinhaPlataforma\",\"paymentMethod\":\"pix\",\"status\":\"waiting_payment\",\"createdAt\":\"2026-06-24 22:02:43\",\"approvedDate\":null,\"refundedAt\":null,\"customer\":{\"name\":\"Mariana Lopes Fernandes\",\"email\":\"mariana.lopes.fernandes@email.com\",\"phone\":\"11999999999\",\"document\":\"69709006576\",\"country\":\"BR\",\"ip\":\"2804:928c:2063:8300:2704:a2d9:8a8:10c8\",\"userAgent\":\"Mozilla\\\/5.0 (Linux; Android 10; K) AppleWebKit\\\/537.36 (KHTML, like Gecko) Chrome\\\/149.0.0.0 Mobile Safari\\\/537.36\",\"externalId\":8694150,\"fbp\":null,\"fbc\":null},\"products\":[{\"id\":\"PROD_6a3c7e3397855\",\"name\":\"Produto 85\",\"planId\":null,\"planName\":null,\"quantity\":1,\"priceInCents\":\"8500\"}],\"trackingParameters\":{\"utm_source\":\"FBjLj6a3c7cd99cda8281ce657ea3\",\"utm_medium\":\"ADV|120252229294410045\",\"utm_campaign\":\"CTV 01 PND \\u2014 C\\u00f3pia|120252229294530045\",\"utm_content\":\"AD|120252229293880045\",\"utm_term\":\"Facebook_Mobile_Feed\"},\"commission\":{\"totalPriceInCents\":\"8500\",\"gatewayFeeInCents\":0,\"userCommissionInCents\":\"8500\"},\"isTest\":false}"
}
----------------------------------------
[2026-06-25 01:02:43] 🔄 Processando dados recebidos
Dados: {
    "orderId": 8694150,
    "platform": "MinhaPlataforma",
    "paymentMethod": "pix",
    "status": "waiting_payment",
    "createdAt": "2026-06-24 22:02:43",
    "approvedDate": null,
    "refundedAt": null,
    "customer": {
        "name": "Mariana Lopes Fernandes",
        "email": "mariana.lopes.fernandes@email.com",
        "phone": "11999999999",
        "document": "69709006576",
        "country": "BR",
        "ip": "2804:928c:2063:8300:2704:a2d9:8a8:10c8",
        "userAgent": "Mozilla\/5.0 (Linux; Android 10; K) AppleWebKit\/537.36 (KHTML, like Gecko) Chrome\/149.0.0.0 Mobile Safari\/537.36",
        "externalId": 8694150,
        "fbp": null,
        "fbc": null
    },
    "products": [
        {
            "id": "PROD_6a3c7e3397855",
            "name": "Produto 85",
            "planId": null,
            "planName": null,
            "quantity": 1,
            "priceInCents": "8500"
        }
    ],
    "trackingParameters": {
        "utm_source": "FBjLj6a3c7cd99cda8281ce657ea3",
        "utm_medium": "ADV|120252229294410045",
        "utm_campaign": "CTV 01 PND \u2014 C\u00f3pia|120252229294530045",
        "utm_content": "AD|120252229293880045",
        "utm_term": "Facebook_Mobile_Feed"
    },
    "commission": {
        "totalPriceInCents": "8500",
        "gatewayFeeInCents": 0,
        "userCommissionInCents": "8500"
    },
    "isTest": false
}
----------------------------------------
[2026-06-25 01:02:43] 📤 Dados formatados para Utmify
Dados: {
    "orderId": 8694150,
    "platform": "PayHubr",
    "paymentMethod": "pix",
    "status": "waiting_payment",
    "createdAt": "2026-06-25 01:02:43",
    "approvedDate": null,
    "refundedAt": null,
    "customer": {
        "name": "Mariana Lopes Fernandes",
        "email": "mariana.lopes.fernandes@email.com",
        "phone": null,
        "document": "69709006576",
        "country": "BR",
        "ip": "78.40.143.130"
    },
    "products": [
        {
            "id": "PROD_6a3c7e3397855",
            "name": "Produto 85",
            "planId": null,
            "planName": null,
            "quantity": 1,
            "priceInCents": "8500"
        }
    ],
    "trackingParameters": {
        "src": null,
        "sck": null,
        "utm_source": "FBjLj6a3c7cd99cda8281ce657ea3",
        "utm_campaign": "CTV 01 PND \u2014 C\u00f3pia|120252229294530045",
        "utm_medium": "ADV|120252229294410045",
        "utm_content": "AD|120252229293880045",
        "utm_term": "Facebook_Mobile_Feed",
        "xcod": null,
        "fbclid": null,
        "gclid": null,
        "ttclid": null
    },
    "commission": {
        "totalPriceInCents": "8500",
        "gatewayFeeInCents": 0,
        "userCommissionInCents": "8500"
    },
    "isTest": false
}
----------------------------------------
[2026-06-25 01:02:43] 📡 Enviando requisição para Utmify
Dados: {
    "url": "https:\/\/api.utmify.com.br\/api-credentials\/orders",
    "headers": [
        "Content-Type: application\/json",
        "x-api-token: [REDACTED]"
    ]
}
----------------------------------------
[2026-06-25 01:02:43] ✅ Resposta da API Utmify
Dados: {
    "http_code": 404,
    "response": {
        "OK": false,
        "data": {
            "type": "API_CREDENTIAL"
        },
        "result": "ERROR",
        "statusCode": 404,
        "message": "API_CREDENTIAL_NOT_FOUND"
    }
}
----------------------------------------
[2026-06-25 01:02:43] ❌ Erro
Dados: {
    "message": "Erro na API Utmify. HTTP Code: 404"
}
----------------------------------------
[2026-06-25 01:03:59] 📥 Dados recebidos do PayHubr
Dados: {
    "raw": "{\"orderId\":8694175,\"platform\":\"MinhaPlataforma\",\"paymentMethod\":\"pix\",\"status\":\"waiting_payment\",\"createdAt\":\"2026-06-24 22:03:59\",\"approvedDate\":null,\"refundedAt\":null,\"customer\":{\"name\":\"Sofia Ferreira Lima\",\"email\":\"sofia.ferreira.lima@email.com\",\"phone\":\"11999999999\",\"document\":\"89506897310\",\"country\":\"BR\",\"ip\":\"177.130.240.141\",\"userAgent\":\"Mozilla\\\/5.0 (Linux; Android 14; SM-A135M Build\\\/UP1A.231005.007; wv) AppleWebKit\\\/537.36 (KHTML, like Gecko) Version\\\/4.0 Chrome\\\/149.0.7827.91 Mobile Safari\\\/537.36 [FB_IAB\\\/FB4A;FBAV\\\/566.0.0.48.73;IABMV\\\/1;]\",\"externalId\":8694175,\"fbp\":null,\"fbc\":null},\"products\":[{\"id\":\"PROD_6a3c7e7f95b4e\",\"name\":\"Produto 85\",\"planId\":null,\"planName\":null,\"quantity\":1,\"priceInCents\":\"8500\"}],\"trackingParameters\":{\"utm_source\":\"FBjLj6a3c7dae88be114dbd29da6b\",\"utm_medium\":\"ADV|120252150072920045\",\"utm_campaign\":\"CTV 11 PND \\u2014 C\\u00f3pia|120252150072980045\",\"utm_content\":\"AD|120252150072940045\",\"utm_term\":\"Facebook_Mobile_Feed\"},\"commission\":{\"totalPriceInCents\":\"8500\",\"gatewayFeeInCents\":0,\"userCommissionInCents\":\"8500\"},\"isTest\":false}"
}
----------------------------------------
[2026-06-25 01:03:59] 🔄 Processando dados recebidos
Dados: {
    "orderId": 8694175,
    "platform": "MinhaPlataforma",
    "paymentMethod": "pix",
    "status": "waiting_payment",
    "createdAt": "2026-06-24 22:03:59",
    "approvedDate": null,
    "refundedAt": null,
    "customer": {
        "name": "Sofia Ferreira Lima",
        "email": "sofia.ferreira.lima@email.com",
        "phone": "11999999999",
        "document": "89506897310",
        "country": "BR",
        "ip": "177.130.240.141",
        "userAgent": "Mozilla\/5.0 (Linux; Android 14; SM-A135M Build\/UP1A.231005.007; wv) AppleWebKit\/537.36 (KHTML, like Gecko) Version\/4.0 Chrome\/149.0.7827.91 Mobile Safari\/537.36 [FB_IAB\/FB4A;FBAV\/566.0.0.48.73;IABMV\/1;]",
        "externalId": 8694175,
        "fbp": null,
        "fbc": null
    },
    "products": [
        {
            "id": "PROD_6a3c7e7f95b4e",
            "name": "Produto 85",
            "planId": null,
            "planName": null,
            "quantity": 1,
            "priceInCents": "8500"
        }
    ],
    "trackingParameters": {
        "utm_source": "FBjLj6a3c7dae88be114dbd29da6b",
        "utm_medium": "ADV|120252150072920045",
        "utm_campaign": "CTV 11 PND \u2014 C\u00f3pia|120252150072980045",
        "utm_content": "AD|120252150072940045",
        "utm_term": "Facebook_Mobile_Feed"
    },
    "commission": {
        "totalPriceInCents": "8500",
        "gatewayFeeInCents": 0,
        "userCommissionInCents": "8500"
    },
    "isTest": false
}
----------------------------------------
[2026-06-25 01:03:59] 📤 Dados formatados para Utmify
Dados: {
    "orderId": 8694175,
    "platform": "PayHubr",
    "paymentMethod": "pix",
    "status": "waiting_payment",
    "createdAt": "2026-06-25 01:03:59",
    "approvedDate": null,
    "refundedAt": null,
    "customer": {
        "name": "Sofia Ferreira Lima",
        "email": "sofia.ferreira.lima@email.com",
        "phone": null,
        "document": "89506897310",
        "country": "BR",
        "ip": "78.40.143.130"
    },
    "products": [
        {
            "id": "PROD_6a3c7e7f95b4e",
            "name": "Produto 85",
            "planId": null,
            "planName": null,
            "quantity": 1,
            "priceInCents": "8500"
        }
    ],
    "trackingParameters": {
        "src": null,
        "sck": null,
        "utm_source": "FBjLj6a3c7dae88be114dbd29da6b",
        "utm_campaign": "CTV 11 PND \u2014 C\u00f3pia|120252150072980045",
        "utm_medium": "ADV|120252150072920045",
        "utm_content": "AD|120252150072940045",
        "utm_term": "Facebook_Mobile_Feed",
        "xcod": null,
        "fbclid": null,
        "gclid": null,
        "ttclid": null
    },
    "commission": {
        "totalPriceInCents": "8500",
        "gatewayFeeInCents": 0,
        "userCommissionInCents": "8500"
    },
    "isTest": false
}
----------------------------------------
[2026-06-25 01:03:59] 📡 Enviando requisição para Utmify
Dados: {
    "url": "https:\/\/api.utmify.com.br\/api-credentials\/orders",
    "headers": [
        "Content-Type: application\/json",
        "x-api-token: [REDACTED]"
    ]
}
----------------------------------------
[2026-06-25 01:04:00] ✅ Resposta da API Utmify
Dados: {
    "http_code": 404,
    "response": {
        "OK": false,
        "data": {
            "type": "API_CREDENTIAL"
        },
        "result": "ERROR",
        "statusCode": 404,
        "message": "API_CREDENTIAL_NOT_FOUND"
    }
}
----------------------------------------
[2026-06-25 01:04:00] ❌ Erro
Dados: {
    "message": "Erro na API Utmify. HTTP Code: 404"
}
----------------------------------------
[2026-06-25 01:06:45] 📥 Dados recebidos do PayHubr
Dados: {
    "raw": "{\"orderId\":8694226,\"platform\":\"MinhaPlataforma\",\"paymentMethod\":\"pix\",\"status\":\"waiting_payment\",\"createdAt\":\"2026-06-24 22:06:45\",\"approvedDate\":null,\"refundedAt\":null,\"customer\":{\"name\":\"Thiago Barbosa Vieira\",\"email\":\"thiago.barbosa.vieira@email.com\",\"phone\":\"11999999999\",\"document\":\"08793095040\",\"country\":\"BR\",\"ip\":\"2804:7f0:7200:cdf:630b:3670:15ae:a7d8\",\"userAgent\":\"Mozilla\\\/5.0 (Linux; Android 15; 23028RA60L Build\\\/AQ3A.240829.003) AppleWebKit\\\/537.36 (KHTML, like Gecko) Version\\\/4.0 Chrome\\\/149.0.7827.150 Mobile Safari\\\/537.36 [FB_IAB\\\/FB4A;FBAV\\\/566.0.0.48.73;IABMV\\\/1;]\",\"externalId\":8694226,\"fbp\":null,\"fbc\":null},\"products\":[{\"id\":\"PROD_6a3c7f256a13d\",\"name\":\"Produto 85\",\"planId\":null,\"planName\":null,\"quantity\":1,\"priceInCents\":\"8500\"}],\"trackingParameters\":{\"utm_source\":\"FBjLj6a3c7d7ff7924caf3e2b7de7\",\"utm_medium\":\"ADV|120252229294070045\",\"utm_campaign\":\"CTV 01 PND \\u2014 C\\u00f3pia|120252229293700045\",\"utm_content\":\"AD|120252229294270045\",\"utm_term\":\"Facebook_Mobile_Reels\"},\"commission\":{\"totalPriceInCents\":\"8500\",\"gatewayFeeInCents\":0,\"userCommissionInCents\":\"8500\"},\"isTest\":false}"
}
----------------------------------------
[2026-06-25 01:06:45] 🔄 Processando dados recebidos
Dados: {
    "orderId": 8694226,
    "platform": "MinhaPlataforma",
    "paymentMethod": "pix",
    "status": "waiting_payment",
    "createdAt": "2026-06-24 22:06:45",
    "approvedDate": null,
    "refundedAt": null,
    "customer": {
        "name": "Thiago Barbosa Vieira",
        "email": "thiago.barbosa.vieira@email.com",
        "phone": "11999999999",
        "document": "08793095040",
        "country": "BR",
        "ip": "2804:7f0:7200:cdf:630b:3670:15ae:a7d8",
        "userAgent": "Mozilla\/5.0 (Linux; Android 15; 23028RA60L Build\/AQ3A.240829.003) AppleWebKit\/537.36 (KHTML, like Gecko) Version\/4.0 Chrome\/149.0.7827.150 Mobile Safari\/537.36 [FB_IAB\/FB4A;FBAV\/566.0.0.48.73;IABMV\/1;]",
        "externalId": 8694226,
        "fbp": null,
        "fbc": null
    },
    "products": [
        {
            "id": "PROD_6a3c7f256a13d",
            "name": "Produto 85",
            "planId": null,
            "planName": null,
            "quantity": 1,
            "priceInCents": "8500"
        }
    ],
    "trackingParameters": {
        "utm_source": "FBjLj6a3c7d7ff7924caf3e2b7de7",
        "utm_medium": "ADV|120252229294070045",
        "utm_campaign": "CTV 01 PND \u2014 C\u00f3pia|120252229293700045",
        "utm_content": "AD|120252229294270045",
        "utm_term": "Facebook_Mobile_Reels"
    },
    "commission": {
        "totalPriceInCents": "8500",
        "gatewayFeeInCents": 0,
        "userCommissionInCents": "8500"
    },
    "isTest": false
}
----------------------------------------
[2026-06-25 01:06:45] 📤 Dados formatados para Utmify
Dados: {
    "orderId": 8694226,
    "platform": "PayHubr",
    "paymentMethod": "pix",
    "status": "waiting_payment",
    "createdAt": "2026-06-25 01:06:45",
    "approvedDate": null,
    "refundedAt": null,
    "customer": {
        "name": "Thiago Barbosa Vieira",
        "email": "thiago.barbosa.vieira@email.com",
        "phone": null,
        "document": "08793095040",
        "country": "BR",
        "ip": "78.40.143.130"
    },
    "products": [
        {
            "id": "PROD_6a3c7f256a13d",
            "name": "Produto 85",
            "planId": null,
            "planName": null,
            "quantity": 1,
            "priceInCents": "8500"
        }
    ],
    "trackingParameters": {
        "src": null,
        "sck": null,
        "utm_source": "FBjLj6a3c7d7ff7924caf3e2b7de7",
        "utm_campaign": "CTV 01 PND \u2014 C\u00f3pia|120252229293700045",
        "utm_medium": "ADV|120252229294070045",
        "utm_content": "AD|120252229294270045",
        "utm_term": "Facebook_Mobile_Reels",
        "xcod": null,
        "fbclid": null,
        "gclid": null,
        "ttclid": null
    },
    "commission": {
        "totalPriceInCents": "8500",
        "gatewayFeeInCents": 0,
        "userCommissionInCents": "8500"
    },
    "isTest": false
}
----------------------------------------
[2026-06-25 01:06:45] 📡 Enviando requisição para Utmify
Dados: {
    "url": "https:\/\/api.utmify.com.br\/api-credentials\/orders",
    "headers": [
        "Content-Type: application\/json",
        "x-api-token: [REDACTED]"
    ]
}
----------------------------------------
[2026-06-25 01:06:45] ✅ Resposta da API Utmify
Dados: {
    "http_code": 404,
    "response": {
        "OK": false,
        "data": {
            "type": "API_CREDENTIAL"
        },
        "result": "ERROR",
        "statusCode": 404,
        "message": "API_CREDENTIAL_NOT_FOUND"
    }
}
----------------------------------------
[2026-06-25 01:06:45] ❌ Erro
Dados: {
    "message": "Erro na API Utmify. HTTP Code: 404"
}
----------------------------------------
[2026-06-25 01:08:19] 📥 Dados recebidos do PayHubr
Dados: {
    "raw": "{\"orderId\":8694252,\"platform\":\"MinhaPlataforma\",\"paymentMethod\":\"pix\",\"status\":\"waiting_payment\",\"createdAt\":\"2026-06-24 22:08:19\",\"approvedDate\":null,\"refundedAt\":null,\"customer\":{\"name\":\"Miguel Fernandes Fernandes\",\"email\":\"miguel.fernandes.fernandes@email.com\",\"phone\":\"11999999999\",\"document\":\"01269359983\",\"country\":\"BR\",\"ip\":\"2804:389:d1b2:90a6:5057:b3ff:fe9b:a1ff\",\"userAgent\":\"Mozilla\\\/5.0 (Linux; Android 15; RMX3930 Build\\\/AP3A.240905.015.A2; wv) AppleWebKit\\\/537.36 (KHTML, like Gecko) Version\\\/4.0 Chrome\\\/149.0.7827.91 Mobile Safari\\\/537.36 Instagram 434.0.0.44.74 Android (35\\\/15; 320dpi; 720x1600; realme; RMX3930; RE6054; ums9230_latte; pt_BR; 996255552; IABMV\\\/1)\",\"externalId\":8694252,\"fbp\":null,\"fbc\":null},\"products\":[{\"id\":\"PROD_6a3c7f83a482c\",\"name\":\"Produto 85\",\"planId\":null,\"planName\":null,\"quantity\":1,\"priceInCents\":\"8500\"}],\"trackingParameters\":{\"utm_source\":\"FBjLj6a3c76c440d53c0a6c51fc90\",\"utm_medium\":\"ADV|120252229293830045\",\"utm_campaign\":\"CTV 01 PND \\u2014 C\\u00f3pia|120252229293660045\",\"utm_content\":\"AD|120252229294230045\",\"utm_term\":\"Instagram_Feed\"},\"commission\":{\"totalPriceInCents\":\"8500\",\"gatewayFeeInCents\":0,\"userCommissionInCents\":\"8500\"},\"isTest\":false}"
}
----------------------------------------
[2026-06-25 01:08:19] 🔄 Processando dados recebidos
Dados: {
    "orderId": 8694252,
    "platform": "MinhaPlataforma",
    "paymentMethod": "pix",
    "status": "waiting_payment",
    "createdAt": "2026-06-24 22:08:19",
    "approvedDate": null,
    "refundedAt": null,
    "customer": {
        "name": "Miguel Fernandes Fernandes",
        "email": "miguel.fernandes.fernandes@email.com",
        "phone": "11999999999",
        "document": "01269359983",
        "country": "BR",
        "ip": "2804:389:d1b2:90a6:5057:b3ff:fe9b:a1ff",
        "userAgent": "Mozilla\/5.0 (Linux; Android 15; RMX3930 Build\/AP3A.240905.015.A2; wv) AppleWebKit\/537.36 (KHTML, like Gecko) Version\/4.0 Chrome\/149.0.7827.91 Mobile Safari\/537.36 Instagram 434.0.0.44.74 Android (35\/15; 320dpi; 720x1600; realme; RMX3930; RE6054; ums9230_latte; pt_BR; 996255552; IABMV\/1)",
        "externalId": 8694252,
        "fbp": null,
        "fbc": null
    },
    "products": [
        {
            "id": "PROD_6a3c7f83a482c",
            "name": "Produto 85",
            "planId": null,
            "planName": null,
            "quantity": 1,
            "priceInCents": "8500"
        }
    ],
    "trackingParameters": {
        "utm_source": "FBjLj6a3c76c440d53c0a6c51fc90",
        "utm_medium": "ADV|120252229293830045",
        "utm_campaign": "CTV 01 PND \u2014 C\u00f3pia|120252229293660045",
        "utm_content": "AD|120252229294230045",
        "utm_term": "Instagram_Feed"
    },
    "commission": {
        "totalPriceInCents": "8500",
        "gatewayFeeInCents": 0,
        "userCommissionInCents": "8500"
    },
    "isTest": false
}
----------------------------------------
[2026-06-25 01:08:19] 📤 Dados formatados para Utmify
Dados: {
    "orderId": 8694252,
    "platform": "PayHubr",
    "paymentMethod": "pix",
    "status": "waiting_payment",
    "createdAt": "2026-06-25 01:08:19",
    "approvedDate": null,
    "refundedAt": null,
    "customer": {
        "name": "Miguel Fernandes Fernandes",
        "email": "miguel.fernandes.fernandes@email.com",
        "phone": null,
        "document": "01269359983",
        "country": "BR",
        "ip": "78.40.143.130"
    },
    "products": [
        {
            "id": "PROD_6a3c7f83a482c",
            "name": "Produto 85",
            "planId": null,
            "planName": null,
            "quantity": 1,
            "priceInCents": "8500"
        }
    ],
    "trackingParameters": {
        "src": null,
        "sck": null,
        "utm_source": "FBjLj6a3c76c440d53c0a6c51fc90",
        "utm_campaign": "CTV 01 PND \u2014 C\u00f3pia|120252229293660045",
        "utm_medium": "ADV|120252229293830045",
        "utm_content": "AD|120252229294230045",
        "utm_term": "Instagram_Feed",
        "xcod": null,
        "fbclid": null,
        "gclid": null,
        "ttclid": null
    },
    "commission": {
        "totalPriceInCents": "8500",
        "gatewayFeeInCents": 0,
        "userCommissionInCents": "8500"
    },
    "isTest": false
}
----------------------------------------
[2026-06-25 01:08:19] 📡 Enviando requisição para Utmify
Dados: {
    "url": "https:\/\/api.utmify.com.br\/api-credentials\/orders",
    "headers": [
        "Content-Type: application\/json",
        "x-api-token: [REDACTED]"
    ]
}
----------------------------------------
[2026-06-25 01:08:20] ✅ Resposta da API Utmify
Dados: {
    "http_code": 404,
    "response": {
        "OK": false,
        "data": {
            "type": "API_CREDENTIAL"
        },
        "result": "ERROR",
        "statusCode": 404,
        "message": "API_CREDENTIAL_NOT_FOUND"
    }
}
----------------------------------------
[2026-06-25 01:08:20] ❌ Erro
Dados: {
    "message": "Erro na API Utmify. HTTP Code: 404"
}
----------------------------------------
[2026-06-25 01:10:41] 📥 Dados recebidos do PayHubr
Dados: {
    "raw": "{\"orderId\":8694296,\"platform\":\"MinhaPlataforma\",\"paymentMethod\":\"pix\",\"status\":\"waiting_payment\",\"createdAt\":\"2026-06-24 22:10:41\",\"approvedDate\":null,\"refundedAt\":null,\"customer\":{\"name\":\"Thiago Lima Fernandes\",\"email\":\"thiago.lima.fernandes@email.com\",\"phone\":\"11999999999\",\"document\":\"65974988876\",\"country\":\"BR\",\"ip\":\"2804:7b78:401a:c200:bb4c:d989:adc:6f03\",\"userAgent\":\"Mozilla\\\/5.0 (Linux; Android 16; SM-S911B Build\\\/BP2A.250605.031.A3) AppleWebKit\\\/537.36 (KHTML, like Gecko) Version\\\/4.0 Chrome\\\/149.0.7827.150 Mobile Safari\\\/537.36 [FB_IAB\\\/FB4A;FBAV\\\/566.0.0.48.73;IABMV\\\/1;]\",\"externalId\":8694296,\"fbp\":null,\"fbc\":null},\"products\":[{\"id\":\"PROD_6a3c8011342d2\",\"name\":\"Produto 85\",\"planId\":null,\"planName\":null,\"quantity\":1,\"priceInCents\":\"8500\"}],\"trackingParameters\":{\"utm_source\":\"FBjLj6a3c7e825278289032aa04f8\",\"utm_medium\":\"ADV|120252150072920045\",\"utm_campaign\":\"CTV 11 PND \\u2014 C\\u00f3pia|120252150072980045\",\"utm_content\":\"AD|120252150072940045\",\"utm_term\":\"Facebook_Mobile_Feed\"},\"commission\":{\"totalPriceInCents\":\"8500\",\"gatewayFeeInCents\":0,\"userCommissionInCents\":\"8500\"},\"isTest\":false}"
}
----------------------------------------
[2026-06-25 01:10:41] 🔄 Processando dados recebidos
Dados: {
    "orderId": 8694296,
    "platform": "MinhaPlataforma",
    "paymentMethod": "pix",
    "status": "waiting_payment",
    "createdAt": "2026-06-24 22:10:41",
    "approvedDate": null,
    "refundedAt": null,
    "customer": {
        "name": "Thiago Lima Fernandes",
        "email": "thiago.lima.fernandes@email.com",
        "phone": "11999999999",
        "document": "65974988876",
        "country": "BR",
        "ip": "2804:7b78:401a:c200:bb4c:d989:adc:6f03",
        "userAgent": "Mozilla\/5.0 (Linux; Android 16; SM-S911B Build\/BP2A.250605.031.A3) AppleWebKit\/537.36 (KHTML, like Gecko) Version\/4.0 Chrome\/149.0.7827.150 Mobile Safari\/537.36 [FB_IAB\/FB4A;FBAV\/566.0.0.48.73;IABMV\/1;]",
        "externalId": 8694296,
        "fbp": null,
        "fbc": null
    },
    "products": [
        {
            "id": "PROD_6a3c8011342d2",
            "name": "Produto 85",
            "planId": null,
            "planName": null,
            "quantity": 1,
            "priceInCents": "8500"
        }
    ],
    "trackingParameters": {
        "utm_source": "FBjLj6a3c7e825278289032aa04f8",
        "utm_medium": "ADV|120252150072920045",
        "utm_campaign": "CTV 11 PND \u2014 C\u00f3pia|120252150072980045",
        "utm_content": "AD|120252150072940045",
        "utm_term": "Facebook_Mobile_Feed"
    },
    "commission": {
        "totalPriceInCents": "8500",
        "gatewayFeeInCents": 0,
        "userCommissionInCents": "8500"
    },
    "isTest": false
}
----------------------------------------
[2026-06-25 01:10:41] 📤 Dados formatados para Utmify
Dados: {
    "orderId": 8694296,
    "platform": "PayHubr",
    "paymentMethod": "pix",
    "status": "waiting_payment",
    "createdAt": "2026-06-25 01:10:41",
    "approvedDate": null,
    "refundedAt": null,
    "customer": {
        "name": "Thiago Lima Fernandes",
        "email": "thiago.lima.fernandes@email.com",
        "phone": null,
        "document": "65974988876",
        "country": "BR",
        "ip": "78.40.143.130"
    },
    "products": [
        {
            "id": "PROD_6a3c8011342d2",
            "name": "Produto 85",
            "planId": null,
            "planName": null,
            "quantity": 1,
            "priceInCents": "8500"
        }
    ],
    "trackingParameters": {
        "src": null,
        "sck": null,
        "utm_source": "FBjLj6a3c7e825278289032aa04f8",
        "utm_campaign": "CTV 11 PND \u2014 C\u00f3pia|120252150072980045",
        "utm_medium": "ADV|120252150072920045",
        "utm_content": "AD|120252150072940045",
        "utm_term": "Facebook_Mobile_Feed",
        "xcod": null,
        "fbclid": null,
        "gclid": null,
        "ttclid": null
    },
    "commission": {
        "totalPriceInCents": "8500",
        "gatewayFeeInCents": 0,
        "userCommissionInCents": "8500"
    },
    "isTest": false
}
----------------------------------------
[2026-06-25 01:10:41] 📡 Enviando requisição para Utmify
Dados: {
    "url": "https:\/\/api.utmify.com.br\/api-credentials\/orders",
    "headers": [
        "Content-Type: application\/json",
        "x-api-token: [REDACTED]"
    ]
}
----------------------------------------
[2026-06-25 01:10:41] ✅ Resposta da API Utmify
Dados: {
    "http_code": 404,
    "response": {
        "OK": false,
        "data": {
            "type": "API_CREDENTIAL"
        },
        "result": "ERROR",
        "statusCode": 404,
        "message": "API_CREDENTIAL_NOT_FOUND"
    }
}
----------------------------------------
[2026-06-25 01:10:41] ❌ Erro
Dados: {
    "message": "Erro na API Utmify. HTTP Code: 404"
}
----------------------------------------
[2026-06-25 01:13:16] 📥 Dados recebidos do PayHubr
Dados: {
    "raw": "{\"orderId\":8694346,\"platform\":\"MinhaPlataforma\",\"paymentMethod\":\"pix\",\"status\":\"waiting_payment\",\"createdAt\":\"2026-06-24 22:13:16\",\"approvedDate\":null,\"refundedAt\":null,\"customer\":{\"name\":\"Pedro Almeida Fernandes\",\"email\":\"pedro.almeida.fernandes@email.com\",\"phone\":\"11999999999\",\"document\":\"94440159982\",\"country\":\"BR\",\"ip\":\"164.163.103.141\",\"userAgent\":\"Mozilla\\\/5.0 (Linux; Android 8.1.0; SM-G610M Build\\\/M1AJQ; wv) AppleWebKit\\\/537.36 (KHTML, like Gecko) Version\\\/4.0 Chrome\\\/138.0.7204.179 Mobile Safari\\\/537.36 Instagram 434.0.0.44.74 Android (27\\\/8.1.0; 480dpi; 1080x1920; samsung; SM-G610M; on7xelte; samsungexynos7870; pt_BR; 996255475; IABMV\\\/1)\",\"externalId\":8694346,\"fbp\":null,\"fbc\":null},\"products\":[{\"id\":\"PROD_6a3c80ac9ee10\",\"name\":\"Produto 85\",\"planId\":null,\"planName\":null,\"quantity\":1,\"priceInCents\":\"8500\"}],\"trackingParameters\":{\"utm_source\":\"FBjLj6a3c7f150f4ff07732e82379\",\"utm_medium\":\"ADV|120252150072920045\",\"utm_campaign\":\"CTV 11 PND \\u2014 C\\u00f3pia|120252150072980045\",\"utm_content\":\"AD|120252150072940045\",\"utm_term\":\"Instagram_Feed\"},\"commission\":{\"totalPriceInCents\":\"8500\",\"gatewayFeeInCents\":0,\"userCommissionInCents\":\"8500\"},\"isTest\":false}"
}
----------------------------------------
[2026-06-25 01:13:16] 🔄 Processando dados recebidos
Dados: {
    "orderId": 8694346,
    "platform": "MinhaPlataforma",
    "paymentMethod": "pix",
    "status": "waiting_payment",
    "createdAt": "2026-06-24 22:13:16",
    "approvedDate": null,
    "refundedAt": null,
    "customer": {
        "name": "Pedro Almeida Fernandes",
        "email": "pedro.almeida.fernandes@email.com",
        "phone": "11999999999",
        "document": "94440159982",
        "country": "BR",
        "ip": "164.163.103.141",
        "userAgent": "Mozilla\/5.0 (Linux; Android 8.1.0; SM-G610M Build\/M1AJQ; wv) AppleWebKit\/537.36 (KHTML, like Gecko) Version\/4.0 Chrome\/138.0.7204.179 Mobile Safari\/537.36 Instagram 434.0.0.44.74 Android (27\/8.1.0; 480dpi; 1080x1920; samsung; SM-G610M; on7xelte; samsungexynos7870; pt_BR; 996255475; IABMV\/1)",
        "externalId": 8694346,
        "fbp": null,
        "fbc": null
    },
    "products": [
        {
            "id": "PROD_6a3c80ac9ee10",
            "name": "Produto 85",
            "planId": null,
            "planName": null,
            "quantity": 1,
            "priceInCents": "8500"
        }
    ],
    "trackingParameters": {
        "utm_source": "FBjLj6a3c7f150f4ff07732e82379",
        "utm_medium": "ADV|120252150072920045",
        "utm_campaign": "CTV 11 PND \u2014 C\u00f3pia|120252150072980045",
        "utm_content": "AD|120252150072940045",
        "utm_term": "Instagram_Feed"
    },
    "commission": {
        "totalPriceInCents": "8500",
        "gatewayFeeInCents": 0,
        "userCommissionInCents": "8500"
    },
    "isTest": false
}
----------------------------------------
[2026-06-25 01:13:16] 📤 Dados formatados para Utmify
Dados: {
    "orderId": 8694346,
    "platform": "PayHubr",
    "paymentMethod": "pix",
    "status": "waiting_payment",
    "createdAt": "2026-06-25 01:13:16",
    "approvedDate": null,
    "refundedAt": null,
    "customer": {
        "name": "Pedro Almeida Fernandes",
        "email": "pedro.almeida.fernandes@email.com",
        "phone": null,
        "document": "94440159982",
        "country": "BR",
        "ip": "78.40.143.130"
    },
    "products": [
        {
            "id": "PROD_6a3c80ac9ee10",
            "name": "Produto 85",
            "planId": null,
            "planName": null,
            "quantity": 1,
            "priceInCents": "8500"
        }
    ],
    "trackingParameters": {
        "src": null,
        "sck": null,
        "utm_source": "FBjLj6a3c7f150f4ff07732e82379",
        "utm_campaign": "CTV 11 PND \u2014 C\u00f3pia|120252150072980045",
        "utm_medium": "ADV|120252150072920045",
        "utm_content": "AD|120252150072940045",
        "utm_term": "Instagram_Feed",
        "xcod": null,
        "fbclid": null,
        "gclid": null,
        "ttclid": null
    },
    "commission": {
        "totalPriceInCents": "8500",
        "gatewayFeeInCents": 0,
        "userCommissionInCents": "8500"
    },
    "isTest": false
}
----------------------------------------
[2026-06-25 01:13:16] 📡 Enviando requisição para Utmify
Dados: {
    "url": "https:\/\/api.utmify.com.br\/api-credentials\/orders",
    "headers": [
        "Content-Type: application\/json",
        "x-api-token: [REDACTED]"
    ]
}
----------------------------------------
[2026-06-25 01:13:17] ✅ Resposta da API Utmify
Dados: {
    "http_code": 404,
    "response": {
        "OK": false,
        "data": {
            "type": "API_CREDENTIAL"
        },
        "result": "ERROR",
        "statusCode": 404,
        "message": "API_CREDENTIAL_NOT_FOUND"
    }
}
----------------------------------------
[2026-06-25 01:13:17] ❌ Erro
Dados: {
    "message": "Erro na API Utmify. HTTP Code: 404"
}
----------------------------------------
[2026-06-25 01:16:18] 📥 Dados recebidos do PayHubr
Dados: {
    "raw": "{\"orderId\":8694387,\"platform\":\"MinhaPlataforma\",\"paymentMethod\":\"pix\",\"status\":\"waiting_payment\",\"createdAt\":\"2026-06-24 22:16:18\",\"approvedDate\":null,\"refundedAt\":null,\"customer\":{\"name\":\"Isabella Soares Alves\",\"email\":\"isabella.soares.alves@email.com\",\"phone\":\"11999999999\",\"document\":\"34378790491\",\"country\":\"BR\",\"ip\":\"177.185.147.51\",\"userAgent\":\"Mozilla\\\/5.0 (Linux; Android 16; SM-A075M Build\\\/BP2A.250605.031.A3) AppleWebKit\\\/537.36 (KHTML, like Gecko) Version\\\/4.0 Chrome\\\/149.0.7827.159 Mobile Safari\\\/537.36 [FB_IAB\\\/FB4A;FBAV\\\/566.0.0.48.73;IABMV\\\/1;]\",\"externalId\":8694387,\"fbp\":null,\"fbc\":null},\"products\":[{\"id\":\"PROD_6a3c81625fc40\",\"name\":\"Produto 85\",\"planId\":null,\"planName\":null,\"quantity\":1,\"priceInCents\":\"8500\"}],\"trackingParameters\":{\"utm_source\":\"FBjLj6a3c800937617be68e68146e\",\"utm_medium\":\"ADV|120252150072920045\",\"utm_campaign\":\"CTV 11 PND \\u2014 C\\u00f3pia|120252150072980045\",\"utm_content\":\"AD|120252150072940045\",\"utm_term\":\"Facebook_Mobile_Feed\"},\"commission\":{\"totalPriceInCents\":\"8500\",\"gatewayFeeInCents\":0,\"userCommissionInCents\":\"8500\"},\"isTest\":false}"
}
----------------------------------------
[2026-06-25 01:16:18] 🔄 Processando dados recebidos
Dados: {
    "orderId": 8694387,
    "platform": "MinhaPlataforma",
    "paymentMethod": "pix",
    "status": "waiting_payment",
    "createdAt": "2026-06-24 22:16:18",
    "approvedDate": null,
    "refundedAt": null,
    "customer": {
        "name": "Isabella Soares Alves",
        "email": "isabella.soares.alves@email.com",
        "phone": "11999999999",
        "document": "34378790491",
        "country": "BR",
        "ip": "177.185.147.51",
        "userAgent": "Mozilla\/5.0 (Linux; Android 16; SM-A075M Build\/BP2A.250605.031.A3) AppleWebKit\/537.36 (KHTML, like Gecko) Version\/4.0 Chrome\/149.0.7827.159 Mobile Safari\/537.36 [FB_IAB\/FB4A;FBAV\/566.0.0.48.73;IABMV\/1;]",
        "externalId": 8694387,
        "fbp": null,
        "fbc": null
    },
    "products": [
        {
            "id": "PROD_6a3c81625fc40",
            "name": "Produto 85",
            "planId": null,
            "planName": null,
            "quantity": 1,
            "priceInCents": "8500"
        }
    ],
    "trackingParameters": {
        "utm_source": "FBjLj6a3c800937617be68e68146e",
        "utm_medium": "ADV|120252150072920045",
        "utm_campaign": "CTV 11 PND \u2014 C\u00f3pia|120252150072980045",
        "utm_content": "AD|120252150072940045",
        "utm_term": "Facebook_Mobile_Feed"
    },
    "commission": {
        "totalPriceInCents": "8500",
        "gatewayFeeInCents": 0,
        "userCommissionInCents": "8500"
    },
    "isTest": false
}
----------------------------------------
[2026-06-25 01:16:18] 📤 Dados formatados para Utmify
Dados: {
    "orderId": 8694387,
    "platform": "PayHubr",
    "paymentMethod": "pix",
    "status": "waiting_payment",
    "createdAt": "2026-06-25 01:16:18",
    "approvedDate": null,
    "refundedAt": null,
    "customer": {
        "name": "Isabella Soares Alves",
        "email": "isabella.soares.alves@email.com",
        "phone": null,
        "document": "34378790491",
        "country": "BR",
        "ip": "78.40.143.130"
    },
    "products": [
        {
            "id": "PROD_6a3c81625fc40",
            "name": "Produto 85",
            "planId": null,
            "planName": null,
            "quantity": 1,
            "priceInCents": "8500"
        }
    ],
    "trackingParameters": {
        "src": null,
        "sck": null,
        "utm_source": "FBjLj6a3c800937617be68e68146e",
        "utm_campaign": "CTV 11 PND \u2014 C\u00f3pia|120252150072980045",
        "utm_medium": "ADV|120252150072920045",
        "utm_content": "AD|120252150072940045",
        "utm_term": "Facebook_Mobile_Feed",
        "xcod": null,
        "fbclid": null,
        "gclid": null,
        "ttclid": null
    },
    "commission": {
        "totalPriceInCents": "8500",
        "gatewayFeeInCents": 0,
        "userCommissionInCents": "8500"
    },
    "isTest": false
}
----------------------------------------
[2026-06-25 01:16:18] 📡 Enviando requisição para Utmify
Dados: {
    "url": "https:\/\/api.utmify.com.br\/api-credentials\/orders",
    "headers": [
        "Content-Type: application\/json",
        "x-api-token: [REDACTED]"
    ]
}
----------------------------------------
[2026-06-25 01:16:19] ✅ Resposta da API Utmify
Dados: {
    "http_code": 404,
    "response": {
        "OK": false,
        "data": {
            "type": "API_CREDENTIAL"
        },
        "result": "ERROR",
        "statusCode": 404,
        "message": "API_CREDENTIAL_NOT_FOUND"
    }
}
----------------------------------------
[2026-06-25 01:16:19] ❌ Erro
Dados: {
    "message": "Erro na API Utmify. HTTP Code: 404"
}
----------------------------------------
[2026-06-25 01:16:32] 📥 Dados recebidos do PayHubr
Dados: {
    "raw": "{\"orderId\":8694391,\"platform\":\"MinhaPlataforma\",\"paymentMethod\":\"pix\",\"status\":\"waiting_payment\",\"createdAt\":\"2026-06-24 22:16:32\",\"approvedDate\":null,\"refundedAt\":null,\"customer\":{\"name\":\"Bruno Pereira Silva\",\"email\":\"bruno.pereira.silva@email.com\",\"phone\":\"11999999999\",\"document\":\"47968826853\",\"country\":\"BR\",\"ip\":\"2605:59c8:6968:e608:98f8:fd56:8a56:db89\",\"userAgent\":\"Mozilla\\\/5.0 (Linux; Android 13; RMX3834 Build\\\/TP1A.220624.014) AppleWebKit\\\/537.36 (KHTML, like Gecko) Version\\\/4.0 Chrome\\\/149.0.7827.150 Mobile Safari\\\/537.36 [FB_IAB\\\/FB4A;FBAV\\\/566.0.0.48.73;IABMV\\\/1;]\",\"externalId\":8694391,\"fbp\":null,\"fbc\":null},\"products\":[{\"id\":\"PROD_6a3c81705b228\",\"name\":\"Produto 85\",\"planId\":null,\"planName\":null,\"quantity\":1,\"priceInCents\":\"8500\"}],\"trackingParameters\":{\"utm_source\":\"FBjLj6a3c7f8888be114dbd2a979f\",\"utm_medium\":\"ADV|120252150072880045\",\"utm_campaign\":\"CTV 01 PND \\u2014 C\\u00f3pia|120252150072990045\",\"utm_content\":\"AD|120252150072960045\",\"utm_term\":\"Facebook_Mobile_Reels\"},\"commission\":{\"totalPriceInCents\":\"8500\",\"gatewayFeeInCents\":0,\"userCommissionInCents\":\"8500\"},\"isTest\":false}"
}
----------------------------------------
[2026-06-25 01:16:32] 🔄 Processando dados recebidos
Dados: {
    "orderId": 8694391,
    "platform": "MinhaPlataforma",
    "paymentMethod": "pix",
    "status": "waiting_payment",
    "createdAt": "2026-06-24 22:16:32",
    "approvedDate": null,
    "refundedAt": null,
    "customer": {
        "name": "Bruno Pereira Silva",
        "email": "bruno.pereira.silva@email.com",
        "phone": "11999999999",
        "document": "47968826853",
        "country": "BR",
        "ip": "2605:59c8:6968:e608:98f8:fd56:8a56:db89",
        "userAgent": "Mozilla\/5.0 (Linux; Android 13; RMX3834 Build\/TP1A.220624.014) AppleWebKit\/537.36 (KHTML, like Gecko) Version\/4.0 Chrome\/149.0.7827.150 Mobile Safari\/537.36 [FB_IAB\/FB4A;FBAV\/566.0.0.48.73;IABMV\/1;]",
        "externalId": 8694391,
        "fbp": null,
        "fbc": null
    },
    "products": [
        {
            "id": "PROD_6a3c81705b228",
            "name": "Produto 85",
            "planId": null,
            "planName": null,
            "quantity": 1,
            "priceInCents": "8500"
        }
    ],
    "trackingParameters": {
        "utm_source": "FBjLj6a3c7f8888be114dbd2a979f",
        "utm_medium": "ADV|120252150072880045",
        "utm_campaign": "CTV 01 PND \u2014 C\u00f3pia|120252150072990045",
        "utm_content": "AD|120252150072960045",
        "utm_term": "Facebook_Mobile_Reels"
    },
    "commission": {
        "totalPriceInCents": "8500",
        "gatewayFeeInCents": 0,
        "userCommissionInCents": "8500"
    },
    "isTest": false
}
----------------------------------------
[2026-06-25 01:16:32] 📤 Dados formatados para Utmify
Dados: {
    "orderId": 8694391,
    "platform": "PayHubr",
    "paymentMethod": "pix",
    "status": "waiting_payment",
    "createdAt": "2026-06-25 01:16:32",
    "approvedDate": null,
    "refundedAt": null,
    "customer": {
        "name": "Bruno Pereira Silva",
        "email": "bruno.pereira.silva@email.com",
        "phone": null,
        "document": "47968826853",
        "country": "BR",
        "ip": "78.40.143.130"
    },
    "products": [
        {
            "id": "PROD_6a3c81705b228",
            "name": "Produto 85",
            "planId": null,
            "planName": null,
            "quantity": 1,
            "priceInCents": "8500"
        }
    ],
    "trackingParameters": {
        "src": null,
        "sck": null,
        "utm_source": "FBjLj6a3c7f8888be114dbd2a979f",
        "utm_campaign": "CTV 01 PND \u2014 C\u00f3pia|120252150072990045",
        "utm_medium": "ADV|120252150072880045",
        "utm_content": "AD|120252150072960045",
        "utm_term": "Facebook_Mobile_Reels",
        "xcod": null,
        "fbclid": null,
        "gclid": null,
        "ttclid": null
    },
    "commission": {
        "totalPriceInCents": "8500",
        "gatewayFeeInCents": 0,
        "userCommissionInCents": "8500"
    },
    "isTest": false
}
----------------------------------------
[2026-06-25 01:16:32] 📡 Enviando requisição para Utmify
Dados: {
    "url": "https:\/\/api.utmify.com.br\/api-credentials\/orders",
    "headers": [
        "Content-Type: application\/json",
        "x-api-token: [REDACTED]"
    ]
}
----------------------------------------
[2026-06-25 01:16:32] ✅ Resposta da API Utmify
Dados: {
    "http_code": 404,
    "response": {
        "OK": false,
        "data": {
            "type": "API_CREDENTIAL"
        },
        "result": "ERROR",
        "statusCode": 404,
        "message": "API_CREDENTIAL_NOT_FOUND"
    }
}
----------------------------------------
[2026-06-25 01:16:32] ❌ Erro
Dados: {
    "message": "Erro na API Utmify. HTTP Code: 404"
}
----------------------------------------
[2026-06-25 01:17:31] 📥 Dados recebidos do PayHubr
Dados: {
    "raw": "{\"orderId\":8694415,\"platform\":\"MinhaPlataforma\",\"paymentMethod\":\"pix\",\"status\":\"waiting_payment\",\"createdAt\":\"2026-06-24 22:17:31\",\"approvedDate\":null,\"refundedAt\":null,\"customer\":{\"name\":\"Clara Carvalho Gomes\",\"email\":\"clara.carvalho.gomes@email.com\",\"phone\":\"11999999999\",\"document\":\"69071095657\",\"country\":\"BR\",\"ip\":\"45.230.3.208\",\"userAgent\":\"Mozilla\\\/5.0 (Linux; Android 15; 24117RN76G Build\\\/AP3A.240905.015.A2; wv) AppleWebKit\\\/537.36 (KHTML, like Gecko) Version\\\/4.0 Chrome\\\/149.0.7827.150 Mobile Safari\\\/537.36 [FB_IAB\\\/FB4A;FBAV\\\/566.0.0.48.73;IABMV\\\/1;]\",\"externalId\":8694415,\"fbp\":null,\"fbc\":null},\"products\":[{\"id\":\"PROD_6a3c81ab11707\",\"name\":\"Produto 85\",\"planId\":null,\"planName\":null,\"quantity\":1,\"priceInCents\":\"8500\"}],\"trackingParameters\":{\"utm_source\":\"FBjLj6a3bf43bafc15bf1e4fb1126\",\"utm_medium\":\"ADV|120252150072920045\",\"utm_campaign\":\"CTV 11 PND \\u2014 C\\u00f3pia|120252150072980045\",\"utm_content\":\"AD|120252150072940045\",\"utm_term\":\"Facebook_Mobile_Feed\"},\"commission\":{\"totalPriceInCents\":\"8500\",\"gatewayFeeInCents\":0,\"userCommissionInCents\":\"8500\"},\"isTest\":false}"
}
----------------------------------------
[2026-06-25 01:17:31] 🔄 Processando dados recebidos
Dados: {
    "orderId": 8694415,
    "platform": "MinhaPlataforma",
    "paymentMethod": "pix",
    "status": "waiting_payment",
    "createdAt": "2026-06-24 22:17:31",
    "approvedDate": null,
    "refundedAt": null,
    "customer": {
        "name": "Clara Carvalho Gomes",
        "email": "clara.carvalho.gomes@email.com",
        "phone": "11999999999",
        "document": "69071095657",
        "country": "BR",
        "ip": "45.230.3.208",
        "userAgent": "Mozilla\/5.0 (Linux; Android 15; 24117RN76G Build\/AP3A.240905.015.A2; wv) AppleWebKit\/537.36 (KHTML, like Gecko) Version\/4.0 Chrome\/149.0.7827.150 Mobile Safari\/537.36 [FB_IAB\/FB4A;FBAV\/566.0.0.48.73;IABMV\/1;]",
        "externalId": 8694415,
        "fbp": null,
        "fbc": null
    },
    "products": [
        {
            "id": "PROD_6a3c81ab11707",
            "name": "Produto 85",
            "planId": null,
            "planName": null,
            "quantity": 1,
            "priceInCents": "8500"
        }
    ],
    "trackingParameters": {
        "utm_source": "FBjLj6a3bf43bafc15bf1e4fb1126",
        "utm_medium": "ADV|120252150072920045",
        "utm_campaign": "CTV 11 PND \u2014 C\u00f3pia|120252150072980045",
        "utm_content": "AD|120252150072940045",
        "utm_term": "Facebook_Mobile_Feed"
    },
    "commission": {
        "totalPriceInCents": "8500",
        "gatewayFeeInCents": 0,
        "userCommissionInCents": "8500"
    },
    "isTest": false
}
----------------------------------------
[2026-06-25 01:17:31] 📤 Dados formatados para Utmify
Dados: {
    "orderId": 8694415,
    "platform": "PayHubr",
    "paymentMethod": "pix",
    "status": "waiting_payment",
    "createdAt": "2026-06-25 01:17:31",
    "approvedDate": null,
    "refundedAt": null,
    "customer": {
        "name": "Clara Carvalho Gomes",
        "email": "clara.carvalho.gomes@email.com",
        "phone": null,
        "document": "69071095657",
        "country": "BR",
        "ip": "78.40.143.130"
    },
    "products": [
        {
            "id": "PROD_6a3c81ab11707",
            "name": "Produto 85",
            "planId": null,
            "planName": null,
            "quantity": 1,
            "priceInCents": "8500"
        }
    ],
    "trackingParameters": {
        "src": null,
        "sck": null,
        "utm_source": "FBjLj6a3bf43bafc15bf1e4fb1126",
        "utm_campaign": "CTV 11 PND \u2014 C\u00f3pia|120252150072980045",
        "utm_medium": "ADV|120252150072920045",
        "utm_content": "AD|120252150072940045",
        "utm_term": "Facebook_Mobile_Feed",
        "xcod": null,
        "fbclid": null,
        "gclid": null,
        "ttclid": null
    },
    "commission": {
        "totalPriceInCents": "8500",
        "gatewayFeeInCents": 0,
        "userCommissionInCents": "8500"
    },
    "isTest": false
}
----------------------------------------
[2026-06-25 01:17:31] 📡 Enviando requisição para Utmify
Dados: {
    "url": "https:\/\/api.utmify.com.br\/api-credentials\/orders",
    "headers": [
        "Content-Type: application\/json",
        "x-api-token: [REDACTED]"
    ]
}
----------------------------------------
[2026-06-25 01:17:31] ✅ Resposta da API Utmify
Dados: {
    "http_code": 404,
    "response": {
        "OK": false,
        "data": {
            "type": "API_CREDENTIAL"
        },
        "result": "ERROR",
        "statusCode": 404,
        "message": "API_CREDENTIAL_NOT_FOUND"
    }
}
----------------------------------------
[2026-06-25 01:17:31] ❌ Erro
Dados: {
    "message": "Erro na API Utmify. HTTP Code: 404"
}
----------------------------------------
[2026-06-25 01:19:42] 📥 Dados recebidos do PayHubr
Dados: {
    "raw": "{\"orderId\":8694459,\"platform\":\"MinhaPlataforma\",\"paymentMethod\":\"pix\",\"status\":\"waiting_payment\",\"createdAt\":\"2026-06-24 22:19:42\",\"approvedDate\":null,\"refundedAt\":null,\"customer\":{\"name\":\"Alice Alves Martins\",\"email\":\"alice.alves.martins@email.com\",\"phone\":\"11999999999\",\"document\":\"75209321339\",\"country\":\"BR\",\"ip\":\"2804:d45:d943:8500:1126:5764:783e:e989\",\"userAgent\":\"Mozilla\\\/5.0 (iPhone; CPU iPhone OS 18_7 like Mac OS X) AppleWebKit\\\/605.1.15 (KHTML, like Gecko) Version\\\/18.7.6 Mobile\\\/15E148 Safari\\\/604.1\",\"externalId\":8694459,\"fbp\":null,\"fbc\":null},\"products\":[{\"id\":\"PROD_6a3c822ebc3ce\",\"name\":\"Produto 85\",\"planId\":null,\"planName\":null,\"quantity\":1,\"priceInCents\":\"8500\"}],\"trackingParameters\":{\"utm_source\":\"FBjLj6a3c60d67c488b572ec4a29d\",\"utm_medium\":\"ADV|120247856080700647\",\"utm_campaign\":\"CTV 11- PND \\u2014 C\\u00f3pia|120247856081070647\",\"utm_content\":\"AD|120247856080720647\",\"utm_term\":\"Instagram_Stories\"},\"commission\":{\"totalPriceInCents\":\"8500\",\"gatewayFeeInCents\":0,\"userCommissionInCents\":\"8500\"},\"isTest\":false}"
}
----------------------------------------
[2026-06-25 01:19:42] 🔄 Processando dados recebidos
Dados: {
    "orderId": 8694459,
    "platform": "MinhaPlataforma",
    "paymentMethod": "pix",
    "status": "waiting_payment",
    "createdAt": "2026-06-24 22:19:42",
    "approvedDate": null,
    "refundedAt": null,
    "customer": {
        "name": "Alice Alves Martins",
        "email": "alice.alves.martins@email.com",
        "phone": "11999999999",
        "document": "75209321339",
        "country": "BR",
        "ip": "2804:d45:d943:8500:1126:5764:783e:e989",
        "userAgent": "Mozilla\/5.0 (iPhone; CPU iPhone OS 18_7 like Mac OS X) AppleWebKit\/605.1.15 (KHTML, like Gecko) Version\/18.7.6 Mobile\/15E148 Safari\/604.1",
        "externalId": 8694459,
        "fbp": null,
        "fbc": null
    },
    "products": [
        {
            "id": "PROD_6a3c822ebc3ce",
            "name": "Produto 85",
            "planId": null,
            "planName": null,
            "quantity": 1,
            "priceInCents": "8500"
        }
    ],
    "trackingParameters": {
        "utm_source": "FBjLj6a3c60d67c488b572ec4a29d",
        "utm_medium": "ADV|120247856080700647",
        "utm_campaign": "CTV 11- PND \u2014 C\u00f3pia|120247856081070647",
        "utm_content": "AD|120247856080720647",
        "utm_term": "Instagram_Stories"
    },
    "commission": {
        "totalPriceInCents": "8500",
        "gatewayFeeInCents": 0,
        "userCommissionInCents": "8500"
    },
    "isTest": false
}
----------------------------------------
[2026-06-25 01:19:42] 📤 Dados formatados para Utmify
Dados: {
    "orderId": 8694459,
    "platform": "PayHubr",
    "paymentMethod": "pix",
    "status": "waiting_payment",
    "createdAt": "2026-06-25 01:19:42",
    "approvedDate": null,
    "refundedAt": null,
    "customer": {
        "name": "Alice Alves Martins",
        "email": "alice.alves.martins@email.com",
        "phone": null,
        "document": "75209321339",
        "country": "BR",
        "ip": "78.40.143.130"
    },
    "products": [
        {
            "id": "PROD_6a3c822ebc3ce",
            "name": "Produto 85",
            "planId": null,
            "planName": null,
            "quantity": 1,
            "priceInCents": "8500"
        }
    ],
    "trackingParameters": {
        "src": null,
        "sck": null,
        "utm_source": "FBjLj6a3c60d67c488b572ec4a29d",
        "utm_campaign": "CTV 11- PND \u2014 C\u00f3pia|120247856081070647",
        "utm_medium": "ADV|120247856080700647",
        "utm_content": "AD|120247856080720647",
        "utm_term": "Instagram_Stories",
        "xcod": null,
        "fbclid": null,
        "gclid": null,
        "ttclid": null
    },
    "commission": {
        "totalPriceInCents": "8500",
        "gatewayFeeInCents": 0,
        "userCommissionInCents": "8500"
    },
    "isTest": false
}
----------------------------------------
[2026-06-25 01:19:42] 📡 Enviando requisição para Utmify
Dados: {
    "url": "https:\/\/api.utmify.com.br\/api-credentials\/orders",
    "headers": [
        "Content-Type: application\/json",
        "x-api-token: [REDACTED]"
    ]
}
----------------------------------------
[2026-06-25 01:19:43] ✅ Resposta da API Utmify
Dados: {
    "http_code": 404,
    "response": {
        "OK": false,
        "data": {
            "type": "API_CREDENTIAL"
        },
        "result": "ERROR",
        "statusCode": 404,
        "message": "API_CREDENTIAL_NOT_FOUND"
    }
}
----------------------------------------
[2026-06-25 01:19:43] ❌ Erro
Dados: {
    "message": "Erro na API Utmify. HTTP Code: 404"
}
----------------------------------------
[2026-06-25 01:19:43] 📥 Dados recebidos do PayHubr
Dados: {
    "raw": "{\"orderId\":8694460,\"platform\":\"MinhaPlataforma\",\"paymentMethod\":\"pix\",\"status\":\"waiting_payment\",\"createdAt\":\"2026-06-24 22:19:43\",\"approvedDate\":null,\"refundedAt\":null,\"customer\":{\"name\":\"Lucas Vieira Lima\",\"email\":\"lucas.vieira.lima@email.com\",\"phone\":\"11999999999\",\"document\":\"02693339839\",\"country\":\"BR\",\"ip\":\"45.230.3.208\",\"userAgent\":\"Mozilla\\\/5.0 (Linux; Android 15; 24117RN76G Build\\\/AP3A.240905.015.A2; wv) AppleWebKit\\\/537.36 (KHTML, like Gecko) Version\\\/4.0 Chrome\\\/149.0.7827.150 Mobile Safari\\\/537.36 [FB_IAB\\\/FB4A;FBAV\\\/566.0.0.48.73;IABMV\\\/1;]\",\"externalId\":8694460,\"fbp\":null,\"fbc\":null},\"products\":[{\"id\":\"PROD_6a3c822f68223\",\"name\":\"Produto 85\",\"planId\":null,\"planName\":null,\"quantity\":1,\"priceInCents\":\"8500\"}],\"trackingParameters\":{\"utm_source\":\"FBjLj6a3bf43bafc15bf1e4fb1126\",\"utm_medium\":\"ADV|120252150072920045\",\"utm_campaign\":\"CTV 11 PND \\u2014 C\\u00f3pia|120252150072980045\",\"utm_content\":\"AD|120252150072940045\",\"utm_term\":\"Facebook_Mobile_Feed\"},\"commission\":{\"totalPriceInCents\":\"8500\",\"gatewayFeeInCents\":0,\"userCommissionInCents\":\"8500\"},\"isTest\":false}"
}
----------------------------------------
[2026-06-25 01:19:43] 🔄 Processando dados recebidos
Dados: {
    "orderId": 8694460,
    "platform": "MinhaPlataforma",
    "paymentMethod": "pix",
    "status": "waiting_payment",
    "createdAt": "2026-06-24 22:19:43",
    "approvedDate": null,
    "refundedAt": null,
    "customer": {
        "name": "Lucas Vieira Lima",
        "email": "lucas.vieira.lima@email.com",
        "phone": "11999999999",
        "document": "02693339839",
        "country": "BR",
        "ip": "45.230.3.208",
        "userAgent": "Mozilla\/5.0 (Linux; Android 15; 24117RN76G Build\/AP3A.240905.015.A2; wv) AppleWebKit\/537.36 (KHTML, like Gecko) Version\/4.0 Chrome\/149.0.7827.150 Mobile Safari\/537.36 [FB_IAB\/FB4A;FBAV\/566.0.0.48.73;IABMV\/1;]",
        "externalId": 8694460,
        "fbp": null,
        "fbc": null
    },
    "products": [
        {
            "id": "PROD_6a3c822f68223",
            "name": "Produto 85",
            "planId": null,
            "planName": null,
            "quantity": 1,
            "priceInCents": "8500"
        }
    ],
    "trackingParameters": {
        "utm_source": "FBjLj6a3bf43bafc15bf1e4fb1126",
        "utm_medium": "ADV|120252150072920045",
        "utm_campaign": "CTV 11 PND \u2014 C\u00f3pia|120252150072980045",
        "utm_content": "AD|120252150072940045",
        "utm_term": "Facebook_Mobile_Feed"
    },
    "commission": {
        "totalPriceInCents": "8500",
        "gatewayFeeInCents": 0,
        "userCommissionInCents": "8500"
    },
    "isTest": false
}
----------------------------------------
[2026-06-25 01:19:43] 📤 Dados formatados para Utmify
Dados: {
    "orderId": 8694460,
    "platform": "PayHubr",
    "paymentMethod": "pix",
    "status": "waiting_payment",
    "createdAt": "2026-06-25 01:19:43",
    "approvedDate": null,
    "refundedAt": null,
    "customer": {
        "name": "Lucas Vieira Lima",
        "email": "lucas.vieira.lima@email.com",
        "phone": null,
        "document": "02693339839",
        "country": "BR",
        "ip": "78.40.143.130"
    },
    "products": [
        {
            "id": "PROD_6a3c822f68223",
            "name": "Produto 85",
            "planId": null,
            "planName": null,
            "quantity": 1,
            "priceInCents": "8500"
        }
    ],
    "trackingParameters": {
        "src": null,
        "sck": null,
        "utm_source": "FBjLj6a3bf43bafc15bf1e4fb1126",
        "utm_campaign": "CTV 11 PND \u2014 C\u00f3pia|120252150072980045",
        "utm_medium": "ADV|120252150072920045",
        "utm_content": "AD|120252150072940045",
        "utm_term": "Facebook_Mobile_Feed",
        "xcod": null,
        "fbclid": null,
        "gclid": null,
        "ttclid": null
    },
    "commission": {
        "totalPriceInCents": "8500",
        "gatewayFeeInCents": 0,
        "userCommissionInCents": "8500"
    },
    "isTest": false
}
----------------------------------------
[2026-06-25 01:19:43] 📡 Enviando requisição para Utmify
Dados: {
    "url": "https:\/\/api.utmify.com.br\/api-credentials\/orders",
    "headers": [
        "Content-Type: application\/json",
        "x-api-token: [REDACTED]"
    ]
}
----------------------------------------
[2026-06-25 01:19:43] ✅ Resposta da API Utmify
Dados: {
    "http_code": 404,
    "response": {
        "OK": false,
        "data": {
            "type": "API_CREDENTIAL"
        },
        "result": "ERROR",
        "statusCode": 404,
        "message": "API_CREDENTIAL_NOT_FOUND"
    }
}
----------------------------------------
[2026-06-25 01:19:43] ❌ Erro
Dados: {
    "message": "Erro na API Utmify. HTTP Code: 404"
}
----------------------------------------
[2026-06-25 01:21:51] 📥 Dados recebidos do PayHubr
Dados: {
    "raw": "{\"orderId\":8694499,\"platform\":\"MinhaPlataforma\",\"paymentMethod\":\"pix\",\"status\":\"waiting_payment\",\"createdAt\":\"2026-06-24 22:21:51\",\"approvedDate\":null,\"refundedAt\":null,\"customer\":{\"name\":\"Jo\\u00e3o Silva Silva\",\"email\":\"jo\\u00e3o.silva.silva@email.com\",\"phone\":\"11999999999\",\"document\":\"04569436927\",\"country\":\"BR\",\"ip\":\"2804:10dc:d12d:bd00:f491:e828:d969:e497\",\"userAgent\":\"Mozilla\\\/5.0 (Linux; Android 16; SM-A165M Build\\\/BP2A.250605.031.A3; wv) AppleWebKit\\\/537.36 (KHTML, like Gecko) Version\\\/4.0 Chrome\\\/149.0.7827.150 Mobile Safari\\\/537.36 [FB_IAB\\\/FB4A;FBAV\\\/566.0.0.48.73;IABMV\\\/1;]\",\"externalId\":8694499,\"fbp\":null,\"fbc\":null},\"products\":[{\"id\":\"PROD_6a3c82af2b458\",\"name\":\"Produto 85\",\"planId\":null,\"planName\":null,\"quantity\":1,\"priceInCents\":\"8500\"}],\"trackingParameters\":{\"utm_source\":\"FBjLj6a3c7bb6ef61eb984e88861c\",\"utm_medium\":\"ADV|120252229293920045\",\"utm_campaign\":\"CTV 01 PND \\u2014 C\\u00f3pia|120252229293710045\",\"utm_content\":\"AD|120252229294580045\",\"utm_term\":\"Facebook_Mobile_Reels\"},\"commission\":{\"totalPriceInCents\":\"8500\",\"gatewayFeeInCents\":0,\"userCommissionInCents\":\"8500\"},\"isTest\":false}"
}
----------------------------------------
[2026-06-25 01:21:51] 🔄 Processando dados recebidos
Dados: {
    "orderId": 8694499,
    "platform": "MinhaPlataforma",
    "paymentMethod": "pix",
    "status": "waiting_payment",
    "createdAt": "2026-06-24 22:21:51",
    "approvedDate": null,
    "refundedAt": null,
    "customer": {
        "name": "Jo\u00e3o Silva Silva",
        "email": "jo\u00e3o.silva.silva@email.com",
        "phone": "11999999999",
        "document": "04569436927",
        "country": "BR",
        "ip": "2804:10dc:d12d:bd00:f491:e828:d969:e497",
        "userAgent": "Mozilla\/5.0 (Linux; Android 16; SM-A165M Build\/BP2A.250605.031.A3; wv) AppleWebKit\/537.36 (KHTML, like Gecko) Version\/4.0 Chrome\/149.0.7827.150 Mobile Safari\/537.36 [FB_IAB\/FB4A;FBAV\/566.0.0.48.73;IABMV\/1;]",
        "externalId": 8694499,
        "fbp": null,
        "fbc": null
    },
    "products": [
        {
            "id": "PROD_6a3c82af2b458",
            "name": "Produto 85",
            "planId": null,
            "planName": null,
            "quantity": 1,
            "priceInCents": "8500"
        }
    ],
    "trackingParameters": {
        "utm_source": "FBjLj6a3c7bb6ef61eb984e88861c",
        "utm_medium": "ADV|120252229293920045",
        "utm_campaign": "CTV 01 PND \u2014 C\u00f3pia|120252229293710045",
        "utm_content": "AD|120252229294580045",
        "utm_term": "Facebook_Mobile_Reels"
    },
    "commission": {
        "totalPriceInCents": "8500",
        "gatewayFeeInCents": 0,
        "userCommissionInCents": "8500"
    },
    "isTest": false
}
----------------------------------------
[2026-06-25 01:21:51] 📤 Dados formatados para Utmify
Dados: {
    "orderId": 8694499,
    "platform": "PayHubr",
    "paymentMethod": "pix",
    "status": "waiting_payment",
    "createdAt": "2026-06-25 01:21:51",
    "approvedDate": null,
    "refundedAt": null,
    "customer": {
        "name": "Jo\u00e3o Silva Silva",
        "email": "jo\u00e3o.silva.silva@email.com",
        "phone": null,
        "document": "04569436927",
        "country": "BR",
        "ip": "78.40.143.130"
    },
    "products": [
        {
            "id": "PROD_6a3c82af2b458",
            "name": "Produto 85",
            "planId": null,
            "planName": null,
            "quantity": 1,
            "priceInCents": "8500"
        }
    ],
    "trackingParameters": {
        "src": null,
        "sck": null,
        "utm_source": "FBjLj6a3c7bb6ef61eb984e88861c",
        "utm_campaign": "CTV 01 PND \u2014 C\u00f3pia|120252229293710045",
        "utm_medium": "ADV|120252229293920045",
        "utm_content": "AD|120252229294580045",
        "utm_term": "Facebook_Mobile_Reels",
        "xcod": null,
        "fbclid": null,
        "gclid": null,
        "ttclid": null
    },
    "commission": {
        "totalPriceInCents": "8500",
        "gatewayFeeInCents": 0,
        "userCommissionInCents": "8500"
    },
    "isTest": false
}
----------------------------------------
[2026-06-25 01:21:51] 📡 Enviando requisição para Utmify
Dados: {
    "url": "https:\/\/api.utmify.com.br\/api-credentials\/orders",
    "headers": [
        "Content-Type: application\/json",
        "x-api-token: [REDACTED]"
    ]
}
----------------------------------------
[2026-06-25 01:21:51] ✅ Resposta da API Utmify
Dados: {
    "http_code": 404,
    "response": {
        "OK": false,
        "data": {
            "type": "API_CREDENTIAL"
        },
        "result": "ERROR",
        "statusCode": 404,
        "message": "API_CREDENTIAL_NOT_FOUND"
    }
}
----------------------------------------
[2026-06-25 01:21:51] ❌ Erro
Dados: {
    "message": "Erro na API Utmify. HTTP Code: 404"
}
----------------------------------------
[2026-06-25 01:22:52] 📥 Dados recebidos do PayHubr
Dados: {
    "raw": "{\"orderId\":8694513,\"platform\":\"MinhaPlataforma\",\"paymentMethod\":\"pix\",\"status\":\"waiting_payment\",\"createdAt\":\"2026-06-24 22:22:51\",\"approvedDate\":null,\"refundedAt\":null,\"customer\":{\"name\":\"Felipe Ribeiro Martins\",\"email\":\"felipe.ribeiro.martins@email.com\",\"phone\":\"11999999999\",\"document\":\"53280618290\",\"country\":\"BR\",\"ip\":\"2804:14c:87ca:cbcc:b5eb:7667:8630:416d\",\"userAgent\":\"Mozilla\\\/5.0 (Linux; Android 14; CPH2669 Build\\\/UP1A.231005.007; wv) AppleWebKit\\\/537.36 (KHTML, like Gecko) Version\\\/4.0 Chrome\\\/149.0.7827.150 Mobile Safari\\\/537.36 [FB_IAB\\\/FB4A;FBAV\\\/566.0.0.48.73;IABMV\\\/1;]\",\"externalId\":8694513,\"fbp\":null,\"fbc\":null},\"products\":[{\"id\":\"PROD_6a3c82ebe22c7\",\"name\":\"Produto 85\",\"planId\":null,\"planName\":null,\"quantity\":1,\"priceInCents\":\"8500\"}],\"trackingParameters\":{\"utm_source\":\"FBjLj6a3c776c37617be68e6521dc\",\"utm_medium\":\"ADV|120252150072880045\",\"utm_campaign\":\"CTV 01 PND \\u2014 C\\u00f3pia|120252150072990045\",\"utm_content\":\"AD|120252150072960045\",\"utm_term\":\"Facebook_Mobile_Feed\"},\"commission\":{\"totalPriceInCents\":\"8500\",\"gatewayFeeInCents\":0,\"userCommissionInCents\":\"8500\"},\"isTest\":false}"
}
----------------------------------------
[2026-06-25 01:22:52] 🔄 Processando dados recebidos
Dados: {
    "orderId": 8694513,
    "platform": "MinhaPlataforma",
    "paymentMethod": "pix",
    "status": "waiting_payment",
    "createdAt": "2026-06-24 22:22:51",
    "approvedDate": null,
    "refundedAt": null,
    "customer": {
        "name": "Felipe Ribeiro Martins",
        "email": "felipe.ribeiro.martins@email.com",
        "phone": "11999999999",
        "document": "53280618290",
        "country": "BR",
        "ip": "2804:14c:87ca:cbcc:b5eb:7667:8630:416d",
        "userAgent": "Mozilla\/5.0 (Linux; Android 14; CPH2669 Build\/UP1A.231005.007; wv) AppleWebKit\/537.36 (KHTML, like Gecko) Version\/4.0 Chrome\/149.0.7827.150 Mobile Safari\/537.36 [FB_IAB\/FB4A;FBAV\/566.0.0.48.73;IABMV\/1;]",
        "externalId": 8694513,
        "fbp": null,
        "fbc": null
    },
    "products": [
        {
            "id": "PROD_6a3c82ebe22c7",
            "name": "Produto 85",
            "planId": null,
            "planName": null,
            "quantity": 1,
            "priceInCents": "8500"
        }
    ],
    "trackingParameters": {
        "utm_source": "FBjLj6a3c776c37617be68e6521dc",
        "utm_medium": "ADV|120252150072880045",
        "utm_campaign": "CTV 01 PND \u2014 C\u00f3pia|120252150072990045",
        "utm_content": "AD|120252150072960045",
        "utm_term": "Facebook_Mobile_Feed"
    },
    "commission": {
        "totalPriceInCents": "8500",
        "gatewayFeeInCents": 0,
        "userCommissionInCents": "8500"
    },
    "isTest": false
}
----------------------------------------
[2026-06-25 01:22:52] 📤 Dados formatados para Utmify
Dados: {
    "orderId": 8694513,
    "platform": "PayHubr",
    "paymentMethod": "pix",
    "status": "waiting_payment",
    "createdAt": "2026-06-25 01:22:52",
    "approvedDate": null,
    "refundedAt": null,
    "customer": {
        "name": "Felipe Ribeiro Martins",
        "email": "felipe.ribeiro.martins@email.com",
        "phone": null,
        "document": "53280618290",
        "country": "BR",
        "ip": "78.40.143.130"
    },
    "products": [
        {
            "id": "PROD_6a3c82ebe22c7",
            "name": "Produto 85",
            "planId": null,
            "planName": null,
            "quantity": 1,
            "priceInCents": "8500"
        }
    ],
    "trackingParameters": {
        "src": null,
        "sck": null,
        "utm_source": "FBjLj6a3c776c37617be68e6521dc",
        "utm_campaign": "CTV 01 PND \u2014 C\u00f3pia|120252150072990045",
        "utm_medium": "ADV|120252150072880045",
        "utm_content": "AD|120252150072960045",
        "utm_term": "Facebook_Mobile_Feed",
        "xcod": null,
        "fbclid": null,
        "gclid": null,
        "ttclid": null
    },
    "commission": {
        "totalPriceInCents": "8500",
        "gatewayFeeInCents": 0,
        "userCommissionInCents": "8500"
    },
    "isTest": false
}
----------------------------------------
[2026-06-25 01:22:52] 📡 Enviando requisição para Utmify
Dados: {
    "url": "https:\/\/api.utmify.com.br\/api-credentials\/orders",
    "headers": [
        "Content-Type: application\/json",
        "x-api-token: [REDACTED]"
    ]
}
----------------------------------------
[2026-06-25 01:22:52] ✅ Resposta da API Utmify
Dados: {
    "http_code": 404,
    "response": {
        "OK": false,
        "data": {
            "type": "API_CREDENTIAL"
        },
        "result": "ERROR",
        "statusCode": 404,
        "message": "API_CREDENTIAL_NOT_FOUND"
    }
}
----------------------------------------
[2026-06-25 01:22:52] ❌ Erro
Dados: {
    "message": "Erro na API Utmify. HTTP Code: 404"
}
----------------------------------------
[2026-06-25 01:23:59] 📥 Dados recebidos do PayHubr
Dados: {
    "raw": "{\"orderId\":8694536,\"platform\":\"MinhaPlataforma\",\"paymentMethod\":\"pix\",\"status\":\"waiting_payment\",\"createdAt\":\"2026-06-24 22:23:59\",\"approvedDate\":null,\"refundedAt\":null,\"customer\":{\"name\":\"Mariana Silva Vieira\",\"email\":\"mariana.silva.vieira@email.com\",\"phone\":\"11999999999\",\"document\":\"77534673798\",\"country\":\"BR\",\"ip\":\"138.97.207.135\",\"userAgent\":\"Mozilla\\\/5.0 (Linux; Android 16; motorola edge 50 neo Build\\\/W1UIS36H.39-17-4; wv) AppleWebKit\\\/537.36 (KHTML, like Gecko) Version\\\/4.0 Chrome\\\/149.0.7827.147 Mobile Safari\\\/537.36 Instagram 434.0.0.44.74 Android (36\\\/16; 450dpi; 1200x2670; motorola; motorola edge 50 neo; vienna; mt6878; pt_BR; 996255556; IABMV\\\/1)\",\"externalId\":8694536,\"fbp\":null,\"fbc\":null},\"products\":[{\"id\":\"PROD_6a3c832f613a5\",\"name\":\"Produto 85\",\"planId\":null,\"planName\":null,\"quantity\":1,\"priceInCents\":\"8500\"}],\"trackingParameters\":{\"utm_source\":\"FBjLj6a3c7e8dc4559fd5ad493917\",\"utm_medium\":\"ADV|120252229293920045\",\"utm_campaign\":\"CTV 01 PND \\u2014 C\\u00f3pia|120252229293710045\",\"utm_content\":\"AD|120252229294580045\",\"utm_term\":\"Instagram_Feed\"},\"commission\":{\"totalPriceInCents\":\"8500\",\"gatewayFeeInCents\":0,\"userCommissionInCents\":\"8500\"},\"isTest\":false}"
}
----------------------------------------
[2026-06-25 01:23:59] 🔄 Processando dados recebidos
Dados: {
    "orderId": 8694536,
    "platform": "MinhaPlataforma",
    "paymentMethod": "pix",
    "status": "waiting_payment",
    "createdAt": "2026-06-24 22:23:59",
    "approvedDate": null,
    "refundedAt": null,
    "customer": {
        "name": "Mariana Silva Vieira",
        "email": "mariana.silva.vieira@email.com",
        "phone": "11999999999",
        "document": "77534673798",
        "country": "BR",
        "ip": "138.97.207.135",
        "userAgent": "Mozilla\/5.0 (Linux; Android 16; motorola edge 50 neo Build\/W1UIS36H.39-17-4; wv) AppleWebKit\/537.36 (KHTML, like Gecko) Version\/4.0 Chrome\/149.0.7827.147 Mobile Safari\/537.36 Instagram 434.0.0.44.74 Android (36\/16; 450dpi; 1200x2670; motorola; motorola edge 50 neo; vienna; mt6878; pt_BR; 996255556; IABMV\/1)",
        "externalId": 8694536,
        "fbp": null,
        "fbc": null
    },
    "products": [
        {
            "id": "PROD_6a3c832f613a5",
            "name": "Produto 85",
            "planId": null,
            "planName": null,
            "quantity": 1,
            "priceInCents": "8500"
        }
    ],
    "trackingParameters": {
        "utm_source": "FBjLj6a3c7e8dc4559fd5ad493917",
        "utm_medium": "ADV|120252229293920045",
        "utm_campaign": "CTV 01 PND \u2014 C\u00f3pia|120252229293710045",
        "utm_content": "AD|120252229294580045",
        "utm_term": "Instagram_Feed"
    },
    "commission": {
        "totalPriceInCents": "8500",
        "gatewayFeeInCents": 0,
        "userCommissionInCents": "8500"
    },
    "isTest": false
}
----------------------------------------
[2026-06-25 01:23:59] 📤 Dados formatados para Utmify
Dados: {
    "orderId": 8694536,
    "platform": "PayHubr",
    "paymentMethod": "pix",
    "status": "waiting_payment",
    "createdAt": "2026-06-25 01:23:59",
    "approvedDate": null,
    "refundedAt": null,
    "customer": {
        "name": "Mariana Silva Vieira",
        "email": "mariana.silva.vieira@email.com",
        "phone": null,
        "document": "77534673798",
        "country": "BR",
        "ip": "78.40.143.130"
    },
    "products": [
        {
            "id": "PROD_6a3c832f613a5",
            "name": "Produto 85",
            "planId": null,
            "planName": null,
            "quantity": 1,
            "priceInCents": "8500"
        }
    ],
    "trackingParameters": {
        "src": null,
        "sck": null,
        "utm_source": "FBjLj6a3c7e8dc4559fd5ad493917",
        "utm_campaign": "CTV 01 PND \u2014 C\u00f3pia|120252229293710045",
        "utm_medium": "ADV|120252229293920045",
        "utm_content": "AD|120252229294580045",
        "utm_term": "Instagram_Feed",
        "xcod": null,
        "fbclid": null,
        "gclid": null,
        "ttclid": null
    },
    "commission": {
        "totalPriceInCents": "8500",
        "gatewayFeeInCents": 0,
        "userCommissionInCents": "8500"
    },
    "isTest": false
}
----------------------------------------
[2026-06-25 01:23:59] 📡 Enviando requisição para Utmify
Dados: {
    "url": "https:\/\/api.utmify.com.br\/api-credentials\/orders",
    "headers": [
        "Content-Type: application\/json",
        "x-api-token: [REDACTED]"
    ]
}
----------------------------------------
[2026-06-25 01:23:59] ✅ Resposta da API Utmify
Dados: {
    "http_code": 404,
    "response": {
        "OK": false,
        "data": {
            "type": "API_CREDENTIAL"
        },
        "result": "ERROR",
        "statusCode": 404,
        "message": "API_CREDENTIAL_NOT_FOUND"
    }
}
----------------------------------------
[2026-06-25 01:23:59] ❌ Erro
Dados: {
    "message": "Erro na API Utmify. HTTP Code: 404"
}
----------------------------------------
[2026-06-25 01:25:51] 📥 Dados recebidos do PayHubr
Dados: {
    "raw": "{\"orderId\":8694575,\"platform\":\"MinhaPlataforma\",\"paymentMethod\":\"pix\",\"status\":\"waiting_payment\",\"createdAt\":\"2026-06-24 22:25:51\",\"approvedDate\":null,\"refundedAt\":null,\"customer\":{\"name\":\"Carlos Rodrigues Oliveira\",\"email\":\"carlos.rodrigues.oliveira@email.com\",\"phone\":\"11999999999\",\"document\":\"66298439404\",\"country\":\"BR\",\"ip\":\"168.90.152.66\",\"userAgent\":\"Mozilla\\\/5.0 (iPhone; CPU iPhone OS 16_7_16 like Mac OS X) AppleWebKit\\\/605.1.15 (KHTML, like Gecko) Mobile\\\/20H392 [FBAN\\\/FBIOS;FBAV\\\/522.0.0.42.99;FBBV\\\/763693145;FBDV\\\/iPhone10,6;FBMD\\\/iPhone;FBSN\\\/iOS;FBSV\\\/16.7.16;FBSS\\\/3;FBID\\\/phone;FBLC\\\/pt_BR;FBOP\\\/5;FBRV\\\/767947278;IABMV\\\/1]\",\"externalId\":8694575,\"fbp\":null,\"fbc\":null},\"products\":[{\"id\":\"PROD_6a3c839f53143\",\"name\":\"Produto 85\",\"planId\":null,\"planName\":null,\"quantity\":1,\"priceInCents\":\"8500\"}],\"trackingParameters\":{\"utm_source\":\"FBjLj6a3c82c773c5c947f1237863\",\"utm_medium\":\"ADV|120247856080810647\",\"utm_campaign\":\"CTV 01 - PND \\u2014 C\\u00f3pia \\u2014 C\\u00f3pia|120247856080940647\",\"utm_content\":\"AD|120247856080960647\",\"utm_term\":\"Facebook_Mobile_Feed\"},\"commission\":{\"totalPriceInCents\":\"8500\",\"gatewayFeeInCents\":0,\"userCommissionInCents\":\"8500\"},\"isTest\":false}"
}
----------------------------------------
[2026-06-25 01:25:51] 🔄 Processando dados recebidos
Dados: {
    "orderId": 8694575,
    "platform": "MinhaPlataforma",
    "paymentMethod": "pix",
    "status": "waiting_payment",
    "createdAt": "2026-06-24 22:25:51",
    "approvedDate": null,
    "refundedAt": null,
    "customer": {
        "name": "Carlos Rodrigues Oliveira",
        "email": "carlos.rodrigues.oliveira@email.com",
        "phone": "11999999999",
        "document": "66298439404",
        "country": "BR",
        "ip": "168.90.152.66",
        "userAgent": "Mozilla\/5.0 (iPhone; CPU iPhone OS 16_7_16 like Mac OS X) AppleWebKit\/605.1.15 (KHTML, like Gecko) Mobile\/20H392 [FBAN\/FBIOS;FBAV\/522.0.0.42.99;FBBV\/763693145;FBDV\/iPhone10,6;FBMD\/iPhone;FBSN\/iOS;FBSV\/16.7.16;FBSS\/3;FBID\/phone;FBLC\/pt_BR;FBOP\/5;FBRV\/767947278;IABMV\/1]",
        "externalId": 8694575,
        "fbp": null,
        "fbc": null
    },
    "products": [
        {
            "id": "PROD_6a3c839f53143",
            "name": "Produto 85",
            "planId": null,
            "planName": null,
            "quantity": 1,
            "priceInCents": "8500"
        }
    ],
    "trackingParameters": {
        "utm_source": "FBjLj6a3c82c773c5c947f1237863",
        "utm_medium": "ADV|120247856080810647",
        "utm_campaign": "CTV 01 - PND \u2014 C\u00f3pia \u2014 C\u00f3pia|120247856080940647",
        "utm_content": "AD|120247856080960647",
        "utm_term": "Facebook_Mobile_Feed"
    },
    "commission": {
        "totalPriceInCents": "8500",
        "gatewayFeeInCents": 0,
        "userCommissionInCents": "8500"
    },
    "isTest": false
}
----------------------------------------
[2026-06-25 01:25:51] 📤 Dados formatados para Utmify
Dados: {
    "orderId": 8694575,
    "platform": "PayHubr",
    "paymentMethod": "pix",
    "status": "waiting_payment",
    "createdAt": "2026-06-25 01:25:51",
    "approvedDate": null,
    "refundedAt": null,
    "customer": {
        "name": "Carlos Rodrigues Oliveira",
        "email": "carlos.rodrigues.oliveira@email.com",
        "phone": null,
        "document": "66298439404",
        "country": "BR",
        "ip": "78.40.143.130"
    },
    "products": [
        {
            "id": "PROD_6a3c839f53143",
            "name": "Produto 85",
            "planId": null,
            "planName": null,
            "quantity": 1,
            "priceInCents": "8500"
        }
    ],
    "trackingParameters": {
        "src": null,
        "sck": null,
        "utm_source": "FBjLj6a3c82c773c5c947f1237863",
        "utm_campaign": "CTV 01 - PND \u2014 C\u00f3pia \u2014 C\u00f3pia|120247856080940647",
        "utm_medium": "ADV|120247856080810647",
        "utm_content": "AD|120247856080960647",
        "utm_term": "Facebook_Mobile_Feed",
        "xcod": null,
        "fbclid": null,
        "gclid": null,
        "ttclid": null
    },
    "commission": {
        "totalPriceInCents": "8500",
        "gatewayFeeInCents": 0,
        "userCommissionInCents": "8500"
    },
    "isTest": false
}
----------------------------------------
[2026-06-25 01:25:51] 📡 Enviando requisição para Utmify
Dados: {
    "url": "https:\/\/api.utmify.com.br\/api-credentials\/orders",
    "headers": [
        "Content-Type: application\/json",
        "x-api-token: [REDACTED]"
    ]
}
----------------------------------------
[2026-06-25 01:25:51] ✅ Resposta da API Utmify
Dados: {
    "http_code": 404,
    "response": {
        "OK": false,
        "data": {
            "type": "API_CREDENTIAL"
        },
        "result": "ERROR",
        "statusCode": 404,
        "message": "API_CREDENTIAL_NOT_FOUND"
    }
}
----------------------------------------
[2026-06-25 01:25:51] ❌ Erro
Dados: {
    "message": "Erro na API Utmify. HTTP Code: 404"
}
----------------------------------------
[2026-06-25 01:33:52] 📥 Dados recebidos do PayHubr
Dados: {
    "raw": "{\"orderId\":8694714,\"platform\":\"MinhaPlataforma\",\"paymentMethod\":\"pix\",\"status\":\"waiting_payment\",\"createdAt\":\"2026-06-24 22:33:51\",\"approvedDate\":null,\"refundedAt\":null,\"customer\":{\"name\":\"Rafael Santos Ferreira\",\"email\":\"rafael.santos.ferreira@email.com\",\"phone\":\"11999999999\",\"document\":\"37209794077\",\"country\":\"BR\",\"ip\":\"2804:33cc:1403:8900:4573:f9ad:f676:7bae\",\"userAgent\":\"Mozilla\\\/5.0 (iPhone; CPU iPhone OS 18_7 like Mac OS X) AppleWebKit\\\/605.1.15 (KHTML, like Gecko) Version\\\/26.5 Mobile\\\/15E148 Safari\\\/604.1\",\"externalId\":8694714,\"fbp\":null,\"fbc\":null},\"products\":[{\"id\":\"PROD_6a3c857fd0a88\",\"name\":\"Produto 85\",\"planId\":null,\"planName\":null,\"quantity\":1,\"priceInCents\":\"8500\"}],\"trackingParameters\":{\"utm_source\":\"organic\"},\"commission\":{\"totalPriceInCents\":\"8500\",\"gatewayFeeInCents\":0,\"userCommissionInCents\":\"8500\"},\"isTest\":false}"
}
----------------------------------------
[2026-06-25 01:33:52] 🔄 Processando dados recebidos
Dados: {
    "orderId": 8694714,
    "platform": "MinhaPlataforma",
    "paymentMethod": "pix",
    "status": "waiting_payment",
    "createdAt": "2026-06-24 22:33:51",
    "approvedDate": null,
    "refundedAt": null,
    "customer": {
        "name": "Rafael Santos Ferreira",
        "email": "rafael.santos.ferreira@email.com",
        "phone": "11999999999",
        "document": "37209794077",
        "country": "BR",
        "ip": "2804:33cc:1403:8900:4573:f9ad:f676:7bae",
        "userAgent": "Mozilla\/5.0 (iPhone; CPU iPhone OS 18_7 like Mac OS X) AppleWebKit\/605.1.15 (KHTML, like Gecko) Version\/26.5 Mobile\/15E148 Safari\/604.1",
        "externalId": 8694714,
        "fbp": null,
        "fbc": null
    },
    "products": [
        {
            "id": "PROD_6a3c857fd0a88",
            "name": "Produto 85",
            "planId": null,
            "planName": null,
            "quantity": 1,
            "priceInCents": "8500"
        }
    ],
    "trackingParameters": {
        "utm_source": "organic"
    },
    "commission": {
        "totalPriceInCents": "8500",
        "gatewayFeeInCents": 0,
        "userCommissionInCents": "8500"
    },
    "isTest": false
}
----------------------------------------
[2026-06-25 01:33:52] 📤 Dados formatados para Utmify
Dados: {
    "orderId": 8694714,
    "platform": "PayHubr",
    "paymentMethod": "pix",
    "status": "waiting_payment",
    "createdAt": "2026-06-25 01:33:52",
    "approvedDate": null,
    "refundedAt": null,
    "customer": {
        "name": "Rafael Santos Ferreira",
        "email": "rafael.santos.ferreira@email.com",
        "phone": null,
        "document": "37209794077",
        "country": "BR",
        "ip": "78.40.143.130"
    },
    "products": [
        {
            "id": "PROD_6a3c857fd0a88",
            "name": "Produto 85",
            "planId": null,
            "planName": null,
            "quantity": 1,
            "priceInCents": "8500"
        }
    ],
    "trackingParameters": {
        "src": null,
        "sck": null,
        "utm_source": "organic",
        "utm_campaign": null,
        "utm_medium": null,
        "utm_content": null,
        "utm_term": null,
        "xcod": null,
        "fbclid": null,
        "gclid": null,
        "ttclid": null
    },
    "commission": {
        "totalPriceInCents": "8500",
        "gatewayFeeInCents": 0,
        "userCommissionInCents": "8500"
    },
    "isTest": false
}
----------------------------------------
[2026-06-25 01:33:52] 📡 Enviando requisição para Utmify
Dados: {
    "url": "https:\/\/api.utmify.com.br\/api-credentials\/orders",
    "headers": [
        "Content-Type: application\/json",
        "x-api-token: [REDACTED]"
    ]
}
----------------------------------------
[2026-06-25 01:33:52] ✅ Resposta da API Utmify
Dados: {
    "http_code": 404,
    "response": {
        "OK": false,
        "data": {
            "type": "API_CREDENTIAL"
        },
        "result": "ERROR",
        "statusCode": 404,
        "message": "API_CREDENTIAL_NOT_FOUND"
    }
}
----------------------------------------
[2026-06-25 01:33:52] ❌ Erro
Dados: {
    "message": "Erro na API Utmify. HTTP Code: 404"
}
----------------------------------------
[2026-06-25 01:34:44] 📥 Dados recebidos do PayHubr
Dados: {
    "raw": "{\"orderId\":8694725,\"platform\":\"MinhaPlataforma\",\"paymentMethod\":\"pix\",\"status\":\"waiting_payment\",\"createdAt\":\"2026-06-24 22:34:43\",\"approvedDate\":null,\"refundedAt\":null,\"customer\":{\"name\":\"Laura Ferreira Santos\",\"email\":\"laura.ferreira.santos@email.com\",\"phone\":\"11999999999\",\"document\":\"15994473391\",\"country\":\"BR\",\"ip\":\"2a09:bac5:dce:297d::422:47\",\"userAgent\":\"Mozilla\\\/5.0 (Windows NT 10.0; Win64; x64) AppleWebKit\\\/537.36 (KHTML, like Gecko) Chrome\\\/148.0.0.0 Safari\\\/537.36 OPR\\\/132.0.0.0\",\"externalId\":8694725,\"fbp\":null,\"fbc\":null},\"products\":[{\"id\":\"PROD_6a3c85b3f3886\",\"name\":\"Produto 85\",\"planId\":null,\"planName\":null,\"quantity\":1,\"priceInCents\":\"8500\"}],\"trackingParameters\":[],\"commission\":{\"totalPriceInCents\":\"8500\",\"gatewayFeeInCents\":0,\"userCommissionInCents\":\"8500\"},\"isTest\":false}"
}
----------------------------------------
[2026-06-25 01:34:44] 🔄 Processando dados recebidos
Dados: {
    "orderId": 8694725,
    "platform": "MinhaPlataforma",
    "paymentMethod": "pix",
    "status": "waiting_payment",
    "createdAt": "2026-06-24 22:34:43",
    "approvedDate": null,
    "refundedAt": null,
    "customer": {
        "name": "Laura Ferreira Santos",
        "email": "laura.ferreira.santos@email.com",
        "phone": "11999999999",
        "document": "15994473391",
        "country": "BR",
        "ip": "2a09:bac5:dce:297d::422:47",
        "userAgent": "Mozilla\/5.0 (Windows NT 10.0; Win64; x64) AppleWebKit\/537.36 (KHTML, like Gecko) Chrome\/148.0.0.0 Safari\/537.36 OPR\/132.0.0.0",
        "externalId": 8694725,
        "fbp": null,
        "fbc": null
    },
    "products": [
        {
            "id": "PROD_6a3c85b3f3886",
            "name": "Produto 85",
            "planId": null,
            "planName": null,
            "quantity": 1,
            "priceInCents": "8500"
        }
    ],
    "trackingParameters": [],
    "commission": {
        "totalPriceInCents": "8500",
        "gatewayFeeInCents": 0,
        "userCommissionInCents": "8500"
    },
    "isTest": false
}
----------------------------------------
[2026-06-25 01:34:44] 📤 Dados formatados para Utmify
Dados: {
    "orderId": 8694725,
    "platform": "PayHubr",
    "paymentMethod": "pix",
    "status": "waiting_payment",
    "createdAt": "2026-06-25 01:34:44",
    "approvedDate": null,
    "refundedAt": null,
    "customer": {
        "name": "Laura Ferreira Santos",
        "email": "laura.ferreira.santos@email.com",
        "phone": null,
        "document": "15994473391",
        "country": "BR",
        "ip": "78.40.143.130"
    },
    "products": [
        {
            "id": "PROD_6a3c85b3f3886",
            "name": "Produto 85",
            "planId": null,
            "planName": null,
            "quantity": 1,
            "priceInCents": "8500"
        }
    ],
    "trackingParameters": {
        "src": null,
        "sck": null,
        "utm_source": null,
        "utm_campaign": null,
        "utm_medium": null,
        "utm_content": null,
        "utm_term": null,
        "xcod": null,
        "fbclid": null,
        "gclid": null,
        "ttclid": null
    },
    "commission": {
        "totalPriceInCents": "8500",
        "gatewayFeeInCents": 0,
        "userCommissionInCents": "8500"
    },
    "isTest": false
}
----------------------------------------
[2026-06-25 01:34:44] 📡 Enviando requisição para Utmify
Dados: {
    "url": "https:\/\/api.utmify.com.br\/api-credentials\/orders",
    "headers": [
        "Content-Type: application\/json",
        "x-api-token: [REDACTED]"
    ]
}
----------------------------------------
[2026-06-25 01:34:44] ✅ Resposta da API Utmify
Dados: {
    "http_code": 404,
    "response": {
        "OK": false,
        "data": {
            "type": "API_CREDENTIAL"
        },
        "result": "ERROR",
        "statusCode": 404,
        "message": "API_CREDENTIAL_NOT_FOUND"
    }
}
----------------------------------------
[2026-06-25 01:34:44] ❌ Erro
Dados: {
    "message": "Erro na API Utmify. HTTP Code: 404"
}
----------------------------------------
[2026-06-25 01:41:18] 📥 Dados recebidos do PayHubr
Dados: {
    "raw": "{\"orderId\":8694837,\"platform\":\"MinhaPlataforma\",\"paymentMethod\":\"pix\",\"status\":\"waiting_payment\",\"createdAt\":\"2026-06-24 22:41:18\",\"approvedDate\":null,\"refundedAt\":null,\"customer\":{\"name\":\"Matheus Pereira Martins\",\"email\":\"matheus.pereira.martins@email.com\",\"phone\":\"11999999999\",\"document\":\"76140628768\",\"country\":\"BR\",\"ip\":\"2804:c90:f420:f900:e1f6:ab18:225e:4248\",\"userAgent\":\"Mozilla\\\/5.0 (Linux; Android 14; 24117RN76L Build\\\/UP1A.231005.007; wv) AppleWebKit\\\/537.36 (KHTML, like Gecko) Version\\\/4.0 Chrome\\\/149.0.7827.150 Mobile Safari\\\/537.36 [FB_IAB\\\/FB4A;FBAV\\\/566.0.0.48.73;IABMV\\\/1;]\",\"externalId\":8694837,\"fbp\":null,\"fbc\":null},\"products\":[{\"id\":\"PROD_6a3c873ec7ee8\",\"name\":\"Produto 85\",\"planId\":null,\"planName\":null,\"quantity\":1,\"priceInCents\":\"8500\"}],\"trackingParameters\":{\"utm_source\":\"FBjLj6a3c858988be114dbd2ccb74\",\"utm_medium\":\"ADV|120252229293970045\",\"utm_campaign\":\"CTV 11 PND \\u2014 C\\u00f3pia \\u2014 C\\u00f3pia|120252229294320045\",\"utm_content\":\"AD|120252229293810045\",\"utm_term\":\"Facebook_Mobile_Reels\"},\"commission\":{\"totalPriceInCents\":\"8500\",\"gatewayFeeInCents\":0,\"userCommissionInCents\":\"8500\"},\"isTest\":false}"
}
----------------------------------------
[2026-06-25 01:41:18] 🔄 Processando dados recebidos
Dados: {
    "orderId": 8694837,
    "platform": "MinhaPlataforma",
    "paymentMethod": "pix",
    "status": "waiting_payment",
    "createdAt": "2026-06-24 22:41:18",
    "approvedDate": null,
    "refundedAt": null,
    "customer": {
        "name": "Matheus Pereira Martins",
        "email": "matheus.pereira.martins@email.com",
        "phone": "11999999999",
        "document": "76140628768",
        "country": "BR",
        "ip": "2804:c90:f420:f900:e1f6:ab18:225e:4248",
        "userAgent": "Mozilla\/5.0 (Linux; Android 14; 24117RN76L Build\/UP1A.231005.007; wv) AppleWebKit\/537.36 (KHTML, like Gecko) Version\/4.0 Chrome\/149.0.7827.150 Mobile Safari\/537.36 [FB_IAB\/FB4A;FBAV\/566.0.0.48.73;IABMV\/1;]",
        "externalId": 8694837,
        "fbp": null,
        "fbc": null
    },
    "products": [
        {
            "id": "PROD_6a3c873ec7ee8",
            "name": "Produto 85",
            "planId": null,
            "planName": null,
            "quantity": 1,
            "priceInCents": "8500"
        }
    ],
    "trackingParameters": {
        "utm_source": "FBjLj6a3c858988be114dbd2ccb74",
        "utm_medium": "ADV|120252229293970045",
        "utm_campaign": "CTV 11 PND \u2014 C\u00f3pia \u2014 C\u00f3pia|120252229294320045",
        "utm_content": "AD|120252229293810045",
        "utm_term": "Facebook_Mobile_Reels"
    },
    "commission": {
        "totalPriceInCents": "8500",
        "gatewayFeeInCents": 0,
        "userCommissionInCents": "8500"
    },
    "isTest": false
}
----------------------------------------
[2026-06-25 01:41:18] 📤 Dados formatados para Utmify
Dados: {
    "orderId": 8694837,
    "platform": "PayHubr",
    "paymentMethod": "pix",
    "status": "waiting_payment",
    "createdAt": "2026-06-25 01:41:18",
    "approvedDate": null,
    "refundedAt": null,
    "customer": {
        "name": "Matheus Pereira Martins",
        "email": "matheus.pereira.martins@email.com",
        "phone": null,
        "document": "76140628768",
        "country": "BR",
        "ip": "78.40.143.130"
    },
    "products": [
        {
            "id": "PROD_6a3c873ec7ee8",
            "name": "Produto 85",
            "planId": null,
            "planName": null,
            "quantity": 1,
            "priceInCents": "8500"
        }
    ],
    "trackingParameters": {
        "src": null,
        "sck": null,
        "utm_source": "FBjLj6a3c858988be114dbd2ccb74",
        "utm_campaign": "CTV 11 PND \u2014 C\u00f3pia \u2014 C\u00f3pia|120252229294320045",
        "utm_medium": "ADV|120252229293970045",
        "utm_content": "AD|120252229293810045",
        "utm_term": "Facebook_Mobile_Reels",
        "xcod": null,
        "fbclid": null,
        "gclid": null,
        "ttclid": null
    },
    "commission": {
        "totalPriceInCents": "8500",
        "gatewayFeeInCents": 0,
        "userCommissionInCents": "8500"
    },
    "isTest": false
}
----------------------------------------
[2026-06-25 01:41:18] 📡 Enviando requisição para Utmify
Dados: {
    "url": "https:\/\/api.utmify.com.br\/api-credentials\/orders",
    "headers": [
        "Content-Type: application\/json",
        "x-api-token: [REDACTED]"
    ]
}
----------------------------------------
[2026-06-25 01:41:19] ✅ Resposta da API Utmify
Dados: {
    "http_code": 404,
    "response": {
        "OK": false,
        "data": {
            "type": "API_CREDENTIAL"
        },
        "result": "ERROR",
        "statusCode": 404,
        "message": "API_CREDENTIAL_NOT_FOUND"
    }
}
----------------------------------------
[2026-06-25 01:41:19] ❌ Erro
Dados: {
    "message": "Erro na API Utmify. HTTP Code: 404"
}
----------------------------------------
[2026-06-25 01:54:45] 📥 Dados recebidos do PayHubr
Dados: {
    "raw": "{\"orderId\":8695053,\"platform\":\"MinhaPlataforma\",\"paymentMethod\":\"pix\",\"status\":\"waiting_payment\",\"createdAt\":\"2026-06-24 22:54:45\",\"approvedDate\":null,\"refundedAt\":null,\"customer\":{\"name\":\"Gustavo Lopes Gomes\",\"email\":\"gustavo.lopes.gomes@email.com\",\"phone\":\"11999999999\",\"document\":\"44634482800\",\"country\":\"BR\",\"ip\":\"167.114.3.106\",\"userAgent\":\"Mozilla\\\/5.0 (Windows NT 10.0; Win64; x64) AppleWebKit\\\/537.36 (KHTML, like Gecko) Chrome\\\/102.0.0.0 Safari\\\/537.36\",\"externalId\":8695053,\"fbp\":null,\"fbc\":null},\"products\":[{\"id\":\"PROD_6a3c8a65d80cb\",\"name\":\"Produto 85\",\"planId\":null,\"planName\":null,\"quantity\":1,\"priceInCents\":\"8500\"}],\"trackingParameters\":[],\"commission\":{\"totalPriceInCents\":\"8500\",\"gatewayFeeInCents\":0,\"userCommissionInCents\":\"8500\"},\"isTest\":false}"
}
----------------------------------------
[2026-06-25 01:54:45] 🔄 Processando dados recebidos
Dados: {
    "orderId": 8695053,
    "platform": "MinhaPlataforma",
    "paymentMethod": "pix",
    "status": "waiting_payment",
    "createdAt": "2026-06-24 22:54:45",
    "approvedDate": null,
    "refundedAt": null,
    "customer": {
        "name": "Gustavo Lopes Gomes",
        "email": "gustavo.lopes.gomes@email.com",
        "phone": "11999999999",
        "document": "44634482800",
        "country": "BR",
        "ip": "167.114.3.106",
        "userAgent": "Mozilla\/5.0 (Windows NT 10.0; Win64; x64) AppleWebKit\/537.36 (KHTML, like Gecko) Chrome\/102.0.0.0 Safari\/537.36",
        "externalId": 8695053,
        "fbp": null,
        "fbc": null
    },
    "products": [
        {
            "id": "PROD_6a3c8a65d80cb",
            "name": "Produto 85",
            "planId": null,
            "planName": null,
            "quantity": 1,
            "priceInCents": "8500"
        }
    ],
    "trackingParameters": [],
    "commission": {
        "totalPriceInCents": "8500",
        "gatewayFeeInCents": 0,
        "userCommissionInCents": "8500"
    },
    "isTest": false
}
----------------------------------------
[2026-06-25 01:54:45] 📤 Dados formatados para Utmify
Dados: {
    "orderId": 8695053,
    "platform": "PayHubr",
    "paymentMethod": "pix",
    "status": "waiting_payment",
    "createdAt": "2026-06-25 01:54:45",
    "approvedDate": null,
    "refundedAt": null,
    "customer": {
        "name": "Gustavo Lopes Gomes",
        "email": "gustavo.lopes.gomes@email.com",
        "phone": null,
        "document": "44634482800",
        "country": "BR",
        "ip": "78.40.143.130"
    },
    "products": [
        {
            "id": "PROD_6a3c8a65d80cb",
            "name": "Produto 85",
            "planId": null,
            "planName": null,
            "quantity": 1,
            "priceInCents": "8500"
        }
    ],
    "trackingParameters": {
        "src": null,
        "sck": null,
        "utm_source": null,
        "utm_campaign": null,
        "utm_medium": null,
        "utm_content": null,
        "utm_term": null,
        "xcod": null,
        "fbclid": null,
        "gclid": null,
        "ttclid": null
    },
    "commission": {
        "totalPriceInCents": "8500",
        "gatewayFeeInCents": 0,
        "userCommissionInCents": "8500"
    },
    "isTest": false
}
----------------------------------------
[2026-06-25 01:54:45] 📡 Enviando requisição para Utmify
Dados: {
    "url": "https:\/\/api.utmify.com.br\/api-credentials\/orders",
    "headers": [
        "Content-Type: application\/json",
        "x-api-token: [REDACTED]"
    ]
}
----------------------------------------
[2026-06-25 01:54:46] ✅ Resposta da API Utmify
Dados: {
    "http_code": 404,
    "response": {
        "OK": false,
        "data": {
            "type": "API_CREDENTIAL"
        },
        "result": "ERROR",
        "statusCode": 404,
        "message": "API_CREDENTIAL_NOT_FOUND"
    }
}
----------------------------------------
[2026-06-25 01:54:46] ❌ Erro
Dados: {
    "message": "Erro na API Utmify. HTTP Code: 404"
}
----------------------------------------
